subset,protocol,method,seed,metric,variable,value,metrics_path,predictions_path,config_path
multi-partial,standard,conv_decoder,0,rmse,surface_temperature,12.601461410522461,results/models/multi-partial/conv_decoder/metrics_standard.json,results/models/multi-partial/conv_decoder/predictions.npz,results/models/multi-partial/conv_decoder/config.json
multi-partial,standard,conv_decoder,0,rmse,temperature,10.01468915939331,results/models/multi-partial/conv_decoder/metrics_standard.json,results/models/multi-partial/conv_decoder/predictions.npz,results/models/multi-partial/conv_decoder/config.json
multi-partial,standard,conv_decoder,0,rmse,specific_humidity_dex,0.514857617020607,results/models/multi-partial/conv_decoder/metrics_standard.json,results/models/multi-partial/conv_decoder/predictions.npz,results/models/multi-partial/conv_decoder/config.json
multi-partial,standard,conv_decoder,0,rmse,cloud_fraction,0.08220121301710606,results/models/multi-partial/conv_decoder/metrics_standard.json,results/models/multi-partial/conv_decoder/predictions.npz,results/models/multi-partial/conv_decoder/config.json
multi-partial,standard,conv_decoder,0,rmse,u,9.90478286743164,results/models/multi-partial/conv_decoder/metrics_standard.json,results/models/multi-partial/conv_decoder/predictions.npz,results/models/multi-partial/conv_decoder/config.json
multi-partial,standard,conv_decoder,0,rmse,v,3.9120230436325074,results/models/multi-partial/conv_decoder/metrics_standard.json,results/models/multi-partial/conv_decoder/predictions.npz,results/models/multi-partial/conv_decoder/config.json
multi-partial,standard,conv_decoder,0,rmse,asr,37.149436950683594,results/models/multi-partial/conv_decoder/metrics_standard.json,results/models/multi-partial/conv_decoder/predictions.npz,results/models/multi-partial/conv_decoder/config.json
multi-partial,standard,conv_decoder,0,rmse,olr,17.370330810546875,results/models/multi-partial/conv_decoder/metrics_standard.json,results/models/multi-partial/conv_decoder/predictions.npz,results/models/multi-partial/conv_decoder/config.json
multi-partial,standard,conv_decoder,0,acc,surface_temperature,0.9352974891662598,results/models/multi-partial/conv_decoder/metrics_standard.json,results/models/multi-partial/conv_decoder/predictions.npz,results/models/multi-partial/conv_decoder/config.json
multi-partial,standard,conv_decoder,0,acc,temperature,0.5045892670750618,results/models/multi-partial/conv_decoder/metrics_standard.json,results/models/multi-partial/conv_decoder/predictions.npz,results/models/multi-partial/conv_decoder/config.json
multi-partial,standard,conv_decoder,0,acc,specific_humidity_dex,0.6490643963217735,results/models/multi-partial/conv_decoder/metrics_standard.json,results/models/multi-partial/conv_decoder/predictions.npz,results/models/multi-partial/conv_decoder/config.json
multi-partial,standard,conv_decoder,0,acc,cloud_fraction,0.6911675453186035,results/models/multi-partial/conv_decoder/metrics_standard.json,results/models/multi-partial/conv_decoder/predictions.npz,results/models/multi-partial/conv_decoder/config.json
multi-partial,standard,conv_decoder,0,acc,u,0.6824328660964966,results/models/multi-partial/conv_decoder/metrics_standard.json,results/models/multi-partial/conv_decoder/predictions.npz,results/models/multi-partial/conv_decoder/config.json
multi-partial,standard,conv_decoder,0,acc,v,0.6949334800243377,results/models/multi-partial/conv_decoder/metrics_standard.json,results/models/multi-partial/conv_decoder/predictions.npz,results/models/multi-partial/conv_decoder/config.json
multi-partial,standard,conv_decoder,0,acc,asr,0.9933544993400574,results/models/multi-partial/conv_decoder/metrics_standard.json,results/models/multi-partial/conv_decoder/predictions.npz,results/models/multi-partial/conv_decoder/config.json
multi-partial,standard,conv_decoder,0,acc,olr,0.8702170848846436,results/models/multi-partial/conv_decoder/metrics_standard.json,results/models/multi-partial/conv_decoder/predictions.npz,results/models/multi-partial/conv_decoder/config.json
multi-partial,standard,conv_decoder,0,ramse,surface_temperature,13.199007987976074,results/models/multi-partial/conv_decoder/metrics_standard.json,results/models/multi-partial/conv_decoder/predictions.npz,results/models/multi-partial/conv_decoder/config.json
multi-partial,standard,conv_decoder,0,ramse,temperature,11.161248397827148,results/models/multi-partial/conv_decoder/metrics_standard.json,results/models/multi-partial/conv_decoder/predictions.npz,results/models/multi-partial/conv_decoder/config.json
multi-partial,standard,conv_decoder,0,ramse,specific_humidity_dex,0.5732136726379394,results/models/multi-partial/conv_decoder/metrics_standard.json,results/models/multi-partial/conv_decoder/predictions.npz,results/models/multi-partial/conv_decoder/config.json
multi-partial,standard,conv_decoder,0,ramse,cloud_fraction,0.09497726671397685,results/models/multi-partial/conv_decoder/metrics_standard.json,results/models/multi-partial/conv_decoder/predictions.npz,results/models/multi-partial/conv_decoder/config.json
multi-partial,standard,conv_decoder,0,ramse,u,12.07830364704132,results/models/multi-partial/conv_decoder/metrics_standard.json,results/models/multi-partial/conv_decoder/predictions.npz,results/models/multi-partial/conv_decoder/config.json
multi-partial,standard,conv_decoder,0,ramse,v,4.644558715820312,results/models/multi-partial/conv_decoder/metrics_standard.json,results/models/multi-partial/conv_decoder/predictions.npz,results/models/multi-partial/conv_decoder/config.json
multi-partial,standard,conv_decoder,0,ramse,asr,39.65610122680664,results/models/multi-partial/conv_decoder/metrics_standard.json,results/models/multi-partial/conv_decoder/predictions.npz,results/models/multi-partial/conv_decoder/config.json
multi-partial,standard,conv_decoder,0,ramse,olr,18.78583335876465,results/models/multi-partial/conv_decoder/metrics_standard.json,results/models/multi-partial/conv_decoder/predictions.npz,results/models/multi-partial/conv_decoder/config.json
multi-partial,shared_planets,conv_decoder,0,relative_rmse,surface_temperature,1.0683164596557617,results/models/multi-partial/conv_decoder/metrics_shared_planets.json,results/models/multi-partial/conv_decoder/predictions_shared_planets.npz,results/models/multi-partial/conv_decoder/config.json
multi-partial,shared_planets,conv_decoder,0,relative_rmse,temperature,0.8853810429573059,results/models/multi-partial/conv_decoder/metrics_shared_planets.json,results/models/multi-partial/conv_decoder/predictions_shared_planets.npz,results/models/multi-partial/conv_decoder/config.json
multi-partial,shared_planets,conv_decoder,0,relative_rmse,specific_humidity_dex,0.8435068130493164,results/models/multi-partial/conv_decoder/metrics_shared_planets.json,results/models/multi-partial/conv_decoder/predictions_shared_planets.npz,results/models/multi-partial/conv_decoder/config.json
multi-partial,shared_planets,conv_decoder,0,relative_rmse,cloud_fraction,0.6051378846168518,results/models/multi-partial/conv_decoder/metrics_shared_planets.json,results/models/multi-partial/conv_decoder/predictions_shared_planets.npz,results/models/multi-partial/conv_decoder/config.json
multi-partial,shared_planets,conv_decoder,0,relative_rmse,u,0.7718861103057861,results/models/multi-partial/conv_decoder/metrics_shared_planets.json,results/models/multi-partial/conv_decoder/predictions_shared_planets.npz,results/models/multi-partial/conv_decoder/config.json
multi-partial,shared_planets,conv_decoder,0,relative_rmse,v,0.7119306325912476,results/models/multi-partial/conv_decoder/metrics_shared_planets.json,results/models/multi-partial/conv_decoder/predictions_shared_planets.npz,results/models/multi-partial/conv_decoder/config.json
multi-partial,shared_planets,conv_decoder,0,relative_rmse,asr,1.009531021118164,results/models/multi-partial/conv_decoder/metrics_shared_planets.json,results/models/multi-partial/conv_decoder/predictions_shared_planets.npz,results/models/multi-partial/conv_decoder/config.json
multi-partial,shared_planets,conv_decoder,0,relative_rmse,olr,0.7282606363296509,results/models/multi-partial/conv_decoder/metrics_shared_planets.json,results/models/multi-partial/conv_decoder/predictions_shared_planets.npz,results/models/multi-partial/conv_decoder/config.json
multi-partial,shared_planets,conv_decoder,0,relative_acc,surface_temperature,1.018730640411377,results/models/multi-partial/conv_decoder/metrics_shared_planets.json,results/models/multi-partial/conv_decoder/predictions_shared_planets.npz,results/models/multi-partial/conv_decoder/config.json
multi-partial,shared_planets,conv_decoder,0,relative_acc,temperature,4.200046062469482,results/models/multi-partial/conv_decoder/metrics_shared_planets.json,results/models/multi-partial/conv_decoder/predictions_shared_planets.npz,results/models/multi-partial/conv_decoder/config.json
multi-partial,shared_planets,conv_decoder,0,relative_acc,specific_humidity_dex,1.0918354988098145,results/models/multi-partial/conv_decoder/metrics_shared_planets.json,results/models/multi-partial/conv_decoder/predictions_shared_planets.npz,results/models/multi-partial/conv_decoder/config.json
multi-partial,shared_planets,conv_decoder,0,relative_acc,cloud_fraction,1.470292329788208,results/models/multi-partial/conv_decoder/metrics_shared_planets.json,results/models/multi-partial/conv_decoder/predictions_shared_planets.npz,results/models/multi-partial/conv_decoder/config.json
multi-partial,shared_planets,conv_decoder,0,relative_acc,u,3.4505016803741455,results/models/multi-partial/conv_decoder/metrics_shared_planets.json,results/models/multi-partial/conv_decoder/predictions_shared_planets.npz,results/models/multi-partial/conv_decoder/config.json
multi-partial,shared_planets,conv_decoder,0,relative_acc,v,1.3025012016296387,results/models/multi-partial/conv_decoder/metrics_shared_planets.json,results/models/multi-partial/conv_decoder/predictions_shared_planets.npz,results/models/multi-partial/conv_decoder/config.json
multi-partial,shared_planets,conv_decoder,0,relative_acc,asr,1.001754641532898,results/models/multi-partial/conv_decoder/metrics_shared_planets.json,results/models/multi-partial/conv_decoder/predictions_shared_planets.npz,results/models/multi-partial/conv_decoder/config.json
multi-partial,shared_planets,conv_decoder,0,relative_acc,olr,1.1488927602767944,results/models/multi-partial/conv_decoder/metrics_shared_planets.json,results/models/multi-partial/conv_decoder/predictions_shared_planets.npz,results/models/multi-partial/conv_decoder/config.json
multi-partial,standard,conv_decoder,1,rmse,surface_temperature,12.908943176269531,,,
multi-partial,standard,conv_decoder,1,rmse,temperature,9.863454437255859,,,
multi-partial,standard,conv_decoder,1,rmse,specific_humidity_dex,0.514927989244461,,,
multi-partial,standard,conv_decoder,1,rmse,cloud_fraction,0.08047343380749225,,,
multi-partial,standard,conv_decoder,1,rmse,u,9.712884020805358,,,
multi-partial,standard,conv_decoder,1,rmse,v,4.119902110099792,,,
multi-partial,standard,conv_decoder,1,rmse,asr,36.768402099609375,,,
multi-partial,standard,conv_decoder,1,rmse,olr,17.92325210571289,,,
multi-partial,standard,conv_decoder,1,acc,surface_temperature,0.9392879605293274,,,
multi-partial,standard,conv_decoder,1,acc,temperature,0.49394050389528277,,,
multi-partial,standard,conv_decoder,1,acc,specific_humidity_dex,0.6601589880883694,,,
multi-partial,standard,conv_decoder,1,acc,cloud_fraction,0.6943460062146187,,,
multi-partial,standard,conv_decoder,1,acc,u,0.6812188446521759,,,
multi-partial,standard,conv_decoder,1,acc,v,0.6819529920816422,,,
multi-partial,standard,conv_decoder,1,acc,asr,0.9932389259338379,,,
multi-partial,standard,conv_decoder,1,acc,olr,0.8704904317855835,,,
multi-partial,standard,conv_decoder,1,ramse,surface_temperature,13.48753833770752,,,
multi-partial,standard,conv_decoder,1,ramse,temperature,10.985716629028321,,,
multi-partial,standard,conv_decoder,1,ramse,specific_humidity_dex,0.5691060781478882,,,
multi-partial,standard,conv_decoder,1,ramse,cloud_fraction,0.09344950392842293,,,
multi-partial,standard,conv_decoder,1,ramse,u,11.660464406013489,,,
multi-partial,standard,conv_decoder,1,ramse,v,4.909903836250305,,,
multi-partial,standard,conv_decoder,1,ramse,asr,39.00423049926758,,,
multi-partial,standard,conv_decoder,1,ramse,olr,19.509450912475586,,,
multi-partial,shared_planets,conv_decoder,1,relative_rmse,surface_temperature,0.9769411087036133,,,
multi-partial,shared_planets,conv_decoder,1,relative_rmse,temperature,0.8580049276351929,,,
multi-partial,shared_planets,conv_decoder,1,relative_rmse,specific_humidity_dex,0.8452984690666199,,,
multi-partial,shared_planets,conv_decoder,1,relative_rmse,cloud_fraction,0.593008816242218,,,
multi-partial,shared_planets,conv_decoder,1,relative_rmse,u,0.7370316982269287,,,
multi-partial,shared_planets,conv_decoder,1,relative_rmse,v,0.7235162854194641,,,
multi-partial,shared_planets,conv_decoder,1,relative_rmse,asr,1.0370941162109375,,,
multi-partial,shared_planets,conv_decoder,1,relative_rmse,olr,0.7361897826194763,,,
multi-partial,shared_planets,conv_decoder,1,relative_acc,surface_temperature,1.0185565948486328,,,
multi-partial,shared_planets,conv_decoder,1,relative_acc,temperature,3.419302463531494,,,
multi-partial,shared_planets,conv_decoder,1,relative_acc,specific_humidity_dex,1.1024959087371826,,,
multi-partial,shared_planets,conv_decoder,1,relative_acc,cloud_fraction,1.453148603439331,,,
multi-partial,shared_planets,conv_decoder,1,relative_acc,u,3.41929030418396,,,
multi-partial,shared_planets,conv_decoder,1,relative_acc,v,1.2187886238098145,,,
multi-partial,shared_planets,conv_decoder,1,relative_acc,asr,1.0009264945983887,,,
multi-partial,shared_planets,conv_decoder,1,relative_acc,olr,1.1435753107070923,,,
multi-partial,standard,conv_decoder,2,rmse,surface_temperature,13.832898139953613,,,
multi-partial,standard,conv_decoder,2,rmse,temperature,10.566980743408203,,,
multi-partial,standard,conv_decoder,2,rmse,specific_humidity_dex,0.5425703763961792,,,
multi-partial,standard,conv_decoder,2,rmse,cloud_fraction,0.08442971855401993,,,
multi-partial,standard,conv_decoder,2,rmse,u,10.757404661178589,,,
multi-partial,standard,conv_decoder,2,rmse,v,4.24576461315155,,,
multi-partial,standard,conv_decoder,2,rmse,asr,36.75337219238281,,,
multi-partial,standard,conv_decoder,2,rmse,olr,18.89510726928711,,,
multi-partial,standard,conv_decoder,2,acc,surface_temperature,0.9119899272918701,,,
multi-partial,standard,conv_decoder,2,acc,temperature,0.4848568022251129,,,
multi-partial,standard,conv_decoder,2,acc,specific_humidity_dex,0.6409690372645855,,,
multi-partial,standard,conv_decoder,2,acc,cloud_fraction,0.6785978943109512,,,
multi-partial,standard,conv_decoder,2,acc,u,0.6530491530895233,,,
multi-partial,standard,conv_decoder,2,acc,v,0.6697886228561402,,,
multi-partial,standard,conv_decoder,2,acc,asr,0.9929709434509277,,,
multi-partial,standard,conv_decoder,2,acc,olr,0.854953944683075,,,
multi-partial,standard,conv_decoder,2,ramse,surface_temperature,14.661564826965332,,,
multi-partial,standard,conv_decoder,2,ramse,temperature,11.753836154937744,,,
multi-partial,standard,conv_decoder,2,ramse,specific_humidity_dex,0.6034230351448059,,,
multi-partial,standard,conv_decoder,2,ramse,cloud_fraction,0.09814915359020233,,,
multi-partial,standard,conv_decoder,2,ramse,u,13.158456468582154,,,
multi-partial,standard,conv_decoder,2,ramse,v,5.074607110023498,,,
multi-partial,standard,conv_decoder,2,ramse,asr,39.149227142333984,,,
multi-partial,standard,conv_decoder,2,ramse,olr,20.379209518432617,,,
multi-partial,shared_planets,conv_decoder,2,relative_rmse,surface_temperature,1.046837329864502,,,
multi-partial,shared_planets,conv_decoder,2,relative_rmse,temperature,0.915734589099884,,,
multi-partial,shared_planets,conv_decoder,2,relative_rmse,specific_humidity_dex,0.856334388256073,,,
multi-partial,shared_planets,conv_decoder,2,relative_rmse,cloud_fraction,0.5961334109306335,,,
multi-partial,shared_planets,conv_decoder,2,relative_rmse,u,0.7603424787521362,,,
multi-partial,shared_planets,conv_decoder,2,relative_rmse,v,0.6982009410858154,,,
multi-partial,shared_planets,conv_decoder,2,relative_rmse,asr,1.024457573890686,,,
multi-partial,shared_planets,conv_decoder,2,relative_rmse,olr,0.7467159032821655,,,
multi-partial,shared_planets,conv_decoder,2,relative_acc,surface_temperature,0.9933946132659912,,,
multi-partial,shared_planets,conv_decoder,2,relative_acc,temperature,4.2497029304504395,,,
multi-partial,shared_planets,conv_decoder,2,relative_acc,specific_humidity_dex,1.076480746269226,,,
multi-partial,shared_planets,conv_decoder,2,relative_acc,cloud_fraction,1.44404137134552,,,
multi-partial,shared_planets,conv_decoder,2,relative_acc,u,3.4593167304992676,,,
multi-partial,shared_planets,conv_decoder,2,relative_acc,v,1.212161898612976,,,
multi-partial,shared_planets,conv_decoder,2,relative_acc,asr,1.0008703470230103,,,
multi-partial,shared_planets,conv_decoder,2,relative_acc,olr,1.1232712268829346,,,
multi-partial,standard,conv_decoder,3,rmse,surface_temperature,12.191908836364746,,,
multi-partial,standard,conv_decoder,3,rmse,temperature,10.084229469299316,,,
multi-partial,standard,conv_decoder,3,rmse,specific_humidity_dex,0.5313119709491729,,,
multi-partial,standard,conv_decoder,3,rmse,cloud_fraction,0.08067904189229011,,,
multi-partial,standard,conv_decoder,3,rmse,u,9.877746295928954,,,
multi-partial,standard,conv_decoder,3,rmse,v,4.119728541374206,,,
multi-partial,standard,conv_decoder,3,rmse,asr,37.94674301147461,,,
multi-partial,standard,conv_decoder,3,rmse,olr,17.49030876159668,,,
multi-partial,standard,conv_decoder,3,acc,surface_temperature,0.9232777953147888,,,
multi-partial,standard,conv_decoder,3,acc,temperature,0.4875515401363373,,,
multi-partial,standard,conv_decoder,3,acc,specific_humidity_dex,0.6847782894968987,,,
multi-partial,standard,conv_decoder,3,acc,cloud_fraction,0.691636198759079,,,
multi-partial,standard,conv_decoder,3,acc,u,0.6889346897602081,,,
multi-partial,standard,conv_decoder,3,acc,v,0.6944481432437897,,,
multi-partial,standard,conv_decoder,3,acc,asr,0.9936028718948364,,,
multi-partial,standard,conv_decoder,3,acc,olr,0.8784992694854736,,,
multi-partial,standard,conv_decoder,3,ramse,surface_temperature,12.847375869750977,,,
multi-partial,standard,conv_decoder,3,ramse,temperature,11.224088001251221,,,
multi-partial,standard,conv_decoder,3,ramse,specific_humidity_dex,0.584212738275528,,,
multi-partial,standard,conv_decoder,3,ramse,cloud_fraction,0.09322362057864667,,,
multi-partial,standard,conv_decoder,3,ramse,u,11.828857851028442,,,
multi-partial,standard,conv_decoder,3,ramse,v,4.9049174070358275,,,
multi-partial,standard,conv_decoder,3,ramse,asr,40.119483947753906,,,
multi-partial,standard,conv_decoder,3,ramse,olr,18.831697463989258,,,
multi-partial,shared_planets,conv_decoder,3,relative_rmse,surface_temperature,0.9594632983207703,,,
multi-partial,shared_planets,conv_decoder,3,relative_rmse,temperature,0.9216495752334595,,,
multi-partial,shared_planets,conv_decoder,3,relative_rmse,specific_humidity_dex,0.8673843741416931,,,
multi-partial,shared_planets,conv_decoder,3,relative_rmse,cloud_fraction,0.5839197635650635,,,
multi-partial,shared_planets,conv_decoder,3,relative_rmse,u,0.7563244104385376,,,
multi-partial,shared_planets,conv_decoder,3,relative_rmse,v,0.7153326272964478,,,
multi-partial,shared_planets,conv_decoder,3,relative_rmse,asr,1.0813825130462646,,,
multi-partial,shared_planets,conv_decoder,3,relative_rmse,olr,0.7305835485458374,,,
multi-partial,shared_planets,conv_decoder,3,relative_acc,surface_temperature,1.0133177042007446,,,
multi-partial,shared_planets,conv_decoder,3,relative_acc,temperature,4.024232387542725,,,
multi-partial,shared_planets,conv_decoder,3,relative_acc,specific_humidity_dex,1.1470595598220825,,,
multi-partial,shared_planets,conv_decoder,3,relative_acc,cloud_fraction,1.4736628532409668,,,
multi-partial,shared_planets,conv_decoder,3,relative_acc,u,3.4556643962860107,,,
multi-partial,shared_planets,conv_decoder,3,relative_acc,v,1.281843662261963,,,
multi-partial,shared_planets,conv_decoder,3,relative_acc,asr,1.0016570091247559,,,
multi-partial,shared_planets,conv_decoder,3,relative_acc,olr,1.1572234630584717,,,
multi-partial,standard,conv_decoder,4,rmse,surface_temperature,12.19942569732666,,,
multi-partial,standard,conv_decoder,4,rmse,temperature,9.975538349151611,,,
multi-partial,standard,conv_decoder,4,rmse,specific_humidity_dex,0.5228985726833344,,,
multi-partial,standard,conv_decoder,4,rmse,cloud_fraction,0.08020416013896466,,,
multi-partial,standard,conv_decoder,4,rmse,u,9.620739555358886,,,
multi-partial,standard,conv_decoder,4,rmse,v,4.0130377292633055,,,
multi-partial,standard,conv_decoder,4,rmse,asr,39.648921966552734,,,
multi-partial,standard,conv_decoder,4,rmse,olr,18.49844741821289,,,
multi-partial,standard,conv_decoder,4,acc,surface_temperature,0.9274541735649109,,,
multi-partial,standard,conv_decoder,4,acc,temperature,0.47697114646434785,,,
multi-partial,standard,conv_decoder,4,acc,specific_humidity_dex,0.6933918565511703,,,
multi-partial,standard,conv_decoder,4,acc,cloud_fraction,0.6927524834871293,,,
multi-partial,standard,conv_decoder,4,acc,u,0.6911546647548675,,,
multi-partial,standard,conv_decoder,4,acc,v,0.7003134906291961,,,
multi-partial,standard,conv_decoder,4,acc,asr,0.9928622841835022,,,
multi-partial,standard,conv_decoder,4,acc,olr,0.867758572101593,,,
multi-partial,standard,conv_decoder,4,ramse,surface_temperature,13.029633522033691,,,
multi-partial,standard,conv_decoder,4,ramse,temperature,11.213058185577392,,,
multi-partial,standard,conv_decoder,4,ramse,specific_humidity_dex,0.5820950657129288,,,
multi-partial,standard,conv_decoder,4,ramse,cloud_fraction,0.09301575012505055,,,
multi-partial,standard,conv_decoder,4,ramse,u,11.523440265655518,,,
multi-partial,standard,conv_decoder,4,ramse,v,4.791512584686279,,,
multi-partial,standard,conv_decoder,4,ramse,asr,41.87266540527344,,,
multi-partial,standard,conv_decoder,4,ramse,olr,19.912128448486328,,,
multi-partial,shared_planets,conv_decoder,4,relative_rmse,surface_temperature,0.9816464185714722,,,
multi-partial,shared_planets,conv_decoder,4,relative_rmse,temperature,0.9318585991859436,,,
multi-partial,shared_planets,conv_decoder,4,relative_rmse,specific_humidity_dex,0.840835690498352,,,
multi-partial,shared_planets,conv_decoder,4,relative_rmse,cloud_fraction,0.5947456359863281,,,
multi-partial,shared_planets,conv_decoder,4,relative_rmse,u,0.7577649354934692,,,
multi-partial,shared_planets,conv_decoder,4,relative_rmse,v,0.7198050618171692,,,
multi-partial,shared_planets,conv_decoder,4,relative_rmse,asr,1.0665394067764282,,,
multi-partial,shared_planets,conv_decoder,4,relative_rmse,olr,0.762479841709137,,,
multi-partial,shared_planets,conv_decoder,4,relative_acc,surface_temperature,1.0091519355773926,,,
multi-partial,shared_planets,conv_decoder,4,relative_acc,temperature,4.4278564453125,,,
multi-partial,shared_planets,conv_decoder,4,relative_acc,specific_humidity_dex,1.1862037181854248,,,
multi-partial,shared_planets,conv_decoder,4,relative_acc,cloud_fraction,1.4439306259155273,,,
multi-partial,shared_planets,conv_decoder,4,relative_acc,u,3.4148495197296143,,,
multi-partial,shared_planets,conv_decoder,4,relative_acc,v,1.2923691272735596,,,
multi-partial,shared_planets,conv_decoder,4,relative_acc,asr,1.00113844871521,,,
multi-partial,shared_planets,conv_decoder,4,relative_acc,olr,1.1310222148895264,,,
multi-partial,standard,coord_deeponet,0,rmse,surface_temperature,12.775678634643555,results/models/multi-partial/coord_deeponet/metrics_standard.json,results/models/multi-partial/coord_deeponet/predictions.npz,results/models/multi-partial/coord_deeponet/config.json
multi-partial,standard,coord_deeponet,0,rmse,temperature,10.73301076889038,results/models/multi-partial/coord_deeponet/metrics_standard.json,results/models/multi-partial/coord_deeponet/predictions.npz,results/models/multi-partial/coord_deeponet/config.json
multi-partial,standard,coord_deeponet,0,rmse,specific_humidity_dex,0.5298471063375473,results/models/multi-partial/coord_deeponet/metrics_standard.json,results/models/multi-partial/coord_deeponet/predictions.npz,results/models/multi-partial/coord_deeponet/config.json
multi-partial,standard,coord_deeponet,0,rmse,cloud_fraction,0.09070225581526756,results/models/multi-partial/coord_deeponet/metrics_standard.json,results/models/multi-partial/coord_deeponet/predictions.npz,results/models/multi-partial/coord_deeponet/config.json
multi-partial,standard,coord_deeponet,0,rmse,u,10.934195137023925,results/models/multi-partial/coord_deeponet/metrics_standard.json,results/models/multi-partial/coord_deeponet/predictions.npz,results/models/multi-partial/coord_deeponet/config.json
multi-partial,standard,coord_deeponet,0,rmse,v,4.990510082244873,results/models/multi-partial/coord_deeponet/metrics_standard.json,results/models/multi-partial/coord_deeponet/predictions.npz,results/models/multi-partial/coord_deeponet/config.json
multi-partial,standard,coord_deeponet,0,rmse,asr,29.684356689453125,results/models/multi-partial/coord_deeponet/metrics_standard.json,results/models/multi-partial/coord_deeponet/predictions.npz,results/models/multi-partial/coord_deeponet/config.json
multi-partial,standard,coord_deeponet,0,rmse,olr,19.03484344482422,results/models/multi-partial/coord_deeponet/metrics_standard.json,results/models/multi-partial/coord_deeponet/predictions.npz,results/models/multi-partial/coord_deeponet/config.json
multi-partial,standard,coord_deeponet,0,acc,surface_temperature,0.9422861337661743,results/models/multi-partial/coord_deeponet/metrics_standard.json,results/models/multi-partial/coord_deeponet/predictions.npz,results/models/multi-partial/coord_deeponet/config.json
multi-partial,standard,coord_deeponet,0,acc,temperature,0.5699518740177154,results/models/multi-partial/coord_deeponet/metrics_standard.json,results/models/multi-partial/coord_deeponet/predictions.npz,results/models/multi-partial/coord_deeponet/config.json
multi-partial,standard,coord_deeponet,0,acc,specific_humidity_dex,0.720512929558754,results/models/multi-partial/coord_deeponet/metrics_standard.json,results/models/multi-partial/coord_deeponet/predictions.npz,results/models/multi-partial/coord_deeponet/config.json
multi-partial,standard,coord_deeponet,0,acc,cloud_fraction,0.6492101520299911,results/models/multi-partial/coord_deeponet/metrics_standard.json,results/models/multi-partial/coord_deeponet/predictions.npz,results/models/multi-partial/coord_deeponet/config.json
multi-partial,standard,coord_deeponet,0,acc,u,0.6483208745718002,results/models/multi-partial/coord_deeponet/metrics_standard.json,results/models/multi-partial/coord_deeponet/predictions.npz,results/models/multi-partial/coord_deeponet/config.json
multi-partial,standard,coord_deeponet,0,acc,v,0.635690587759018,results/models/multi-partial/coord_deeponet/metrics_standard.json,results/models/multi-partial/coord_deeponet/predictions.npz,results/models/multi-partial/coord_deeponet/config.json
multi-partial,standard,coord_deeponet,0,acc,asr,0.9953678250312805,results/models/multi-partial/coord_deeponet/metrics_standard.json,results/models/multi-partial/coord_deeponet/predictions.npz,results/models/multi-partial/coord_deeponet/config.json
multi-partial,standard,coord_deeponet,0,acc,olr,0.8534625172615051,results/models/multi-partial/coord_deeponet/metrics_standard.json,results/models/multi-partial/coord_deeponet/predictions.npz,results/models/multi-partial/coord_deeponet/config.json
multi-partial,standard,coord_deeponet,0,ramse,surface_temperature,13.206903457641602,results/models/multi-partial/coord_deeponet/metrics_standard.json,results/models/multi-partial/coord_deeponet/predictions.npz,results/models/multi-partial/coord_deeponet/config.json
multi-partial,standard,coord_deeponet,0,ramse,temperature,11.187759304046631,results/models/multi-partial/coord_deeponet/metrics_standard.json,results/models/multi-partial/coord_deeponet/predictions.npz,results/models/multi-partial/coord_deeponet/config.json
multi-partial,standard,coord_deeponet,0,ramse,specific_humidity_dex,0.560432830452919,results/models/multi-partial/coord_deeponet/metrics_standard.json,results/models/multi-partial/coord_deeponet/predictions.npz,results/models/multi-partial/coord_deeponet/config.json
multi-partial,standard,coord_deeponet,0,ramse,cloud_fraction,0.10765398591756821,results/models/multi-partial/coord_deeponet/metrics_standard.json,results/models/multi-partial/coord_deeponet/predictions.npz,results/models/multi-partial/coord_deeponet/config.json
multi-partial,standard,coord_deeponet,0,ramse,u,13.38787908554077,results/models/multi-partial/coord_deeponet/metrics_standard.json,results/models/multi-partial/coord_deeponet/predictions.npz,results/models/multi-partial/coord_deeponet/config.json
multi-partial,standard,coord_deeponet,0,ramse,v,6.126101446151734,results/models/multi-partial/coord_deeponet/metrics_standard.json,results/models/multi-partial/coord_deeponet/predictions.npz,results/models/multi-partial/coord_deeponet/config.json
multi-partial,standard,coord_deeponet,0,ramse,asr,32.128475189208984,results/models/multi-partial/coord_deeponet/metrics_standard.json,results/models/multi-partial/coord_deeponet/predictions.npz,results/models/multi-partial/coord_deeponet/config.json
multi-partial,standard,coord_deeponet,0,ramse,olr,20.944971084594727,results/models/multi-partial/coord_deeponet/metrics_standard.json,results/models/multi-partial/coord_deeponet/predictions.npz,results/models/multi-partial/coord_deeponet/config.json
multi-partial,shared_planets,coord_deeponet,0,relative_rmse,surface_temperature,1.0960519313812256,results/models/multi-partial/coord_deeponet/metrics_shared_planets.json,results/models/multi-partial/coord_deeponet/predictions_shared_planets.npz,results/models/multi-partial/coord_deeponet/config.json
multi-partial,shared_planets,coord_deeponet,0,relative_rmse,temperature,0.9624262452125549,results/models/multi-partial/coord_deeponet/metrics_shared_planets.json,results/models/multi-partial/coord_deeponet/predictions_shared_planets.npz,results/models/multi-partial/coord_deeponet/config.json
multi-partial,shared_planets,coord_deeponet,0,relative_rmse,specific_humidity_dex,0.873616099357605,results/models/multi-partial/coord_deeponet/metrics_shared_planets.json,results/models/multi-partial/coord_deeponet/predictions_shared_planets.npz,results/models/multi-partial/coord_deeponet/config.json
multi-partial,shared_planets,coord_deeponet,0,relative_rmse,cloud_fraction,0.6559427380561829,results/models/multi-partial/coord_deeponet/metrics_shared_planets.json,results/models/multi-partial/coord_deeponet/predictions_shared_planets.npz,results/models/multi-partial/coord_deeponet/config.json
multi-partial,shared_planets,coord_deeponet,0,relative_rmse,u,0.9059558510780334,results/models/multi-partial/coord_deeponet/metrics_shared_planets.json,results/models/multi-partial/coord_deeponet/predictions_shared_planets.npz,results/models/multi-partial/coord_deeponet/config.json
multi-partial,shared_planets,coord_deeponet,0,relative_rmse,v,0.9243284463882446,results/models/multi-partial/coord_deeponet/metrics_shared_planets.json,results/models/multi-partial/coord_deeponet/predictions_shared_planets.npz,results/models/multi-partial/coord_deeponet/config.json
multi-partial,shared_planets,coord_deeponet,0,relative_rmse,asr,0.8266519904136658,results/models/multi-partial/coord_deeponet/metrics_shared_planets.json,results/models/multi-partial/coord_deeponet/predictions_shared_planets.npz,results/models/multi-partial/coord_deeponet/config.json
multi-partial,shared_planets,coord_deeponet,0,relative_rmse,olr,0.8082030415534973,results/models/multi-partial/coord_deeponet/metrics_shared_planets.json,results/models/multi-partial/coord_deeponet/predictions_shared_planets.npz,results/models/multi-partial/coord_deeponet/config.json
multi-partial,shared_planets,coord_deeponet,0,relative_acc,surface_temperature,1.0192087888717651,results/models/multi-partial/coord_deeponet/metrics_shared_planets.json,results/models/multi-partial/coord_deeponet/predictions_shared_planets.npz,results/models/multi-partial/coord_deeponet/config.json
multi-partial,shared_planets,coord_deeponet,0,relative_acc,temperature,4.743343353271484,results/models/multi-partial/coord_deeponet/metrics_shared_planets.json,results/models/multi-partial/coord_deeponet/predictions_shared_planets.npz,results/models/multi-partial/coord_deeponet/config.json
multi-partial,shared_planets,coord_deeponet,0,relative_acc,specific_humidity_dex,1.2133747339248657,results/models/multi-partial/coord_deeponet/metrics_shared_planets.json,results/models/multi-partial/coord_deeponet/predictions_shared_planets.npz,results/models/multi-partial/coord_deeponet/config.json
multi-partial,shared_planets,coord_deeponet,0,relative_acc,cloud_fraction,1.3565950393676758,results/models/multi-partial/coord_deeponet/metrics_shared_planets.json,results/models/multi-partial/coord_deeponet/predictions_shared_planets.npz,results/models/multi-partial/coord_deeponet/config.json
multi-partial,shared_planets,coord_deeponet,0,relative_acc,u,3.0807816982269287,results/models/multi-partial/coord_deeponet/metrics_shared_planets.json,results/models/multi-partial/coord_deeponet/predictions_shared_planets.npz,results/models/multi-partial/coord_deeponet/config.json
multi-partial,shared_planets,coord_deeponet,0,relative_acc,v,1.2112518548965454,results/models/multi-partial/coord_deeponet/metrics_shared_planets.json,results/models/multi-partial/coord_deeponet/predictions_shared_planets.npz,results/models/multi-partial/coord_deeponet/config.json
multi-partial,shared_planets,coord_deeponet,0,relative_acc,asr,1.0039048194885254,results/models/multi-partial/coord_deeponet/metrics_shared_planets.json,results/models/multi-partial/coord_deeponet/predictions_shared_planets.npz,results/models/multi-partial/coord_deeponet/config.json
multi-partial,shared_planets,coord_deeponet,0,relative_acc,olr,1.118770718574524,results/models/multi-partial/coord_deeponet/metrics_shared_planets.json,results/models/multi-partial/coord_deeponet/predictions_shared_planets.npz,results/models/multi-partial/coord_deeponet/config.json
multi-partial,standard,coord_deeponet,1,rmse,surface_temperature,12.444921493530273,,,
multi-partial,standard,coord_deeponet,1,rmse,temperature,10.280637168884278,,,
multi-partial,standard,coord_deeponet,1,rmse,specific_humidity_dex,0.5139501601457596,,,
multi-partial,standard,coord_deeponet,1,rmse,cloud_fraction,0.08985789269208908,,,
multi-partial,standard,coord_deeponet,1,rmse,u,11.097032618522643,,,
multi-partial,standard,coord_deeponet,1,rmse,v,4.845032715797425,,,
multi-partial,standard,coord_deeponet,1,rmse,asr,30.578927993774414,,,
multi-partial,standard,coord_deeponet,1,rmse,olr,18.743118286132812,,,
multi-partial,standard,coord_deeponet,1,acc,surface_temperature,0.9456009268760681,,,
multi-partial,standard,coord_deeponet,1,acc,temperature,0.5756750702857971,,,
multi-partial,standard,coord_deeponet,1,acc,specific_humidity_dex,0.735668982565403,,,
multi-partial,standard,coord_deeponet,1,acc,cloud_fraction,0.6732166975736618,,,
multi-partial,standard,coord_deeponet,1,acc,u,0.6433746993541718,,,
multi-partial,standard,coord_deeponet,1,acc,v,0.6317958891391754,,,
multi-partial,standard,coord_deeponet,1,acc,asr,0.9954927563667297,,,
multi-partial,standard,coord_deeponet,1,acc,olr,0.874457836151123,,,
multi-partial,standard,coord_deeponet,1,ramse,surface_temperature,12.800753593444824,,,
multi-partial,standard,coord_deeponet,1,ramse,temperature,10.714710330963134,,,
multi-partial,standard,coord_deeponet,1,ramse,specific_humidity_dex,0.5441068917512893,,,
multi-partial,standard,coord_deeponet,1,ramse,cloud_fraction,0.10606945753097534,,,
multi-partial,standard,coord_deeponet,1,ramse,u,13.466569471359254,,,
multi-partial,standard,coord_deeponet,1,ramse,v,5.914146447181702,,,
multi-partial,standard,coord_deeponet,1,ramse,asr,32.87165069580078,,,
multi-partial,standard,coord_deeponet,1,ramse,olr,20.28862190246582,,,
multi-partial,shared_planets,coord_deeponet,1,relative_rmse,surface_temperature,1.059370517730713,,,
multi-partial,shared_planets,coord_deeponet,1,relative_rmse,temperature,0.9551371335983276,,,
multi-partial,shared_planets,coord_deeponet,1,relative_rmse,specific_humidity_dex,0.8333206176757812,,,
multi-partial,shared_planets,coord_deeponet,1,relative_rmse,cloud_fraction,0.6668223142623901,,,
multi-partial,shared_planets,coord_deeponet,1,relative_rmse,u,0.9800337553024292,,,
multi-partial,shared_planets,coord_deeponet,1,relative_rmse,v,0.9177639484405518,,,
multi-partial,shared_planets,coord_deeponet,1,relative_rmse,asr,0.8080312609672546,,,
multi-partial,shared_planets,coord_deeponet,1,relative_rmse,olr,0.7604772448539734,,,
multi-partial,shared_planets,coord_deeponet,1,relative_acc,surface_temperature,1.0376907587051392,,,
multi-partial,shared_planets,coord_deeponet,1,relative_acc,temperature,4.208779811859131,,,
multi-partial,shared_planets,coord_deeponet,1,relative_acc,specific_humidity_dex,1.231921911239624,,,
multi-partial,shared_planets,coord_deeponet,1,relative_acc,cloud_fraction,1.3989404439926147,,,
multi-partial,shared_planets,coord_deeponet,1,relative_acc,u,3.4747753143310547,,,
multi-partial,shared_planets,coord_deeponet,1,relative_acc,v,1.1731311082839966,,,
multi-partial,shared_planets,coord_deeponet,1,relative_acc,asr,1.0043686628341675,,,
multi-partial,shared_planets,coord_deeponet,1,relative_acc,olr,1.155046820640564,,,
multi-partial,standard,coord_deeponet,2,rmse,surface_temperature,12.049792289733887,,,
multi-partial,standard,coord_deeponet,2,rmse,temperature,9.862558364868164,,,
multi-partial,standard,coord_deeponet,2,rmse,specific_humidity_dex,0.4985464453697205,,,
multi-partial,standard,coord_deeponet,2,rmse,cloud_fraction,0.09113083854317665,,,
multi-partial,standard,coord_deeponet,2,rmse,u,10.61178560256958,,,
multi-partial,standard,coord_deeponet,2,rmse,v,4.800457334518432,,,
multi-partial,standard,coord_deeponet,2,rmse,asr,28.034650802612305,,,
multi-partial,standard,coord_deeponet,2,rmse,olr,18.652267456054688,,,
multi-partial,standard,coord_deeponet,2,acc,surface_temperature,0.9567955136299133,,,
multi-partial,standard,coord_deeponet,2,acc,temperature,0.5814729556441307,,,
multi-partial,standard,coord_deeponet,2,acc,specific_humidity_dex,0.7275863364338875,,,
multi-partial,standard,coord_deeponet,2,acc,cloud_fraction,0.6612744450569152,,,
multi-partial,standard,coord_deeponet,2,acc,u,0.6355032593011856,,,
multi-partial,standard,coord_deeponet,2,acc,v,0.6177273750305176,,,
multi-partial,standard,coord_deeponet,2,acc,asr,0.9952164888381958,,,
multi-partial,standard,coord_deeponet,2,acc,olr,0.8443971276283264,,,
multi-partial,standard,coord_deeponet,2,ramse,surface_temperature,12.41722297668457,,,
multi-partial,standard,coord_deeponet,2,ramse,temperature,10.331689739227295,,,
multi-partial,standard,coord_deeponet,2,ramse,specific_humidity_dex,0.528543695807457,,,
multi-partial,standard,coord_deeponet,2,ramse,cloud_fraction,0.10810609795153141,,,
multi-partial,standard,coord_deeponet,2,ramse,u,12.91885781288147,,,
multi-partial,standard,coord_deeponet,2,ramse,v,5.851082468032837,,,
multi-partial,standard,coord_deeponet,2,ramse,asr,30.33807945251465,,,
multi-partial,standard,coord_deeponet,2,ramse,olr,20.441272735595703,,,
multi-partial,shared_planets,coord_deeponet,2,relative_rmse,surface_temperature,0.9191981554031372,,,
multi-partial,shared_planets,coord_deeponet,2,relative_rmse,temperature,0.8766990900039673,,,
multi-partial,shared_planets,coord_deeponet,2,relative_rmse,specific_humidity_dex,0.8230117559432983,,,
multi-partial,shared_planets,coord_deeponet,2,relative_rmse,cloud_fraction,0.6707961559295654,,,
multi-partial,shared_planets,coord_deeponet,2,relative_rmse,u,0.8905411958694458,,,
multi-partial,shared_planets,coord_deeponet,2,relative_rmse,v,0.8937158584594727,,,
multi-partial,shared_planets,coord_deeponet,2,relative_rmse,asr,0.7219436764717102,,,
multi-partial,shared_planets,coord_deeponet,2,relative_rmse,olr,0.750438928604126,,,
multi-partial,shared_planets,coord_deeponet,2,relative_acc,surface_temperature,1.039440631866455,,,
multi-partial,shared_planets,coord_deeponet,2,relative_acc,temperature,4.657988548278809,,,
multi-partial,shared_planets,coord_deeponet,2,relative_acc,specific_humidity_dex,1.2393715381622314,,,
multi-partial,shared_planets,coord_deeponet,2,relative_acc,cloud_fraction,1.3847609758377075,,,
multi-partial,shared_planets,coord_deeponet,2,relative_acc,u,3.3841283321380615,,,
multi-partial,shared_planets,coord_deeponet,2,relative_acc,v,1.1647340059280396,,,
multi-partial,shared_planets,coord_deeponet,2,relative_acc,asr,1.0039554834365845,,,
multi-partial,shared_planets,coord_deeponet,2,relative_acc,olr,1.1435490846633911,,,
multi-partial,standard,coord_deeponet,3,rmse,surface_temperature,11.65710735321045,,,
multi-partial,standard,coord_deeponet,3,rmse,temperature,10.164606952667237,,,
multi-partial,standard,coord_deeponet,3,rmse,specific_humidity_dex,0.5236331135034561,,,
multi-partial,standard,coord_deeponet,3,rmse,cloud_fraction,0.08911727331578731,,,
multi-partial,standard,coord_deeponet,3,rmse,u,10.84632441997528,,,
multi-partial,standard,coord_deeponet,3,rmse,v,4.995747303962707,,,
multi-partial,standard,coord_deeponet,3,rmse,asr,30.378442764282227,,,
multi-partial,standard,coord_deeponet,3,rmse,olr,18.765182495117188,,,
multi-partial,standard,coord_deeponet,3,acc,surface_temperature,0.9469835758209229,,,
multi-partial,standard,coord_deeponet,3,acc,temperature,0.5785186618566514,,,
multi-partial,standard,coord_deeponet,3,acc,specific_humidity_dex,0.7331468969583511,,,
multi-partial,standard,coord_deeponet,3,acc,cloud_fraction,0.6702785909175872,,,
multi-partial,standard,coord_deeponet,3,acc,u,0.6447949111461639,,,
multi-partial,standard,coord_deeponet,3,acc,v,0.624970093369484,,,
multi-partial,standard,coord_deeponet,3,acc,asr,0.9954984784126282,,,
multi-partial,standard,coord_deeponet,3,acc,olr,0.8646079301834106,,,
multi-partial,standard,coord_deeponet,3,ramse,surface_temperature,12.09117603302002,,,
multi-partial,standard,coord_deeponet,3,ramse,temperature,10.627703857421874,,,
multi-partial,standard,coord_deeponet,3,ramse,specific_humidity_dex,0.558806324005127,,,
multi-partial,standard,coord_deeponet,3,ramse,cloud_fraction,0.10547135472297668,,,
multi-partial,standard,coord_deeponet,3,ramse,u,13.290905952453613,,,
multi-partial,standard,coord_deeponet,3,ramse,v,6.13099992275238,,,
multi-partial,standard,coord_deeponet,3,ramse,asr,32.53496551513672,,,
multi-partial,standard,coord_deeponet,3,ramse,olr,20.319461822509766,,,
multi-partial,shared_planets,coord_deeponet,3,relative_rmse,surface_temperature,0.8505570888519287,,,
multi-partial,shared_planets,coord_deeponet,3,relative_rmse,temperature,0.8792120814323425,,,
multi-partial,shared_planets,coord_deeponet,3,relative_rmse,specific_humidity_dex,0.8123505115509033,,,
multi-partial,shared_planets,coord_deeponet,3,relative_rmse,cloud_fraction,0.6396964192390442,,,
multi-partial,shared_planets,coord_deeponet,3,relative_rmse,u,0.9289836287498474,,,
multi-partial,shared_planets,coord_deeponet,3,relative_rmse,v,0.9529708027839661,,,
multi-partial,shared_planets,coord_deeponet,3,relative_rmse,asr,0.8210209608078003,,,
multi-partial,shared_planets,coord_deeponet,3,relative_rmse,olr,0.7846423983573914,,,
multi-partial,shared_planets,coord_deeponet,3,relative_acc,surface_temperature,1.032670259475708,,,
multi-partial,shared_planets,coord_deeponet,3,relative_acc,temperature,4.1237688064575195,,,
multi-partial,shared_planets,coord_deeponet,3,relative_acc,specific_humidity_dex,1.2347681522369385,,,
multi-partial,shared_planets,coord_deeponet,3,relative_acc,cloud_fraction,1.4046224355697632,,,
multi-partial,shared_planets,coord_deeponet,3,relative_acc,u,3.130004405975342,,,
multi-partial,shared_planets,coord_deeponet,3,relative_acc,v,1.1739922761917114,,,
multi-partial,shared_planets,coord_deeponet,3,relative_acc,asr,1.004468321800232,,,
multi-partial,shared_planets,coord_deeponet,3,relative_acc,olr,1.1405203342437744,,,
multi-partial,standard,coord_deeponet,4,rmse,surface_temperature,13.306307792663574,,,
multi-partial,standard,coord_deeponet,4,rmse,temperature,11.10061273574829,,,
multi-partial,standard,coord_deeponet,4,rmse,specific_humidity_dex,0.5691118329763413,,,
multi-partial,standard,coord_deeponet,4,rmse,cloud_fraction,0.08779689222574234,,,
multi-partial,standard,coord_deeponet,4,rmse,u,10.886528205871581,,,
multi-partial,standard,coord_deeponet,4,rmse,v,4.921184825897217,,,
multi-partial,standard,coord_deeponet,4,rmse,asr,30.11264419555664,,,
multi-partial,standard,coord_deeponet,4,rmse,olr,19.102659225463867,,,
multi-partial,standard,coord_deeponet,4,acc,surface_temperature,0.9447312355041504,,,
multi-partial,standard,coord_deeponet,4,acc,temperature,0.5655931368470192,,,
multi-partial,standard,coord_deeponet,4,acc,specific_humidity_dex,0.7451254069805145,,,
multi-partial,standard,coord_deeponet,4,acc,cloud_fraction,0.6713514417409897,,,
multi-partial,standard,coord_deeponet,4,acc,u,0.6566881895065307,,,
multi-partial,standard,coord_deeponet,4,acc,v,0.6224396497011184,,,
multi-partial,standard,coord_deeponet,4,acc,asr,0.9955993294715881,,,
multi-partial,standard,coord_deeponet,4,acc,olr,0.8475086688995361,,,
multi-partial,standard,coord_deeponet,4,ramse,surface_temperature,13.696762084960938,,,
multi-partial,standard,coord_deeponet,4,ramse,temperature,11.556548118591309,,,
multi-partial,standard,coord_deeponet,4,ramse,specific_humidity_dex,0.595999589562416,,,
multi-partial,standard,coord_deeponet,4,ramse,cloud_fraction,0.10347884930670262,,,
multi-partial,standard,coord_deeponet,4,ramse,u,13.179948043823241,,,
multi-partial,standard,coord_deeponet,4,ramse,v,6.041124272346496,,,
multi-partial,standard,coord_deeponet,4,ramse,asr,32.10729217529297,,,
multi-partial,standard,coord_deeponet,4,ramse,olr,20.676002502441406,,,
multi-partial,shared_planets,coord_deeponet,4,relative_rmse,surface_temperature,1.0986086130142212,,,
multi-partial,shared_planets,coord_deeponet,4,relative_rmse,temperature,1.0708292722702026,,,
multi-partial,shared_planets,coord_deeponet,4,relative_rmse,specific_humidity_dex,1.0527210235595703,,,
multi-partial,shared_planets,coord_deeponet,4,relative_rmse,cloud_fraction,0.6306580305099487,,,
multi-partial,shared_planets,coord_deeponet,4,relative_rmse,u,0.8836010694503784,,,
multi-partial,shared_planets,coord_deeponet,4,relative_rmse,v,0.9056140184402466,,,
multi-partial,shared_planets,coord_deeponet,4,relative_rmse,asr,0.7905082106590271,,,
multi-partial,shared_planets,coord_deeponet,4,relative_rmse,olr,0.7769479155540466,,,
multi-partial,shared_planets,coord_deeponet,4,relative_acc,surface_temperature,1.0289530754089355,,,
multi-partial,shared_planets,coord_deeponet,4,relative_acc,temperature,4.376708030700684,,,
multi-partial,shared_planets,coord_deeponet,4,relative_acc,specific_humidity_dex,1.23265540599823,,,
multi-partial,shared_planets,coord_deeponet,4,relative_acc,cloud_fraction,1.4037972688674927,,,
multi-partial,shared_planets,coord_deeponet,4,relative_acc,u,3.215182065963745,,,
multi-partial,shared_planets,coord_deeponet,4,relative_acc,v,1.1381869316101074,,,
multi-partial,shared_planets,coord_deeponet,4,relative_acc,asr,1.0041128396987915,,,
multi-partial,shared_planets,coord_deeponet,4,relative_acc,olr,1.1277458667755127,,,
multi-partial,standard,coord_mlp,0,rmse,surface_temperature,17.184656143188477,results/models/multi-partial/coord_mlp/metrics_standard.json,results/models/multi-partial/coord_mlp/predictions.npz,results/models/multi-partial/coord_mlp/config.json
multi-partial,standard,coord_mlp,0,rmse,temperature,12.647778511047363,results/models/multi-partial/coord_mlp/metrics_standard.json,results/models/multi-partial/coord_mlp/predictions.npz,results/models/multi-partial/coord_mlp/config.json
multi-partial,standard,coord_mlp,0,rmse,specific_humidity_dex,0.6574239403009414,results/models/multi-partial/coord_mlp/metrics_standard.json,results/models/multi-partial/coord_mlp/predictions.npz,results/models/multi-partial/coord_mlp/config.json
multi-partial,standard,coord_mlp,0,rmse,cloud_fraction,0.10510501861572266,results/models/multi-partial/coord_mlp/metrics_standard.json,results/models/multi-partial/coord_mlp/predictions.npz,results/models/multi-partial/coord_mlp/config.json
multi-partial,standard,coord_mlp,0,rmse,u,12.21805682182312,results/models/multi-partial/coord_mlp/metrics_standard.json,results/models/multi-partial/coord_mlp/predictions.npz,results/models/multi-partial/coord_mlp/config.json
multi-partial,standard,coord_mlp,0,rmse,v,4.955683994293213,results/models/multi-partial/coord_mlp/metrics_standard.json,results/models/multi-partial/coord_mlp/predictions.npz,results/models/multi-partial/coord_mlp/config.json
multi-partial,standard,coord_mlp,0,rmse,asr,77.1313705444336,results/models/multi-partial/coord_mlp/metrics_standard.json,results/models/multi-partial/coord_mlp/predictions.npz,results/models/multi-partial/coord_mlp/config.json
multi-partial,standard,coord_mlp,0,rmse,olr,34.2557258605957,results/models/multi-partial/coord_mlp/metrics_standard.json,results/models/multi-partial/coord_mlp/predictions.npz,results/models/multi-partial/coord_mlp/config.json
multi-partial,standard,coord_mlp,0,acc,surface_temperature,0.9150043725967407,results/models/multi-partial/coord_mlp/metrics_standard.json,results/models/multi-partial/coord_mlp/predictions.npz,results/models/multi-partial/coord_mlp/config.json
multi-partial,standard,coord_mlp,0,acc,temperature,0.42928455024957657,results/models/multi-partial/coord_mlp/metrics_standard.json,results/models/multi-partial/coord_mlp/predictions.npz,results/models/multi-partial/coord_mlp/config.json
multi-partial,standard,coord_mlp,0,acc,specific_humidity_dex,0.6529234521090984,results/models/multi-partial/coord_mlp/metrics_standard.json,results/models/multi-partial/coord_mlp/predictions.npz,results/models/multi-partial/coord_mlp/config.json
multi-partial,standard,coord_mlp,0,acc,cloud_fraction,0.5608252748847008,results/models/multi-partial/coord_mlp/metrics_standard.json,results/models/multi-partial/coord_mlp/predictions.npz,results/models/multi-partial/coord_mlp/config.json
multi-partial,standard,coord_mlp,0,acc,u,0.5973645091056824,results/models/multi-partial/coord_mlp/metrics_standard.json,results/models/multi-partial/coord_mlp/predictions.npz,results/models/multi-partial/coord_mlp/config.json
multi-partial,standard,coord_mlp,0,acc,v,0.626079899072647,results/models/multi-partial/coord_mlp/metrics_standard.json,results/models/multi-partial/coord_mlp/predictions.npz,results/models/multi-partial/coord_mlp/config.json
multi-partial,standard,coord_mlp,0,acc,asr,0.9792116284370422,results/models/multi-partial/coord_mlp/metrics_standard.json,results/models/multi-partial/coord_mlp/predictions.npz,results/models/multi-partial/coord_mlp/config.json
multi-partial,standard,coord_mlp,0,acc,olr,0.6921651363372803,results/models/multi-partial/coord_mlp/metrics_standard.json,results/models/multi-partial/coord_mlp/predictions.npz,results/models/multi-partial/coord_mlp/config.json
multi-partial,standard,coord_mlp,0,ramse,surface_temperature,18.197097778320312,results/models/multi-partial/coord_mlp/metrics_standard.json,results/models/multi-partial/coord_mlp/predictions.npz,results/models/multi-partial/coord_mlp/config.json
multi-partial,standard,coord_mlp,0,ramse,temperature,13.495436668395996,results/models/multi-partial/coord_mlp/metrics_standard.json,results/models/multi-partial/coord_mlp/predictions.npz,results/models/multi-partial/coord_mlp/config.json
multi-partial,standard,coord_mlp,0,ramse,specific_humidity_dex,0.7048453539609909,results/models/multi-partial/coord_mlp/metrics_standard.json,results/models/multi-partial/coord_mlp/predictions.npz,results/models/multi-partial/coord_mlp/config.json
multi-partial,standard,coord_mlp,0,ramse,cloud_fraction,0.12889573499560356,results/models/multi-partial/coord_mlp/metrics_standard.json,results/models/multi-partial/coord_mlp/predictions.npz,results/models/multi-partial/coord_mlp/config.json
multi-partial,standard,coord_mlp,0,ramse,u,14.849170827865601,results/models/multi-partial/coord_mlp/metrics_standard.json,results/models/multi-partial/coord_mlp/predictions.npz,results/models/multi-partial/coord_mlp/config.json
multi-partial,standard,coord_mlp,0,ramse,v,5.992106413841247,results/models/multi-partial/coord_mlp/metrics_standard.json,results/models/multi-partial/coord_mlp/predictions.npz,results/models/multi-partial/coord_mlp/config.json
multi-partial,standard,coord_mlp,0,ramse,asr,81.76162719726562,results/models/multi-partial/coord_mlp/metrics_standard.json,results/models/multi-partial/coord_mlp/predictions.npz,results/models/multi-partial/coord_mlp/config.json
multi-partial,standard,coord_mlp,0,ramse,olr,37.80351638793945,results/models/multi-partial/coord_mlp/metrics_standard.json,results/models/multi-partial/coord_mlp/predictions.npz,results/models/multi-partial/coord_mlp/config.json
multi-partial,shared_planets,coord_mlp,0,relative_rmse,surface_temperature,1.350223422050476,results/models/multi-partial/coord_mlp/metrics_shared_planets.json,results/models/multi-partial/coord_mlp/predictions_shared_planets.npz,results/models/multi-partial/coord_mlp/config.json
multi-partial,shared_planets,coord_mlp,0,relative_rmse,temperature,1.027890920639038,results/models/multi-partial/coord_mlp/metrics_shared_planets.json,results/models/multi-partial/coord_mlp/predictions_shared_planets.npz,results/models/multi-partial/coord_mlp/config.json
multi-partial,shared_planets,coord_mlp,0,relative_rmse,specific_humidity_dex,1.076700210571289,results/models/multi-partial/coord_mlp/metrics_shared_planets.json,results/models/multi-partial/coord_mlp/predictions_shared_planets.npz,results/models/multi-partial/coord_mlp/config.json
multi-partial,shared_planets,coord_mlp,0,relative_rmse,cloud_fraction,0.7231675982475281,results/models/multi-partial/coord_mlp/metrics_shared_planets.json,results/models/multi-partial/coord_mlp/predictions_shared_planets.npz,results/models/multi-partial/coord_mlp/config.json
multi-partial,shared_planets,coord_mlp,0,relative_rmse,u,0.9496015906333923,results/models/multi-partial/coord_mlp/metrics_shared_planets.json,results/models/multi-partial/coord_mlp/predictions_shared_planets.npz,results/models/multi-partial/coord_mlp/config.json
multi-partial,shared_planets,coord_mlp,0,relative_rmse,v,0.8582485318183899,results/models/multi-partial/coord_mlp/metrics_shared_planets.json,results/models/multi-partial/coord_mlp/predictions_shared_planets.npz,results/models/multi-partial/coord_mlp/config.json
multi-partial,shared_planets,coord_mlp,0,relative_rmse,asr,2.094189167022705,results/models/multi-partial/coord_mlp/metrics_shared_planets.json,results/models/multi-partial/coord_mlp/predictions_shared_planets.npz,results/models/multi-partial/coord_mlp/config.json
multi-partial,shared_planets,coord_mlp,0,relative_rmse,olr,1.4310157299041748,results/models/multi-partial/coord_mlp/metrics_shared_planets.json,results/models/multi-partial/coord_mlp/predictions_shared_planets.npz,results/models/multi-partial/coord_mlp/config.json
multi-partial,shared_planets,coord_mlp,0,relative_acc,surface_temperature,0.9912832975387573,results/models/multi-partial/coord_mlp/metrics_shared_planets.json,results/models/multi-partial/coord_mlp/predictions_shared_planets.npz,results/models/multi-partial/coord_mlp/config.json
multi-partial,shared_planets,coord_mlp,0,relative_acc,temperature,4.219465255737305,results/models/multi-partial/coord_mlp/metrics_shared_planets.json,results/models/multi-partial/coord_mlp/predictions_shared_planets.npz,results/models/multi-partial/coord_mlp/config.json
multi-partial,shared_planets,coord_mlp,0,relative_acc,specific_humidity_dex,1.1056931018829346,results/models/multi-partial/coord_mlp/metrics_shared_planets.json,results/models/multi-partial/coord_mlp/predictions_shared_planets.npz,results/models/multi-partial/coord_mlp/config.json
multi-partial,shared_planets,coord_mlp,0,relative_acc,cloud_fraction,1.2853559255599976,results/models/multi-partial/coord_mlp/metrics_shared_planets.json,results/models/multi-partial/coord_mlp/predictions_shared_planets.npz,results/models/multi-partial/coord_mlp/config.json
multi-partial,shared_planets,coord_mlp,0,relative_acc,u,3.459827423095703,results/models/multi-partial/coord_mlp/metrics_shared_planets.json,results/models/multi-partial/coord_mlp/predictions_shared_planets.npz,results/models/multi-partial/coord_mlp/config.json
multi-partial,shared_planets,coord_mlp,0,relative_acc,v,1.1897345781326294,results/models/multi-partial/coord_mlp/metrics_shared_planets.json,results/models/multi-partial/coord_mlp/predictions_shared_planets.npz,results/models/multi-partial/coord_mlp/config.json
multi-partial,shared_planets,coord_mlp,0,relative_acc,asr,0.9869809746742249,results/models/multi-partial/coord_mlp/metrics_shared_planets.json,results/models/multi-partial/coord_mlp/predictions_shared_planets.npz,results/models/multi-partial/coord_mlp/config.json
multi-partial,shared_planets,coord_mlp,0,relative_acc,olr,0.9501544833183289,results/models/multi-partial/coord_mlp/metrics_shared_planets.json,results/models/multi-partial/coord_mlp/predictions_shared_planets.npz,results/models/multi-partial/coord_mlp/config.json
multi-partial,standard,coord_mlp,1,rmse,surface_temperature,17.595481872558594,,,
multi-partial,standard,coord_mlp,1,rmse,temperature,10.773819637298583,,,
multi-partial,standard,coord_mlp,1,rmse,specific_humidity_dex,0.5647774517536164,,,
multi-partial,standard,coord_mlp,1,rmse,cloud_fraction,0.10512255951762199,,,
multi-partial,standard,coord_mlp,1,rmse,u,12.428644609451293,,,
multi-partial,standard,coord_mlp,1,rmse,v,4.912178468704224,,,
multi-partial,standard,coord_mlp,1,rmse,asr,70.51294708251953,,,
multi-partial,standard,coord_mlp,1,rmse,olr,27.438159942626953,,,
multi-partial,standard,coord_mlp,1,acc,surface_temperature,0.9047208428382874,,,
multi-partial,standard,coord_mlp,1,acc,temperature,0.4103292964398861,,,
multi-partial,standard,coord_mlp,1,acc,specific_humidity_dex,0.6517793104052544,,,
multi-partial,standard,coord_mlp,1,acc,cloud_fraction,0.5745459921658039,,,
multi-partial,standard,coord_mlp,1,acc,u,0.5944804221391677,,,
multi-partial,standard,coord_mlp,1,acc,v,0.6329766005277634,,,
multi-partial,standard,coord_mlp,1,acc,asr,0.9700219035148621,,,
multi-partial,standard,coord_mlp,1,acc,olr,0.7452530860900879,,,
multi-partial,standard,coord_mlp,1,ramse,surface_temperature,18.61749839782715,,,
multi-partial,standard,coord_mlp,1,ramse,temperature,11.708873558044434,,,
multi-partial,standard,coord_mlp,1,ramse,specific_humidity_dex,0.6159228503704071,,,
multi-partial,standard,coord_mlp,1,ramse,cloud_fraction,0.1295568361878395,,,
multi-partial,standard,coord_mlp,1,ramse,u,14.83166937828064,,,
multi-partial,standard,coord_mlp,1,ramse,v,5.9304780006408695,,,
multi-partial,standard,coord_mlp,1,ramse,asr,76.63005828857422,,,
multi-partial,standard,coord_mlp,1,ramse,olr,30.828351974487305,,,
multi-partial,shared_planets,coord_mlp,1,relative_rmse,surface_temperature,1.4753202199935913,,,
multi-partial,shared_planets,coord_mlp,1,relative_rmse,temperature,0.9105732440948486,,,
multi-partial,shared_planets,coord_mlp,1,relative_rmse,specific_humidity_dex,0.8960366249084473,,,
multi-partial,shared_planets,coord_mlp,1,relative_rmse,cloud_fraction,0.723312497138977,,,
multi-partial,shared_planets,coord_mlp,1,relative_rmse,u,0.9277392029762268,,,
multi-partial,shared_planets,coord_mlp,1,relative_rmse,v,0.8819037079811096,,,
multi-partial,shared_planets,coord_mlp,1,relative_rmse,asr,1.9408390522003174,,,
multi-partial,shared_planets,coord_mlp,1,relative_rmse,olr,1.159195899963379,,,
multi-partial,shared_planets,coord_mlp,1,relative_acc,surface_temperature,0.9928616881370544,,,
multi-partial,shared_planets,coord_mlp,1,relative_acc,temperature,3.5987045764923096,,,
multi-partial,shared_planets,coord_mlp,1,relative_acc,specific_humidity_dex,1.1073572635650635,,,
multi-partial,shared_planets,coord_mlp,1,relative_acc,cloud_fraction,1.2604326009750366,,,
multi-partial,shared_planets,coord_mlp,1,relative_acc,u,3.1600239276885986,,,
multi-partial,shared_planets,coord_mlp,1,relative_acc,v,1.1838648319244385,,,
multi-partial,shared_planets,coord_mlp,1,relative_acc,asr,0.9777909517288208,,,
multi-partial,shared_planets,coord_mlp,1,relative_acc,olr,1.011307954788208,,,
multi-partial,standard,coord_mlp,2,rmse,surface_temperature,16.334707260131836,,,
multi-partial,standard,coord_mlp,2,rmse,temperature,10.990146064758301,,,
multi-partial,standard,coord_mlp,2,rmse,specific_humidity_dex,0.5764671206474304,,,
multi-partial,standard,coord_mlp,2,rmse,cloud_fraction,0.10982748717069626,,,
multi-partial,standard,coord_mlp,2,rmse,u,12.23976240158081,,,
multi-partial,standard,coord_mlp,2,rmse,v,5.186207747459411,,,
multi-partial,standard,coord_mlp,2,rmse,asr,93.54772186279297,,,
multi-partial,standard,coord_mlp,2,rmse,olr,28.368595123291016,,,
multi-partial,standard,coord_mlp,2,acc,surface_temperature,0.9002798199653625,,,
multi-partial,standard,coord_mlp,2,acc,temperature,0.38339565694332123,,,
multi-partial,standard,coord_mlp,2,acc,specific_humidity_dex,0.6767950043082237,,,
multi-partial,standard,coord_mlp,2,acc,cloud_fraction,0.5707029461860657,,,
multi-partial,standard,coord_mlp,2,acc,u,0.5719521254301071,,,
multi-partial,standard,coord_mlp,2,acc,v,0.5935104638338089,,,
multi-partial,standard,coord_mlp,2,acc,asr,0.9657807946205139,,,
multi-partial,standard,coord_mlp,2,acc,olr,0.6991798281669617,,,
multi-partial,standard,coord_mlp,2,ramse,surface_temperature,17.683513641357422,,,
multi-partial,standard,coord_mlp,2,ramse,temperature,11.994440078735352,,,
multi-partial,standard,coord_mlp,2,ramse,specific_humidity_dex,0.6214456737041474,,,
multi-partial,standard,coord_mlp,2,ramse,cloud_fraction,0.13531891107559205,,,
multi-partial,standard,coord_mlp,2,ramse,u,14.868484592437744,,,
multi-partial,standard,coord_mlp,2,ramse,v,6.306046891212463,,,
multi-partial,standard,coord_mlp,2,ramse,asr,100.59994506835938,,,
multi-partial,standard,coord_mlp,2,ramse,olr,32.22465515136719,,,
multi-partial,shared_planets,coord_mlp,2,relative_rmse,surface_temperature,1.178466796875,,,
multi-partial,shared_planets,coord_mlp,2,relative_rmse,temperature,0.927801251411438,,,
multi-partial,shared_planets,coord_mlp,2,relative_rmse,specific_humidity_dex,0.8789166808128357,,,
multi-partial,shared_planets,coord_mlp,2,relative_rmse,cloud_fraction,0.7456220984458923,,,
multi-partial,shared_planets,coord_mlp,2,relative_rmse,u,0.9280521869659424,,,
multi-partial,shared_planets,coord_mlp,2,relative_rmse,v,0.9069167971611023,,,
multi-partial,shared_planets,coord_mlp,2,relative_rmse,asr,2.3754007816314697,,,
multi-partial,shared_planets,coord_mlp,2,relative_rmse,olr,1.1922492980957031,,,
multi-partial,shared_planets,coord_mlp,2,relative_acc,surface_temperature,0.9684222340583801,,,
multi-partial,shared_planets,coord_mlp,2,relative_acc,temperature,3.4538183212280273,,,
multi-partial,shared_planets,coord_mlp,2,relative_acc,specific_humidity_dex,1.1321195363998413,,,
multi-partial,shared_planets,coord_mlp,2,relative_acc,cloud_fraction,1.2692521810531616,,,
multi-partial,shared_planets,coord_mlp,2,relative_acc,u,3.19683575630188,,,
multi-partial,shared_planets,coord_mlp,2,relative_acc,v,1.1507254838943481,,,
multi-partial,shared_planets,coord_mlp,2,relative_acc,asr,0.9778870940208435,,,
multi-partial,shared_planets,coord_mlp,2,relative_acc,olr,0.9437587857246399,,,
multi-partial,standard,coord_mlp,3,rmse,surface_temperature,20.304149627685547,,,
multi-partial,standard,coord_mlp,3,rmse,temperature,12.53307638168335,,,
multi-partial,standard,coord_mlp,3,rmse,specific_humidity_dex,0.6225870549678802,,,
multi-partial,standard,coord_mlp,3,rmse,cloud_fraction,0.10665489099919796,,,
multi-partial,standard,coord_mlp,3,rmse,u,11.702894234657288,,,
multi-partial,standard,coord_mlp,3,rmse,v,4.910721564292908,,,
multi-partial,standard,coord_mlp,3,rmse,asr,69.68710327148438,,,
multi-partial,standard,coord_mlp,3,rmse,olr,26.798093795776367,,,
multi-partial,standard,coord_mlp,3,acc,surface_temperature,0.9064788818359375,,,
multi-partial,standard,coord_mlp,3,acc,temperature,0.4259166521616862,,,
multi-partial,standard,coord_mlp,3,acc,specific_humidity_dex,0.6468234270811081,,,
multi-partial,standard,coord_mlp,3,acc,cloud_fraction,0.5688294939696789,,,
multi-partial,standard,coord_mlp,3,acc,u,0.5828921034932136,,,
multi-partial,standard,coord_mlp,3,acc,v,0.616532278060913,,,
multi-partial,standard,coord_mlp,3,acc,asr,0.9663149118423462,,,
multi-partial,standard,coord_mlp,3,acc,olr,0.7168618440628052,,,
multi-partial,standard,coord_mlp,3,ramse,surface_temperature,21.1131534576416,,,
multi-partial,standard,coord_mlp,3,ramse,temperature,13.565785980224609,,,
multi-partial,standard,coord_mlp,3,ramse,specific_humidity_dex,0.6814567416906356,,,
multi-partial,standard,coord_mlp,3,ramse,cloud_fraction,0.13085997030138968,,,
multi-partial,standard,coord_mlp,3,ramse,u,14.439628744125367,,,
multi-partial,standard,coord_mlp,3,ramse,v,5.888271498680115,,,
multi-partial,standard,coord_mlp,3,ramse,asr,77.24970245361328,,,
multi-partial,standard,coord_mlp,3,ramse,olr,30.567106246948242,,,
multi-partial,shared_planets,coord_mlp,3,relative_rmse,surface_temperature,1.6348042488098145,,,
multi-partial,shared_planets,coord_mlp,3,relative_rmse,temperature,1.0566686391830444,,,
multi-partial,shared_planets,coord_mlp,3,relative_rmse,specific_humidity_dex,1.0398497581481934,,,
multi-partial,shared_planets,coord_mlp,3,relative_rmse,cloud_fraction,0.7214152812957764,,,
multi-partial,shared_planets,coord_mlp,3,relative_rmse,u,0.9313716292381287,,,
multi-partial,shared_planets,coord_mlp,3,relative_rmse,v,0.8862220644950867,,,
multi-partial,shared_planets,coord_mlp,3,relative_rmse,asr,1.7844353914260864,,,
multi-partial,shared_planets,coord_mlp,3,relative_rmse,olr,1.1020556688308716,,,
multi-partial,shared_planets,coord_mlp,3,relative_acc,surface_temperature,0.991590142250061,,,
multi-partial,shared_planets,coord_mlp,3,relative_acc,temperature,4.213184833526611,,,
multi-partial,shared_planets,coord_mlp,3,relative_acc,specific_humidity_dex,1.0753720998764038,,,
multi-partial,shared_planets,coord_mlp,3,relative_acc,cloud_fraction,1.2913267612457275,,,
multi-partial,shared_planets,coord_mlp,3,relative_acc,u,3.2363812923431396,,,
multi-partial,shared_planets,coord_mlp,3,relative_acc,v,1.160081148147583,,,
multi-partial,shared_planets,coord_mlp,3,relative_acc,asr,0.9789606928825378,,,
multi-partial,shared_planets,coord_mlp,3,relative_acc,olr,0.9803428053855896,,,
multi-partial,standard,coord_mlp,4,rmse,surface_temperature,16.843795776367188,,,
multi-partial,standard,coord_mlp,4,rmse,temperature,12.74912395477295,,,
multi-partial,standard,coord_mlp,4,rmse,specific_humidity_dex,0.7132425665855407,,,
multi-partial,standard,coord_mlp,4,rmse,cloud_fraction,0.10983073450624943,,,
multi-partial,standard,coord_mlp,4,rmse,u,12.005862617492676,,,
multi-partial,standard,coord_mlp,4,rmse,v,5.666009306907654,,,
multi-partial,standard,coord_mlp,4,rmse,asr,74.70089721679688,,,
multi-partial,standard,coord_mlp,4,rmse,olr,28.176889419555664,,,
multi-partial,standard,coord_mlp,4,acc,surface_temperature,0.9063864946365356,,,
multi-partial,standard,coord_mlp,4,acc,temperature,0.3784229297190905,,,
multi-partial,standard,coord_mlp,4,acc,specific_humidity_dex,0.6503432497382164,,,
multi-partial,standard,coord_mlp,4,acc,cloud_fraction,0.5635861083865166,,,
multi-partial,standard,coord_mlp,4,acc,u,0.5686531007289887,,,
multi-partial,standard,coord_mlp,4,acc,v,0.5772468686103821,,,
multi-partial,standard,coord_mlp,4,acc,asr,0.9654883742332458,,,
multi-partial,standard,coord_mlp,4,acc,olr,0.6765081286430359,,,
multi-partial,standard,coord_mlp,4,ramse,surface_temperature,18.157211303710938,,,
multi-partial,standard,coord_mlp,4,ramse,temperature,13.629292201995849,,,
multi-partial,standard,coord_mlp,4,ramse,specific_humidity_dex,0.7618066012859345,,,
multi-partial,standard,coord_mlp,4,ramse,cloud_fraction,0.13547755107283593,,,
multi-partial,standard,coord_mlp,4,ramse,u,14.528756475448608,,,
multi-partial,standard,coord_mlp,4,ramse,v,7.089220404624939,,,
multi-partial,standard,coord_mlp,4,ramse,asr,81.68094635009766,,,
multi-partial,standard,coord_mlp,4,ramse,olr,32.90459060668945,,,
multi-partial,shared_planets,coord_mlp,4,relative_rmse,surface_temperature,1.2598562240600586,,,
multi-partial,shared_planets,coord_mlp,4,relative_rmse,temperature,1.0663988590240479,,,
multi-partial,shared_planets,coord_mlp,4,relative_rmse,specific_humidity_dex,1.1503804922103882,,,
multi-partial,shared_planets,coord_mlp,4,relative_rmse,cloud_fraction,0.7526016235351562,,,
multi-partial,shared_planets,coord_mlp,4,relative_rmse,u,0.9459611177444458,,,
multi-partial,shared_planets,coord_mlp,4,relative_rmse,v,0.9584351181983948,,,
multi-partial,shared_planets,coord_mlp,4,relative_rmse,asr,1.842047929763794,,,
multi-partial,shared_planets,coord_mlp,4,relative_rmse,olr,1.2068768739700317,,,
multi-partial,shared_planets,coord_mlp,4,relative_acc,surface_temperature,0.9860767126083374,,,
multi-partial,shared_planets,coord_mlp,4,relative_acc,temperature,3.790705919265747,,,
multi-partial,shared_planets,coord_mlp,4,relative_acc,specific_humidity_dex,1.102207899093628,,,
multi-partial,shared_planets,coord_mlp,4,relative_acc,cloud_fraction,1.249782919883728,,,
multi-partial,shared_planets,coord_mlp,4,relative_acc,u,3.135469675064087,,,
multi-partial,shared_planets,coord_mlp,4,relative_acc,v,1.1367685794830322,,,
multi-partial,shared_planets,coord_mlp,4,relative_acc,asr,0.9757219552993774,,,
multi-partial,shared_planets,coord_mlp,4,relative_acc,olr,0.9098690152168274,,,
multi-partial,standard,gplfr,0,rmse,surface_temperature,9.826775550842285,results/models/multi-partial/gplfr/metrics_standard.json,results/models/multi-partial/gplfr/predictions.npz,results/models/multi-partial/gplfr/config.json
multi-partial,standard,gplfr,0,rmse,temperature,8.194123840332031,results/models/multi-partial/gplfr/metrics_standard.json,results/models/multi-partial/gplfr/predictions.npz,results/models/multi-partial/gplfr/config.json
multi-partial,standard,gplfr,0,rmse,specific_humidity_dex,0.4293355464935303,results/models/multi-partial/gplfr/metrics_standard.json,results/models/multi-partial/gplfr/predictions.npz,results/models/multi-partial/gplfr/config.json
multi-partial,standard,gplfr,0,rmse,cloud_fraction,0.07736995667219163,results/models/multi-partial/gplfr/metrics_standard.json,results/models/multi-partial/gplfr/predictions.npz,results/models/multi-partial/gplfr/config.json
multi-partial,standard,gplfr,0,rmse,u,9.448803877830505,results/models/multi-partial/gplfr/metrics_standard.json,results/models/multi-partial/gplfr/predictions.npz,results/models/multi-partial/gplfr/config.json
multi-partial,standard,gplfr,0,rmse,v,4.115927767753601,results/models/multi-partial/gplfr/metrics_standard.json,results/models/multi-partial/gplfr/predictions.npz,results/models/multi-partial/gplfr/config.json
multi-partial,standard,gplfr,0,rmse,asr,22.54296875,results/models/multi-partial/gplfr/metrics_standard.json,results/models/multi-partial/gplfr/predictions.npz,results/models/multi-partial/gplfr/config.json
multi-partial,standard,gplfr,0,rmse,olr,16.022092819213867,results/models/multi-partial/gplfr/metrics_standard.json,results/models/multi-partial/gplfr/predictions.npz,results/models/multi-partial/gplfr/config.json
multi-partial,standard,gplfr,0,acc,surface_temperature,0.9728075265884399,results/models/multi-partial/gplfr/metrics_standard.json,results/models/multi-partial/gplfr/predictions.npz,results/models/multi-partial/gplfr/config.json
multi-partial,standard,gplfr,0,acc,temperature,0.6897822171449661,results/models/multi-partial/gplfr/metrics_standard.json,results/models/multi-partial/gplfr/predictions.npz,results/models/multi-partial/gplfr/config.json
multi-partial,standard,gplfr,0,acc,specific_humidity_dex,0.7951019674539566,results/models/multi-partial/gplfr/metrics_standard.json,results/models/multi-partial/gplfr/predictions.npz,results/models/multi-partial/gplfr/config.json
multi-partial,standard,gplfr,0,acc,cloud_fraction,0.7134550720453262,results/models/multi-partial/gplfr/metrics_standard.json,results/models/multi-partial/gplfr/predictions.npz,results/models/multi-partial/gplfr/config.json
multi-partial,standard,gplfr,0,acc,u,0.730571860074997,results/models/multi-partial/gplfr/metrics_standard.json,results/models/multi-partial/gplfr/predictions.npz,results/models/multi-partial/gplfr/config.json
multi-partial,standard,gplfr,0,acc,v,0.7024211257696151,results/models/multi-partial/gplfr/metrics_standard.json,results/models/multi-partial/gplfr/predictions.npz,results/models/multi-partial/gplfr/config.json
multi-partial,standard,gplfr,0,acc,asr,0.9968134164810181,results/models/multi-partial/gplfr/metrics_standard.json,results/models/multi-partial/gplfr/predictions.npz,results/models/multi-partial/gplfr/config.json
multi-partial,standard,gplfr,0,acc,olr,0.8886244297027588,results/models/multi-partial/gplfr/metrics_standard.json,results/models/multi-partial/gplfr/predictions.npz,results/models/multi-partial/gplfr/config.json
multi-partial,standard,gplfr,0,ramse,surface_temperature,10.036452293395996,results/models/multi-partial/gplfr/metrics_standard.json,results/models/multi-partial/gplfr/predictions.npz,results/models/multi-partial/gplfr/config.json
multi-partial,standard,gplfr,0,ramse,temperature,8.498482751846314,results/models/multi-partial/gplfr/metrics_standard.json,results/models/multi-partial/gplfr/predictions.npz,results/models/multi-partial/gplfr/config.json
multi-partial,standard,gplfr,0,ramse,specific_humidity_dex,0.44650043547153473,results/models/multi-partial/gplfr/metrics_standard.json,results/models/multi-partial/gplfr/predictions.npz,results/models/multi-partial/gplfr/config.json
multi-partial,standard,gplfr,0,ramse,cloud_fraction,0.08905552104115486,results/models/multi-partial/gplfr/metrics_standard.json,results/models/multi-partial/gplfr/predictions.npz,results/models/multi-partial/gplfr/config.json
multi-partial,standard,gplfr,0,ramse,u,11.35906081199646,results/models/multi-partial/gplfr/metrics_standard.json,results/models/multi-partial/gplfr/predictions.npz,results/models/multi-partial/gplfr/config.json
multi-partial,standard,gplfr,0,ramse,v,4.9014819145202635,results/models/multi-partial/gplfr/metrics_standard.json,results/models/multi-partial/gplfr/predictions.npz,results/models/multi-partial/gplfr/config.json
multi-partial,standard,gplfr,0,ramse,asr,23.91234588623047,results/models/multi-partial/gplfr/metrics_standard.json,results/models/multi-partial/gplfr/predictions.npz,results/models/multi-partial/gplfr/config.json
multi-partial,standard,gplfr,0,ramse,olr,17.155488967895508,results/models/multi-partial/gplfr/metrics_standard.json,results/models/multi-partial/gplfr/predictions.npz,results/models/multi-partial/gplfr/config.json
multi-partial,standard,gplfr,0,energy_score,surface_temperature,7.90910530090332,results/models/multi-partial/gplfr/metrics_standard.json,results/models/multi-partial/gplfr/predictions.npz,results/models/multi-partial/gplfr/config.json
multi-partial,standard,gplfr,0,energy_score,temperature,6.6351536273956295,results/models/multi-partial/gplfr/metrics_standard.json,results/models/multi-partial/gplfr/predictions.npz,results/models/multi-partial/gplfr/config.json
multi-partial,standard,gplfr,0,energy_score,specific_humidity_dex,0.35568907409906386,results/models/multi-partial/gplfr/metrics_standard.json,results/models/multi-partial/gplfr/predictions.npz,results/models/multi-partial/gplfr/config.json
multi-partial,standard,gplfr,0,energy_score,cloud_fraction,0.05794317312538624,results/models/multi-partial/gplfr/metrics_standard.json,results/models/multi-partial/gplfr/predictions.npz,results/models/multi-partial/gplfr/config.json
multi-partial,standard,gplfr,0,energy_score,u,7.271187973022461,results/models/multi-partial/gplfr/metrics_standard.json,results/models/multi-partial/gplfr/predictions.npz,results/models/multi-partial/gplfr/config.json
multi-partial,standard,gplfr,0,energy_score,v,3.1579710602760316,results/models/multi-partial/gplfr/metrics_standard.json,results/models/multi-partial/gplfr/predictions.npz,results/models/multi-partial/gplfr/config.json
multi-partial,standard,gplfr,0,energy_score,asr,18.51345443725586,results/models/multi-partial/gplfr/metrics_standard.json,results/models/multi-partial/gplfr/predictions.npz,results/models/multi-partial/gplfr/config.json
multi-partial,standard,gplfr,0,energy_score,olr,12.562516212463379,results/models/multi-partial/gplfr/metrics_standard.json,results/models/multi-partial/gplfr/predictions.npz,results/models/multi-partial/gplfr/config.json
multi-partial,standard,gplfr,0,spread_skill_ratio,surface_temperature,1.0642178058624268,results/models/multi-partial/gplfr/metrics_standard.json,results/models/multi-partial/gplfr/predictions.npz,results/models/multi-partial/gplfr/config.json
multi-partial,standard,gplfr,0,spread_skill_ratio,temperature,1.01063072681427,results/models/multi-partial/gplfr/metrics_standard.json,results/models/multi-partial/gplfr/predictions.npz,results/models/multi-partial/gplfr/config.json
multi-partial,standard,gplfr,0,spread_skill_ratio,specific_humidity_dex,1.1446549773216248,results/models/multi-partial/gplfr/metrics_standard.json,results/models/multi-partial/gplfr/predictions.npz,results/models/multi-partial/gplfr/config.json
multi-partial,standard,gplfr,0,spread_skill_ratio,cloud_fraction,1.109632098674774,results/models/multi-partial/gplfr/metrics_standard.json,results/models/multi-partial/gplfr/predictions.npz,results/models/multi-partial/gplfr/config.json
multi-partial,standard,gplfr,0,spread_skill_ratio,u,0.6631669938564301,results/models/multi-partial/gplfr/metrics_standard.json,results/models/multi-partial/gplfr/predictions.npz,results/models/multi-partial/gplfr/config.json
multi-partial,standard,gplfr,0,spread_skill_ratio,v,0.8273179054260253,results/models/multi-partial/gplfr/metrics_standard.json,results/models/multi-partial/gplfr/predictions.npz,results/models/multi-partial/gplfr/config.json
multi-partial,standard,gplfr,0,spread_skill_ratio,asr,1.002403974533081,results/models/multi-partial/gplfr/metrics_standard.json,results/models/multi-partial/gplfr/predictions.npz,results/models/multi-partial/gplfr/config.json
multi-partial,standard,gplfr,0,spread_skill_ratio,olr,1.0307221412658691,results/models/multi-partial/gplfr/metrics_standard.json,results/models/multi-partial/gplfr/predictions.npz,results/models/multi-partial/gplfr/config.json
multi-partial,shared_planets,gplfr,0,relative_rmse,surface_temperature,0.7348847389221191,results/models/multi-partial/gplfr/metrics_shared_planets.json,results/models/multi-partial/gplfr/predictions_shared_planets.npz,results/models/multi-partial/gplfr/config.json
multi-partial,shared_planets,gplfr,0,relative_rmse,temperature,0.6664338707923889,results/models/multi-partial/gplfr/metrics_shared_planets.json,results/models/multi-partial/gplfr/predictions_shared_planets.npz,results/models/multi-partial/gplfr/config.json
multi-partial,shared_planets,gplfr,0,relative_rmse,specific_humidity_dex,0.66517174243927,results/models/multi-partial/gplfr/metrics_shared_planets.json,results/models/multi-partial/gplfr/predictions_shared_planets.npz,results/models/multi-partial/gplfr/config.json
multi-partial,shared_planets,gplfr,0,relative_rmse,cloud_fraction,0.5590317249298096,results/models/multi-partial/gplfr/metrics_shared_planets.json,results/models/multi-partial/gplfr/predictions_shared_planets.npz,results/models/multi-partial/gplfr/config.json
multi-partial,shared_planets,gplfr,0,relative_rmse,u,0.7610818147659302,results/models/multi-partial/gplfr/metrics_shared_planets.json,results/models/multi-partial/gplfr/predictions_shared_planets.npz,results/models/multi-partial/gplfr/config.json
multi-partial,shared_planets,gplfr,0,relative_rmse,v,0.7473699450492859,results/models/multi-partial/gplfr/metrics_shared_planets.json,results/models/multi-partial/gplfr/predictions_shared_planets.npz,results/models/multi-partial/gplfr/config.json
multi-partial,shared_planets,gplfr,0,relative_rmse,asr,0.5808218121528625,results/models/multi-partial/gplfr/metrics_shared_planets.json,results/models/multi-partial/gplfr/predictions_shared_planets.npz,results/models/multi-partial/gplfr/config.json
multi-partial,shared_planets,gplfr,0,relative_rmse,olr,0.6348080635070801,results/models/multi-partial/gplfr/metrics_shared_planets.json,results/models/multi-partial/gplfr/predictions_shared_planets.npz,results/models/multi-partial/gplfr/config.json
multi-partial,shared_planets,gplfr,0,relative_acc,surface_temperature,1.047177791595459,results/models/multi-partial/gplfr/metrics_shared_planets.json,results/models/multi-partial/gplfr/predictions_shared_planets.npz,results/models/multi-partial/gplfr/config.json
multi-partial,shared_planets,gplfr,0,relative_acc,temperature,5.136190891265869,results/models/multi-partial/gplfr/metrics_shared_planets.json,results/models/multi-partial/gplfr/predictions_shared_planets.npz,results/models/multi-partial/gplfr/config.json
multi-partial,shared_planets,gplfr,0,relative_acc,specific_humidity_dex,1.2985533475875854,results/models/multi-partial/gplfr/metrics_shared_planets.json,results/models/multi-partial/gplfr/predictions_shared_planets.npz,results/models/multi-partial/gplfr/config.json
multi-partial,shared_planets,gplfr,0,relative_acc,cloud_fraction,1.503434419631958,results/models/multi-partial/gplfr/metrics_shared_planets.json,results/models/multi-partial/gplfr/predictions_shared_planets.npz,results/models/multi-partial/gplfr/config.json
multi-partial,shared_planets,gplfr,0,relative_acc,u,3.61397385597229,results/models/multi-partial/gplfr/metrics_shared_planets.json,results/models/multi-partial/gplfr/predictions_shared_planets.npz,results/models/multi-partial/gplfr/config.json
multi-partial,shared_planets,gplfr,0,relative_acc,v,1.3620450496673584,results/models/multi-partial/gplfr/metrics_shared_planets.json,results/models/multi-partial/gplfr/predictions_shared_planets.npz,results/models/multi-partial/gplfr/config.json
multi-partial,shared_planets,gplfr,0,relative_acc,asr,1.0054055452346802,results/models/multi-partial/gplfr/metrics_shared_planets.json,results/models/multi-partial/gplfr/predictions_shared_planets.npz,results/models/multi-partial/gplfr/config.json
multi-partial,shared_planets,gplfr,0,relative_acc,olr,1.176120400428772,results/models/multi-partial/gplfr/metrics_shared_planets.json,results/models/multi-partial/gplfr/predictions_shared_planets.npz,results/models/multi-partial/gplfr/config.json
multi-partial,shared_planets,gplfr,0,relative_energy_score,surface_temperature,0.617218554019928,results/models/multi-partial/gplfr/metrics_shared_planets.json,results/models/multi-partial/gplfr/predictions_shared_planets.npz,results/models/multi-partial/gplfr/config.json
multi-partial,shared_planets,gplfr,0,relative_energy_score,temperature,0.5470758080482483,results/models/multi-partial/gplfr/metrics_shared_planets.json,results/models/multi-partial/gplfr/predictions_shared_planets.npz,results/models/multi-partial/gplfr/config.json
multi-partial,shared_planets,gplfr,0,relative_energy_score,specific_humidity_dex,0.557897686958313,results/models/multi-partial/gplfr/metrics_shared_planets.json,results/models/multi-partial/gplfr/predictions_shared_planets.npz,results/models/multi-partial/gplfr/config.json
multi-partial,shared_planets,gplfr,0,relative_energy_score,cloud_fraction,0.4141966998577118,results/models/multi-partial/gplfr/metrics_shared_planets.json,results/models/multi-partial/gplfr/predictions_shared_planets.npz,results/models/multi-partial/gplfr/config.json
multi-partial,shared_planets,gplfr,0,relative_energy_score,u,0.575628936290741,results/models/multi-partial/gplfr/metrics_shared_planets.json,results/models/multi-partial/gplfr/predictions_shared_planets.npz,results/models/multi-partial/gplfr/config.json
multi-partial,shared_planets,gplfr,0,relative_energy_score,v,0.5806031227111816,results/models/multi-partial/gplfr/metrics_shared_planets.json,results/models/multi-partial/gplfr/predictions_shared_planets.npz,results/models/multi-partial/gplfr/config.json
multi-partial,shared_planets,gplfr,0,relative_energy_score,asr,0.467658668756485,results/models/multi-partial/gplfr/metrics_shared_planets.json,results/models/multi-partial/gplfr/predictions_shared_planets.npz,results/models/multi-partial/gplfr/config.json
multi-partial,shared_planets,gplfr,0,relative_energy_score,olr,0.49742329120635986,results/models/multi-partial/gplfr/metrics_shared_planets.json,results/models/multi-partial/gplfr/predictions_shared_planets.npz,results/models/multi-partial/gplfr/config.json
multi-partial,standard,gplfr,1,rmse,surface_temperature,9.96350383758545,,,
multi-partial,standard,gplfr,1,rmse,temperature,8.364503049850464,,,
multi-partial,standard,gplfr,1,rmse,specific_humidity_dex,0.43639117777347564,,,
multi-partial,standard,gplfr,1,rmse,cloud_fraction,0.07784033305943013,,,
multi-partial,standard,gplfr,1,rmse,u,9.528922820091248,,,
multi-partial,standard,gplfr,1,rmse,v,4.134926342964173,,,
multi-partial,standard,gplfr,1,rmse,asr,22.85811424255371,,,
multi-partial,standard,gplfr,1,rmse,olr,16.22925567626953,,,
multi-partial,standard,gplfr,1,acc,surface_temperature,0.9730938673019409,,,
multi-partial,standard,gplfr,1,acc,temperature,0.6842878758907318,,,
multi-partial,standard,gplfr,1,acc,specific_humidity_dex,0.7905869454145431,,,
multi-partial,standard,gplfr,1,acc,cloud_fraction,0.7124760180711747,,,
multi-partial,standard,gplfr,1,acc,u,0.7286563575267792,,,
multi-partial,standard,gplfr,1,acc,v,0.6969719052314758,,,
multi-partial,standard,gplfr,1,acc,asr,0.9968310594558716,,,
multi-partial,standard,gplfr,1,acc,olr,0.8874137997627258,,,
multi-partial,standard,gplfr,1,ramse,surface_temperature,10.176942825317383,,,
multi-partial,standard,gplfr,1,ramse,temperature,8.671632242202758,,,
multi-partial,standard,gplfr,1,ramse,specific_humidity_dex,0.45350047647953035,,,
multi-partial,standard,gplfr,1,ramse,cloud_fraction,0.08937975876033306,,,
multi-partial,standard,gplfr,1,ramse,u,11.383945631980897,,,
multi-partial,standard,gplfr,1,ramse,v,4.924965405464173,,,
multi-partial,standard,gplfr,1,ramse,asr,24.20995330810547,,,
multi-partial,standard,gplfr,1,ramse,olr,17.397939682006836,,,
multi-partial,standard,gplfr,1,energy_score,surface_temperature,8.035141944885254,,,
multi-partial,standard,gplfr,1,energy_score,temperature,6.74857234954834,,,
multi-partial,standard,gplfr,1,energy_score,specific_humidity_dex,0.3613872155547142,,,
multi-partial,standard,gplfr,1,energy_score,cloud_fraction,0.05882556531578302,,,
multi-partial,standard,gplfr,1,energy_score,u,7.32424521446228,,,
multi-partial,standard,gplfr,1,energy_score,v,3.1597129106521606,,,
multi-partial,standard,gplfr,1,energy_score,asr,18.818092346191406,,,
multi-partial,standard,gplfr,1,energy_score,olr,12.862748146057129,,,
multi-partial,standard,gplfr,1,spread_skill_ratio,surface_temperature,1.092306137084961,,,
multi-partial,standard,gplfr,1,spread_skill_ratio,temperature,1.0243546426296235,,,
multi-partial,standard,gplfr,1,spread_skill_ratio,specific_humidity_dex,1.1647931218147278,,,
multi-partial,standard,gplfr,1,spread_skill_ratio,cloud_fraction,1.1563411355018616,,,
multi-partial,standard,gplfr,1,spread_skill_ratio,u,0.6883174240589142,,,
multi-partial,standard,gplfr,1,spread_skill_ratio,v,0.8690124332904816,,,
multi-partial,standard,gplfr,1,spread_skill_ratio,asr,1.0684312582015991,,,
multi-partial,standard,gplfr,1,spread_skill_ratio,olr,1.1162217855453491,,,
multi-partial,shared_planets,gplfr,1,relative_rmse,surface_temperature,0.7435646057128906,,,
multi-partial,shared_planets,gplfr,1,relative_rmse,temperature,0.669931173324585,,,
multi-partial,shared_planets,gplfr,1,relative_rmse,specific_humidity_dex,0.6735476851463318,,,
multi-partial,shared_planets,gplfr,1,relative_rmse,cloud_fraction,0.558356523513794,,,
multi-partial,shared_planets,gplfr,1,relative_rmse,u,0.7671370506286621,,,
multi-partial,shared_planets,gplfr,1,relative_rmse,v,0.7517586946487427,,,
multi-partial,shared_planets,gplfr,1,relative_rmse,asr,0.6006468534469604,,,
multi-partial,shared_planets,gplfr,1,relative_rmse,olr,0.6494114398956299,,,
multi-partial,shared_planets,gplfr,1,relative_acc,surface_temperature,1.0477641820907593,,,
multi-partial,shared_planets,gplfr,1,relative_acc,temperature,5.049333572387695,,,
multi-partial,shared_planets,gplfr,1,relative_acc,specific_humidity_dex,1.2929545640945435,,,
multi-partial,shared_planets,gplfr,1,relative_acc,cloud_fraction,1.50579833984375,,,
multi-partial,shared_planets,gplfr,1,relative_acc,u,3.601156234741211,,,
multi-partial,shared_planets,gplfr,1,relative_acc,v,1.3446214199066162,,,
multi-partial,shared_planets,gplfr,1,relative_acc,asr,1.0054051876068115,,,
multi-partial,shared_planets,gplfr,1,relative_acc,olr,1.173370122909546,,,
multi-partial,shared_planets,gplfr,1,relative_energy_score,surface_temperature,0.6247448921203613,,,
multi-partial,shared_planets,gplfr,1,relative_energy_score,temperature,0.556729793548584,,,
multi-partial,shared_planets,gplfr,1,relative_energy_score,specific_humidity_dex,0.5652645826339722,,,
multi-partial,shared_planets,gplfr,1,relative_energy_score,cloud_fraction,0.4195276200771332,,,
multi-partial,shared_planets,gplfr,1,relative_energy_score,u,0.5831328630447388,,,
multi-partial,shared_planets,gplfr,1,relative_energy_score,v,0.5831751823425293,,,
multi-partial,shared_planets,gplfr,1,relative_energy_score,asr,0.4773132801055908,,,
multi-partial,shared_planets,gplfr,1,relative_energy_score,olr,0.511859118938446,,,
multi-partial,standard,gplfr,2,rmse,surface_temperature,9.950200080871582,,,
multi-partial,standard,gplfr,2,rmse,temperature,8.303061628341675,,,
multi-partial,standard,gplfr,2,rmse,specific_humidity_dex,0.43282746374607084,,,
multi-partial,standard,gplfr,2,rmse,cloud_fraction,0.07827801629900932,,,
multi-partial,standard,gplfr,2,rmse,u,9.434932684898376,,,
multi-partial,standard,gplfr,2,rmse,v,4.119240260124206,,,
multi-partial,standard,gplfr,2,rmse,asr,22.72611427307129,,,
multi-partial,standard,gplfr,2,rmse,olr,16.10875129699707,,,
multi-partial,standard,gplfr,2,acc,surface_temperature,0.9739686250686646,,,
multi-partial,standard,gplfr,2,acc,temperature,0.6889567106962204,,,
multi-partial,standard,gplfr,2,acc,specific_humidity_dex,0.791018009185791,,,
multi-partial,standard,gplfr,2,acc,cloud_fraction,0.7123201221227646,,,
multi-partial,standard,gplfr,2,acc,u,0.7277751088142395,,,
multi-partial,standard,gplfr,2,acc,v,0.7006641715765,,,
multi-partial,standard,gplfr,2,acc,asr,0.9967987537384033,,,
multi-partial,standard,gplfr,2,acc,olr,0.8861220479011536,,,
multi-partial,standard,gplfr,2,ramse,surface_temperature,10.159756660461426,,,
multi-partial,standard,gplfr,2,ramse,temperature,8.604840326309205,,,
multi-partial,standard,gplfr,2,ramse,specific_humidity_dex,0.4499960333108902,,,
multi-partial,standard,gplfr,2,ramse,cloud_fraction,0.09014259576797486,,,
multi-partial,standard,gplfr,2,ramse,u,11.199408912658692,,,
multi-partial,standard,gplfr,2,ramse,v,4.8958824396133425,,,
multi-partial,standard,gplfr,2,ramse,asr,24.183958053588867,,,
multi-partial,standard,gplfr,2,ramse,olr,17.327560424804688,,,
multi-partial,standard,gplfr,2,energy_score,surface_temperature,7.975526332855225,,,
multi-partial,standard,gplfr,2,energy_score,temperature,6.718215227127075,,,
multi-partial,standard,gplfr,2,energy_score,specific_humidity_dex,0.3582411572337151,,,
multi-partial,standard,gplfr,2,energy_score,cloud_fraction,0.058966363966465,,,
multi-partial,standard,gplfr,2,energy_score,u,7.264331126213074,,,
multi-partial,standard,gplfr,2,energy_score,v,3.165631127357483,,,
multi-partial,standard,gplfr,2,energy_score,asr,18.655372619628906,,,
multi-partial,standard,gplfr,2,energy_score,olr,12.675381660461426,,,
multi-partial,standard,gplfr,2,spread_skill_ratio,surface_temperature,1.1210263967514038,,,
multi-partial,standard,gplfr,2,spread_skill_ratio,temperature,1.0402584850788117,,,
multi-partial,standard,gplfr,2,spread_skill_ratio,specific_humidity_dex,1.1872832775115967,,,
multi-partial,standard,gplfr,2,spread_skill_ratio,cloud_fraction,1.150505155324936,,,
multi-partial,standard,gplfr,2,spread_skill_ratio,u,0.6882858395576477,,,
multi-partial,standard,gplfr,2,spread_skill_ratio,v,0.8653956949710846,,,
multi-partial,standard,gplfr,2,spread_skill_ratio,asr,1.0636954307556152,,,
multi-partial,standard,gplfr,2,spread_skill_ratio,olr,1.1132891178131104,,,
multi-partial,shared_planets,gplfr,2,relative_rmse,surface_temperature,0.7448281049728394,,,
multi-partial,shared_planets,gplfr,2,relative_rmse,temperature,0.6704426407814026,,,
multi-partial,shared_planets,gplfr,2,relative_rmse,specific_humidity_dex,0.6701602935791016,,,
multi-partial,shared_planets,gplfr,2,relative_rmse,cloud_fraction,0.5659444332122803,,,
multi-partial,shared_planets,gplfr,2,relative_rmse,u,0.75506192445755,,,
multi-partial,shared_planets,gplfr,2,relative_rmse,v,0.741774320602417,,,
multi-partial,shared_planets,gplfr,2,relative_rmse,asr,0.587112545967102,,,
multi-partial,shared_planets,gplfr,2,relative_rmse,olr,0.6366699934005737,,,
multi-partial,shared_planets,gplfr,2,relative_acc,surface_temperature,1.0482977628707886,,,
multi-partial,shared_planets,gplfr,2,relative_acc,temperature,5.119644641876221,,,
multi-partial,shared_planets,gplfr,2,relative_acc,specific_humidity_dex,1.2946745157241821,,,
multi-partial,shared_planets,gplfr,2,relative_acc,cloud_fraction,1.4937713146209717,,,
multi-partial,shared_planets,gplfr,2,relative_acc,u,3.566241502761841,,,
multi-partial,shared_planets,gplfr,2,relative_acc,v,1.3494118452072144,,,
multi-partial,shared_planets,gplfr,2,relative_acc,asr,1.0053603649139404,,,
multi-partial,shared_planets,gplfr,2,relative_acc,olr,1.1732177734375,,,
multi-partial,shared_planets,gplfr,2,relative_energy_score,surface_temperature,0.6298933029174805,,,
multi-partial,shared_planets,gplfr,2,relative_energy_score,temperature,0.5568381547927856,,,
multi-partial,shared_planets,gplfr,2,relative_energy_score,specific_humidity_dex,0.5651823878288269,,,
multi-partial,shared_planets,gplfr,2,relative_energy_score,cloud_fraction,0.42443135380744934,,,
multi-partial,shared_planets,gplfr,2,relative_energy_score,u,0.5770211219787598,,,
multi-partial,shared_planets,gplfr,2,relative_energy_score,v,0.580125629901886,,,
multi-partial,shared_planets,gplfr,2,relative_energy_score,asr,0.47172030806541443,,,
multi-partial,shared_planets,gplfr,2,relative_energy_score,olr,0.5056466460227966,,,
multi-partial,standard,gplfr,3,rmse,surface_temperature,9.9191312789917,,,
multi-partial,standard,gplfr,3,rmse,temperature,8.27381763458252,,,
multi-partial,standard,gplfr,3,rmse,specific_humidity_dex,0.435291188955307,,,
multi-partial,standard,gplfr,3,rmse,cloud_fraction,0.07767804972827434,,,
multi-partial,standard,gplfr,3,rmse,u,9.5194593667984,,,
multi-partial,standard,gplfr,3,rmse,v,4.118602728843689,,,
multi-partial,standard,gplfr,3,rmse,asr,22.831056594848633,,,
multi-partial,standard,gplfr,3,rmse,olr,16.181020736694336,,,
multi-partial,standard,gplfr,3,acc,surface_temperature,0.9740103483200073,,,
multi-partial,standard,gplfr,3,acc,temperature,0.6869793236255646,,,
multi-partial,standard,gplfr,3,acc,specific_humidity_dex,0.7893366783857345,,,
multi-partial,standard,gplfr,3,acc,cloud_fraction,0.7139420300722122,,,
multi-partial,standard,gplfr,3,acc,u,0.7304733991622925,,,
multi-partial,standard,gplfr,3,acc,v,0.6979221522808075,,,
multi-partial,standard,gplfr,3,acc,asr,0.996797502040863,,,
multi-partial,standard,gplfr,3,acc,olr,0.8877909779548645,,,
multi-partial,standard,gplfr,3,ramse,surface_temperature,10.126480102539062,,,
multi-partial,standard,gplfr,3,ramse,temperature,8.58382215499878,,,
multi-partial,standard,gplfr,3,ramse,specific_humidity_dex,0.4524661421775818,,,
multi-partial,standard,gplfr,3,ramse,cloud_fraction,0.08927668258547783,,,
multi-partial,standard,gplfr,3,ramse,u,11.375779175758362,,,
multi-partial,standard,gplfr,3,ramse,v,4.905284357070923,,,
multi-partial,standard,gplfr,3,ramse,asr,24.215023040771484,,,
multi-partial,standard,gplfr,3,ramse,olr,17.351369857788086,,,
multi-partial,standard,gplfr,3,energy_score,surface_temperature,7.998238563537598,,,
multi-partial,standard,gplfr,3,energy_score,temperature,6.650383520126343,,,
multi-partial,standard,gplfr,3,energy_score,specific_humidity_dex,0.3589197427034378,,,
multi-partial,standard,gplfr,3,energy_score,cloud_fraction,0.05842090323567391,,,
multi-partial,standard,gplfr,3,energy_score,u,7.316726469993592,,,
multi-partial,standard,gplfr,3,energy_score,v,3.1761078000068665,,,
multi-partial,standard,gplfr,3,energy_score,asr,18.78287124633789,,,
multi-partial,standard,gplfr,3,energy_score,olr,12.742289543151855,,,
multi-partial,standard,gplfr,3,spread_skill_ratio,surface_temperature,1.093719482421875,,,
multi-partial,standard,gplfr,3,spread_skill_ratio,temperature,1.0295336246490479,,,
multi-partial,standard,gplfr,3,spread_skill_ratio,specific_humidity_dex,1.168574857711792,,,
multi-partial,standard,gplfr,3,spread_skill_ratio,cloud_fraction,1.1303487956523894,,,
multi-partial,standard,gplfr,3,spread_skill_ratio,u,0.6716679453849792,,,
multi-partial,standard,gplfr,3,spread_skill_ratio,v,0.8464717030525207,,,
multi-partial,standard,gplfr,3,spread_skill_ratio,asr,1.0300228595733643,,,
multi-partial,standard,gplfr,3,spread_skill_ratio,olr,1.0806522369384766,,,
multi-partial,shared_planets,gplfr,3,relative_rmse,surface_temperature,0.736699640750885,,,
multi-partial,shared_planets,gplfr,3,relative_rmse,temperature,0.6611354947090149,,,
multi-partial,shared_planets,gplfr,3,relative_rmse,specific_humidity_dex,0.6731537580490112,,,
multi-partial,shared_planets,gplfr,3,relative_rmse,cloud_fraction,0.5590062141418457,,,
multi-partial,shared_planets,gplfr,3,relative_rmse,u,0.767914891242981,,,
multi-partial,shared_planets,gplfr,3,relative_rmse,v,0.7489675879478455,,,
multi-partial,shared_planets,gplfr,3,relative_rmse,asr,0.5947213172912598,,,
multi-partial,shared_planets,gplfr,3,relative_rmse,olr,0.6454303860664368,,,
multi-partial,shared_planets,gplfr,3,relative_acc,surface_temperature,1.0483393669128418,,,
multi-partial,shared_planets,gplfr,3,relative_acc,temperature,5.165952682495117,,,
multi-partial,shared_planets,gplfr,3,relative_acc,specific_humidity_dex,1.2921661138534546,,,
multi-partial,shared_planets,gplfr,3,relative_acc,cloud_fraction,1.5073611736297607,,,
multi-partial,shared_planets,gplfr,3,relative_acc,u,3.579500913619995,,,
multi-partial,shared_planets,gplfr,3,relative_acc,v,1.3469802141189575,,,
multi-partial,shared_planets,gplfr,3,relative_acc,asr,1.0053728818893433,,,
multi-partial,shared_planets,gplfr,3,relative_acc,olr,1.1737217903137207,,,
multi-partial,shared_planets,gplfr,3,relative_energy_score,surface_temperature,0.6185547113418579,,,
multi-partial,shared_planets,gplfr,3,relative_energy_score,temperature,0.5463131666183472,,,
multi-partial,shared_planets,gplfr,3,relative_energy_score,specific_humidity_dex,0.5624443292617798,,,
multi-partial,shared_planets,gplfr,3,relative_energy_score,cloud_fraction,0.42026838660240173,,,
multi-partial,shared_planets,gplfr,3,relative_energy_score,u,0.5808219909667969,,,
multi-partial,shared_planets,gplfr,3,relative_energy_score,v,0.5892173647880554,,,
multi-partial,shared_planets,gplfr,3,relative_energy_score,asr,0.4730031490325928,,,
multi-partial,shared_planets,gplfr,3,relative_energy_score,olr,0.5034945011138916,,,
multi-partial,standard,gplfr,4,rmse,surface_temperature,9.809608459472656,,,
multi-partial,standard,gplfr,4,rmse,temperature,8.145495939254761,,,
multi-partial,standard,gplfr,4,rmse,specific_humidity_dex,0.42811253666877747,,,
multi-partial,standard,gplfr,4,rmse,cloud_fraction,0.0780610378831625,,,
multi-partial,standard,gplfr,4,rmse,u,9.567761397361755,,,
multi-partial,standard,gplfr,4,rmse,v,4.120631313323974,,,
multi-partial,standard,gplfr,4,rmse,asr,23.02346420288086,,,
multi-partial,standard,gplfr,4,rmse,olr,16.061885833740234,,,
multi-partial,standard,gplfr,4,acc,surface_temperature,0.9733256697654724,,,
multi-partial,standard,gplfr,4,acc,temperature,0.6865846037864685,,,
multi-partial,standard,gplfr,4,acc,specific_humidity_dex,0.7919194668531417,,,
multi-partial,standard,gplfr,4,acc,cloud_fraction,0.7097144186496734,,,
multi-partial,standard,gplfr,4,acc,u,0.7246367454528808,,,
multi-partial,standard,gplfr,4,acc,v,0.698175460100174,,,
multi-partial,standard,gplfr,4,acc,asr,0.9966628551483154,,,
multi-partial,standard,gplfr,4,acc,olr,0.8884615302085876,,,
multi-partial,standard,gplfr,4,ramse,surface_temperature,10.023966789245605,,,
multi-partial,standard,gplfr,4,ramse,temperature,8.455721187591553,,,
multi-partial,standard,gplfr,4,ramse,specific_humidity_dex,0.44541635513305666,,,
multi-partial,standard,gplfr,4,ramse,cloud_fraction,0.08985360562801362,,,
multi-partial,standard,gplfr,4,ramse,u,11.42430920600891,,,
multi-partial,standard,gplfr,4,ramse,v,4.9091408252716064,,,
multi-partial,standard,gplfr,4,ramse,asr,24.4998722076416,,,
multi-partial,standard,gplfr,4,ramse,olr,17.215015411376953,,,
multi-partial,standard,gplfr,4,energy_score,surface_temperature,7.9823737144470215,,,
multi-partial,standard,gplfr,4,energy_score,temperature,6.636566257476806,,,
multi-partial,standard,gplfr,4,energy_score,specific_humidity_dex,0.3572852298617363,,,
multi-partial,standard,gplfr,4,energy_score,cloud_fraction,0.058787266723811626,,,
multi-partial,standard,gplfr,4,energy_score,u,7.365115904808045,,,
multi-partial,standard,gplfr,4,energy_score,v,3.1826561093330383,,,
multi-partial,standard,gplfr,4,energy_score,asr,18.91419219970703,,,
multi-partial,standard,gplfr,4,energy_score,olr,12.708597183227539,,,
multi-partial,standard,gplfr,4,spread_skill_ratio,surface_temperature,1.0855008363723755,,,
multi-partial,standard,gplfr,4,spread_skill_ratio,temperature,1.0492125689983367,,,
multi-partial,standard,gplfr,4,spread_skill_ratio,specific_humidity_dex,1.1632326126098633,,,
multi-partial,standard,gplfr,4,spread_skill_ratio,cloud_fraction,1.1409997582435607,,,
multi-partial,standard,gplfr,4,spread_skill_ratio,u,0.677972286939621,,,
multi-partial,standard,gplfr,4,spread_skill_ratio,v,0.8552050709724426,,,
multi-partial,standard,gplfr,4,spread_skill_ratio,asr,1.0398560762405396,,,
multi-partial,standard,gplfr,4,spread_skill_ratio,olr,1.0945090055465698,,,
multi-partial,shared_planets,gplfr,4,relative_rmse,surface_temperature,0.7333226203918457,,,
multi-partial,shared_planets,gplfr,4,relative_rmse,temperature,0.652134120464325,,,
multi-partial,shared_planets,gplfr,4,relative_rmse,specific_humidity_dex,0.6671229004859924,,,
multi-partial,shared_planets,gplfr,4,relative_rmse,cloud_fraction,0.5670538544654846,,,
multi-partial,shared_planets,gplfr,4,relative_rmse,u,0.772555947303772,,,
multi-partial,shared_planets,gplfr,4,relative_rmse,v,0.7536354660987854,,,
multi-partial,shared_planets,gplfr,4,relative_rmse,asr,0.609157919883728,,,
multi-partial,shared_planets,gplfr,4,relative_rmse,olr,0.6348515152931213,,,
multi-partial,shared_planets,gplfr,4,relative_acc,surface_temperature,1.048370122909546,,,
multi-partial,shared_planets,gplfr,4,relative_acc,temperature,5.05436897277832,,,
multi-partial,shared_planets,gplfr,4,relative_acc,specific_humidity_dex,1.294756531715393,,,
multi-partial,shared_planets,gplfr,4,relative_acc,cloud_fraction,1.4888817071914673,,,
multi-partial,shared_planets,gplfr,4,relative_acc,u,3.561230182647705,,,
multi-partial,shared_planets,gplfr,4,relative_acc,v,1.3493002653121948,,,
multi-partial,shared_planets,gplfr,4,relative_acc,asr,1.0051207542419434,,,
multi-partial,shared_planets,gplfr,4,relative_acc,olr,1.1775561571121216,,,
multi-partial,shared_planets,gplfr,4,relative_energy_score,surface_temperature,0.6246742606163025,,,
multi-partial,shared_planets,gplfr,4,relative_energy_score,temperature,0.549777090549469,,,
multi-partial,shared_planets,gplfr,4,relative_energy_score,specific_humidity_dex,0.563391923904419,,,
multi-partial,shared_planets,gplfr,4,relative_energy_score,cloud_fraction,0.4251371920108795,,,
multi-partial,shared_planets,gplfr,4,relative_energy_score,u,0.5868522524833679,,,
multi-partial,shared_planets,gplfr,4,relative_energy_score,v,0.5902447700500488,,,
multi-partial,shared_planets,gplfr,4,relative_energy_score,asr,0.48842892050743103,,,
multi-partial,shared_planets,gplfr,4,relative_energy_score,olr,0.5012341141700745,,,
multi-partial,standard,knn,0,rmse,surface_temperature,18.793922424316406,results/models/multi-partial/knn/metrics_standard.json,results/models/multi-partial/knn/predictions.npz,results/models/multi-partial/knn/config.json
multi-partial,standard,knn,0,rmse,temperature,14.661604309082032,results/models/multi-partial/knn/metrics_standard.json,results/models/multi-partial/knn/predictions.npz,results/models/multi-partial/knn/config.json
multi-partial,standard,knn,0,rmse,specific_humidity_dex,0.78364776968956,results/models/multi-partial/knn/metrics_standard.json,results/models/multi-partial/knn/predictions.npz,results/models/multi-partial/knn/config.json
multi-partial,standard,knn,0,rmse,cloud_fraction,0.09976855814456939,results/models/multi-partial/knn/metrics_standard.json,results/models/multi-partial/knn/predictions.npz,results/models/multi-partial/knn/config.json
multi-partial,standard,knn,0,rmse,u,10.92206826210022,results/models/multi-partial/knn/metrics_standard.json,results/models/multi-partial/knn/predictions.npz,results/models/multi-partial/knn/config.json
multi-partial,standard,knn,0,rmse,v,4.722093296051026,results/models/multi-partial/knn/metrics_standard.json,results/models/multi-partial/knn/predictions.npz,results/models/multi-partial/knn/config.json
multi-partial,standard,knn,0,rmse,asr,33.178287506103516,results/models/multi-partial/knn/metrics_standard.json,results/models/multi-partial/knn/predictions.npz,results/models/multi-partial/knn/config.json
multi-partial,standard,knn,0,rmse,olr,24.795509338378906,results/models/multi-partial/knn/metrics_standard.json,results/models/multi-partial/knn/predictions.npz,results/models/multi-partial/knn/config.json
multi-partial,standard,knn,0,acc,surface_temperature,0.9675062298774719,results/models/multi-partial/knn/metrics_standard.json,results/models/multi-partial/knn/predictions.npz,results/models/multi-partial/knn/config.json
multi-partial,standard,knn,0,acc,temperature,0.6342451572418213,results/models/multi-partial/knn/metrics_standard.json,results/models/multi-partial/knn/predictions.npz,results/models/multi-partial/knn/config.json
multi-partial,standard,knn,0,acc,specific_humidity_dex,0.7804919242858886,results/models/multi-partial/knn/metrics_standard.json,results/models/multi-partial/knn/predictions.npz,results/models/multi-partial/knn/config.json
multi-partial,standard,knn,0,acc,cloud_fraction,0.6347853392362595,results/models/multi-partial/knn/metrics_standard.json,results/models/multi-partial/knn/predictions.npz,results/models/multi-partial/knn/config.json
multi-partial,standard,knn,0,acc,u,0.6698642611503601,results/models/multi-partial/knn/metrics_standard.json,results/models/multi-partial/knn/predictions.npz,results/models/multi-partial/knn/config.json
multi-partial,standard,knn,0,acc,v,0.6648091018199921,results/models/multi-partial/knn/metrics_standard.json,results/models/multi-partial/knn/predictions.npz,results/models/multi-partial/knn/config.json
multi-partial,standard,knn,0,acc,asr,0.9949461221694946,results/models/multi-partial/knn/metrics_standard.json,results/models/multi-partial/knn/predictions.npz,results/models/multi-partial/knn/config.json
multi-partial,standard,knn,0,acc,olr,0.8153479099273682,results/models/multi-partial/knn/metrics_standard.json,results/models/multi-partial/knn/predictions.npz,results/models/multi-partial/knn/config.json
multi-partial,standard,knn,0,ramse,surface_temperature,19.070541381835938,results/models/multi-partial/knn/metrics_standard.json,results/models/multi-partial/knn/predictions.npz,results/models/multi-partial/knn/config.json
multi-partial,standard,knn,0,ramse,temperature,15.030132484436034,results/models/multi-partial/knn/metrics_standard.json,results/models/multi-partial/knn/predictions.npz,results/models/multi-partial/knn/config.json
multi-partial,standard,knn,0,ramse,specific_humidity_dex,0.7995890259742737,results/models/multi-partial/knn/metrics_standard.json,results/models/multi-partial/knn/predictions.npz,results/models/multi-partial/knn/config.json
multi-partial,standard,knn,0,ramse,cloud_fraction,0.1183881763368845,results/models/multi-partial/knn/metrics_standard.json,results/models/multi-partial/knn/predictions.npz,results/models/multi-partial/knn/config.json
multi-partial,standard,knn,0,ramse,u,13.241886520385743,results/models/multi-partial/knn/metrics_standard.json,results/models/multi-partial/knn/predictions.npz,results/models/multi-partial/knn/config.json
multi-partial,standard,knn,0,ramse,v,5.775532650947571,results/models/multi-partial/knn/metrics_standard.json,results/models/multi-partial/knn/predictions.npz,results/models/multi-partial/knn/config.json
multi-partial,standard,knn,0,ramse,asr,35.117374420166016,results/models/multi-partial/knn/metrics_standard.json,results/models/multi-partial/knn/predictions.npz,results/models/multi-partial/knn/config.json
multi-partial,standard,knn,0,ramse,olr,27.53128433227539,results/models/multi-partial/knn/metrics_standard.json,results/models/multi-partial/knn/predictions.npz,results/models/multi-partial/knn/config.json
multi-partial,shared_planets,knn,0,relative_rmse,surface_temperature,1.2825928926467896,results/models/multi-partial/knn/metrics_shared_planets.json,results/models/multi-partial/knn/predictions_shared_planets.npz,results/models/multi-partial/knn/config.json
multi-partial,shared_planets,knn,0,relative_rmse,temperature,1.2093088626861572,results/models/multi-partial/knn/metrics_shared_planets.json,results/models/multi-partial/knn/predictions_shared_planets.npz,results/models/multi-partial/knn/config.json
multi-partial,shared_planets,knn,0,relative_rmse,specific_humidity_dex,1.2468352317810059,results/models/multi-partial/knn/metrics_shared_planets.json,results/models/multi-partial/knn/predictions_shared_planets.npz,results/models/multi-partial/knn/config.json
multi-partial,shared_planets,knn,0,relative_rmse,cloud_fraction,0.7517367005348206,results/models/multi-partial/knn/metrics_shared_planets.json,results/models/multi-partial/knn/predictions_shared_planets.npz,results/models/multi-partial/knn/config.json
multi-partial,shared_planets,knn,0,relative_rmse,u,0.832310676574707,results/models/multi-partial/knn/metrics_shared_planets.json,results/models/multi-partial/knn/predictions_shared_planets.npz,results/models/multi-partial/knn/config.json
multi-partial,shared_planets,knn,0,relative_rmse,v,0.8283330202102661,results/models/multi-partial/knn/metrics_shared_planets.json,results/models/multi-partial/knn/predictions_shared_planets.npz,results/models/multi-partial/knn/config.json
multi-partial,shared_planets,knn,0,relative_rmse,asr,0.883643627166748,results/models/multi-partial/knn/metrics_shared_planets.json,results/models/multi-partial/knn/predictions_shared_planets.npz,results/models/multi-partial/knn/config.json
multi-partial,shared_planets,knn,0,relative_rmse,olr,1.0230122804641724,results/models/multi-partial/knn/metrics_shared_planets.json,results/models/multi-partial/knn/predictions_shared_planets.npz,results/models/multi-partial/knn/config.json
multi-partial,shared_planets,knn,0,relative_acc,surface_temperature,1.0435914993286133,results/models/multi-partial/knn/metrics_shared_planets.json,results/models/multi-partial/knn/predictions_shared_planets.npz,results/models/multi-partial/knn/config.json
multi-partial,shared_planets,knn,0,relative_acc,temperature,5.671046257019043,results/models/multi-partial/knn/metrics_shared_planets.json,results/models/multi-partial/knn/predictions_shared_planets.npz,results/models/multi-partial/knn/config.json
multi-partial,shared_planets,knn,0,relative_acc,specific_humidity_dex,1.3100757598876953,results/models/multi-partial/knn/metrics_shared_planets.json,results/models/multi-partial/knn/predictions_shared_planets.npz,results/models/multi-partial/knn/config.json
multi-partial,shared_planets,knn,0,relative_acc,cloud_fraction,1.3175597190856934,results/models/multi-partial/knn/metrics_shared_planets.json,results/models/multi-partial/knn/predictions_shared_planets.npz,results/models/multi-partial/knn/config.json
multi-partial,shared_planets,knn,0,relative_acc,u,3.629149913787842,results/models/multi-partial/knn/metrics_shared_planets.json,results/models/multi-partial/knn/predictions_shared_planets.npz,results/models/multi-partial/knn/config.json
multi-partial,shared_planets,knn,0,relative_acc,v,1.2472363710403442,results/models/multi-partial/knn/metrics_shared_planets.json,results/models/multi-partial/knn/predictions_shared_planets.npz,results/models/multi-partial/knn/config.json
multi-partial,shared_planets,knn,0,relative_acc,asr,1.003507375717163,results/models/multi-partial/knn/metrics_shared_planets.json,results/models/multi-partial/knn/predictions_shared_planets.npz,results/models/multi-partial/knn/config.json
multi-partial,shared_planets,knn,0,relative_acc,olr,1.0750585794448853,results/models/multi-partial/knn/metrics_shared_planets.json,results/models/multi-partial/knn/predictions_shared_planets.npz,results/models/multi-partial/knn/config.json
multi-partial,standard,pca_gbt,0,rmse,surface_temperature,11.870917320251465,results/models/multi-partial/pca_gbt/metrics_standard.json,results/models/multi-partial/pca_gbt/predictions.npz,results/models/multi-partial/pca_gbt/config.json
multi-partial,standard,pca_gbt,0,rmse,temperature,10.187142086029052,results/models/multi-partial/pca_gbt/metrics_standard.json,results/models/multi-partial/pca_gbt/predictions.npz,results/models/multi-partial/pca_gbt/config.json
multi-partial,standard,pca_gbt,0,rmse,specific_humidity_dex,0.537006801366806,results/models/multi-partial/pca_gbt/metrics_standard.json,results/models/multi-partial/pca_gbt/predictions.npz,results/models/multi-partial/pca_gbt/config.json
multi-partial,standard,pca_gbt,0,rmse,cloud_fraction,0.08875879421830177,results/models/multi-partial/pca_gbt/metrics_standard.json,results/models/multi-partial/pca_gbt/predictions.npz,results/models/multi-partial/pca_gbt/config.json
multi-partial,standard,pca_gbt,0,rmse,u,10.684427046775818,results/models/multi-partial/pca_gbt/metrics_standard.json,results/models/multi-partial/pca_gbt/predictions.npz,results/models/multi-partial/pca_gbt/config.json
multi-partial,standard,pca_gbt,0,rmse,v,4.811474704742432,results/models/multi-partial/pca_gbt/metrics_standard.json,results/models/multi-partial/pca_gbt/predictions.npz,results/models/multi-partial/pca_gbt/config.json
multi-partial,standard,pca_gbt,0,rmse,asr,27.16459083557129,results/models/multi-partial/pca_gbt/metrics_standard.json,results/models/multi-partial/pca_gbt/predictions.npz,results/models/multi-partial/pca_gbt/config.json
multi-partial,standard,pca_gbt,0,rmse,olr,19.15777015686035,results/models/multi-partial/pca_gbt/metrics_standard.json,results/models/multi-partial/pca_gbt/predictions.npz,results/models/multi-partial/pca_gbt/config.json
multi-partial,standard,pca_gbt,0,acc,surface_temperature,0.9643977880477905,results/models/multi-partial/pca_gbt/metrics_standard.json,results/models/multi-partial/pca_gbt/predictions.npz,results/models/multi-partial/pca_gbt/config.json
multi-partial,standard,pca_gbt,0,acc,temperature,0.5905296549201011,results/models/multi-partial/pca_gbt/metrics_standard.json,results/models/multi-partial/pca_gbt/predictions.npz,results/models/multi-partial/pca_gbt/config.json
multi-partial,standard,pca_gbt,0,acc,specific_humidity_dex,0.7551705807447433,results/models/multi-partial/pca_gbt/metrics_standard.json,results/models/multi-partial/pca_gbt/predictions.npz,results/models/multi-partial/pca_gbt/config.json
multi-partial,standard,pca_gbt,0,acc,cloud_fraction,0.662357023358345,results/models/multi-partial/pca_gbt/metrics_standard.json,results/models/multi-partial/pca_gbt/predictions.npz,results/models/multi-partial/pca_gbt/config.json
multi-partial,standard,pca_gbt,0,acc,u,0.6520624816417694,results/models/multi-partial/pca_gbt/metrics_standard.json,results/models/multi-partial/pca_gbt/predictions.npz,results/models/multi-partial/pca_gbt/config.json
multi-partial,standard,pca_gbt,0,acc,v,0.6304126977920532,results/models/multi-partial/pca_gbt/metrics_standard.json,results/models/multi-partial/pca_gbt/predictions.npz,results/models/multi-partial/pca_gbt/config.json
multi-partial,standard,pca_gbt,0,acc,asr,0.9960055351257324,results/models/multi-partial/pca_gbt/metrics_standard.json,results/models/multi-partial/pca_gbt/predictions.npz,results/models/multi-partial/pca_gbt/config.json
multi-partial,standard,pca_gbt,0,acc,olr,0.8602495193481445,results/models/multi-partial/pca_gbt/metrics_standard.json,results/models/multi-partial/pca_gbt/predictions.npz,results/models/multi-partial/pca_gbt/config.json
multi-partial,standard,pca_gbt,0,ramse,surface_temperature,12.149626731872559,results/models/multi-partial/pca_gbt/metrics_standard.json,results/models/multi-partial/pca_gbt/predictions.npz,results/models/multi-partial/pca_gbt/config.json
multi-partial,standard,pca_gbt,0,ramse,temperature,10.575212669372558,results/models/multi-partial/pca_gbt/metrics_standard.json,results/models/multi-partial/pca_gbt/predictions.npz,results/models/multi-partial/pca_gbt/config.json
multi-partial,standard,pca_gbt,0,ramse,specific_humidity_dex,0.5610202819108963,results/models/multi-partial/pca_gbt/metrics_standard.json,results/models/multi-partial/pca_gbt/predictions.npz,results/models/multi-partial/pca_gbt/config.json
multi-partial,standard,pca_gbt,0,ramse,cloud_fraction,0.10384241715073586,results/models/multi-partial/pca_gbt/metrics_standard.json,results/models/multi-partial/pca_gbt/predictions.npz,results/models/multi-partial/pca_gbt/config.json
multi-partial,standard,pca_gbt,0,ramse,u,13.120346736907958,results/models/multi-partial/pca_gbt/metrics_standard.json,results/models/multi-partial/pca_gbt/predictions.npz,results/models/multi-partial/pca_gbt/config.json
multi-partial,standard,pca_gbt,0,ramse,v,5.932850646972656,results/models/multi-partial/pca_gbt/metrics_standard.json,results/models/multi-partial/pca_gbt/predictions.npz,results/models/multi-partial/pca_gbt/config.json
multi-partial,standard,pca_gbt,0,ramse,asr,28.968496322631836,results/models/multi-partial/pca_gbt/metrics_standard.json,results/models/multi-partial/pca_gbt/predictions.npz,results/models/multi-partial/pca_gbt/config.json
multi-partial,standard,pca_gbt,0,ramse,olr,20.64192771911621,results/models/multi-partial/pca_gbt/metrics_standard.json,results/models/multi-partial/pca_gbt/predictions.npz,results/models/multi-partial/pca_gbt/config.json
multi-partial,shared_planets,pca_gbt,0,relative_rmse,surface_temperature,0.9619677066802979,results/models/multi-partial/pca_gbt/metrics_shared_planets.json,results/models/multi-partial/pca_gbt/predictions_shared_planets.npz,results/models/multi-partial/pca_gbt/config.json
multi-partial,shared_planets,pca_gbt,0,relative_rmse,temperature,0.9293258190155029,results/models/multi-partial/pca_gbt/metrics_shared_planets.json,results/models/multi-partial/pca_gbt/predictions_shared_planets.npz,results/models/multi-partial/pca_gbt/config.json
multi-partial,shared_planets,pca_gbt,0,relative_rmse,specific_humidity_dex,0.8836098909378052,results/models/multi-partial/pca_gbt/metrics_shared_planets.json,results/models/multi-partial/pca_gbt/predictions_shared_planets.npz,results/models/multi-partial/pca_gbt/config.json
multi-partial,shared_planets,pca_gbt,0,relative_rmse,cloud_fraction,0.6449089050292969,results/models/multi-partial/pca_gbt/metrics_shared_planets.json,results/models/multi-partial/pca_gbt/predictions_shared_planets.npz,results/models/multi-partial/pca_gbt/config.json
multi-partial,shared_planets,pca_gbt,0,relative_rmse,u,0.8777987957000732,results/models/multi-partial/pca_gbt/metrics_shared_planets.json,results/models/multi-partial/pca_gbt/predictions_shared_planets.npz,results/models/multi-partial/pca_gbt/config.json
multi-partial,shared_planets,pca_gbt,0,relative_rmse,v,0.8687546253204346,results/models/multi-partial/pca_gbt/metrics_shared_planets.json,results/models/multi-partial/pca_gbt/predictions_shared_planets.npz,results/models/multi-partial/pca_gbt/config.json
multi-partial,shared_planets,pca_gbt,0,relative_rmse,asr,0.7011507153511047,results/models/multi-partial/pca_gbt/metrics_shared_planets.json,results/models/multi-partial/pca_gbt/predictions_shared_planets.npz,results/models/multi-partial/pca_gbt/config.json
multi-partial,shared_planets,pca_gbt,0,relative_rmse,olr,0.7349663972854614,results/models/multi-partial/pca_gbt/metrics_shared_planets.json,results/models/multi-partial/pca_gbt/predictions_shared_planets.npz,results/models/multi-partial/pca_gbt/config.json
multi-partial,shared_planets,pca_gbt,0,relative_acc,surface_temperature,1.0380384922027588,results/models/multi-partial/pca_gbt/metrics_shared_planets.json,results/models/multi-partial/pca_gbt/predictions_shared_planets.npz,results/models/multi-partial/pca_gbt/config.json
multi-partial,shared_planets,pca_gbt,0,relative_acc,temperature,4.431608200073242,results/models/multi-partial/pca_gbt/metrics_shared_planets.json,results/models/multi-partial/pca_gbt/predictions_shared_planets.npz,results/models/multi-partial/pca_gbt/config.json
multi-partial,shared_planets,pca_gbt,0,relative_acc,specific_humidity_dex,1.232460618019104,results/models/multi-partial/pca_gbt/metrics_shared_planets.json,results/models/multi-partial/pca_gbt/predictions_shared_planets.npz,results/models/multi-partial/pca_gbt/config.json
multi-partial,shared_planets,pca_gbt,0,relative_acc,cloud_fraction,1.3884366750717163,results/models/multi-partial/pca_gbt/metrics_shared_planets.json,results/models/multi-partial/pca_gbt/predictions_shared_planets.npz,results/models/multi-partial/pca_gbt/config.json
multi-partial,shared_planets,pca_gbt,0,relative_acc,u,3.373417377471924,results/models/multi-partial/pca_gbt/metrics_shared_planets.json,results/models/multi-partial/pca_gbt/predictions_shared_planets.npz,results/models/multi-partial/pca_gbt/config.json
multi-partial,shared_planets,pca_gbt,0,relative_acc,v,1.1913450956344604,results/models/multi-partial/pca_gbt/metrics_shared_planets.json,results/models/multi-partial/pca_gbt/predictions_shared_planets.npz,results/models/multi-partial/pca_gbt/config.json
multi-partial,shared_planets,pca_gbt,0,relative_acc,asr,1.0048298835754395,results/models/multi-partial/pca_gbt/metrics_shared_planets.json,results/models/multi-partial/pca_gbt/predictions_shared_planets.npz,results/models/multi-partial/pca_gbt/config.json
multi-partial,shared_planets,pca_gbt,0,relative_acc,olr,1.1516889333724976,results/models/multi-partial/pca_gbt/metrics_shared_planets.json,results/models/multi-partial/pca_gbt/predictions_shared_planets.npz,results/models/multi-partial/pca_gbt/config.json
multi-partial,standard,pca_gbt,1,rmse,surface_temperature,12.980908393859863,,,
multi-partial,standard,pca_gbt,1,rmse,temperature,10.360581016540527,,,
multi-partial,standard,pca_gbt,1,rmse,specific_humidity_dex,0.5479166179895401,,,
multi-partial,standard,pca_gbt,1,rmse,cloud_fraction,0.0878624826669693,,,
multi-partial,standard,pca_gbt,1,rmse,u,10.527063059806824,,,
multi-partial,standard,pca_gbt,1,rmse,v,4.708862662315369,,,
multi-partial,standard,pca_gbt,1,rmse,asr,27.24724006652832,,,
multi-partial,standard,pca_gbt,1,rmse,olr,19.66134262084961,,,
multi-partial,standard,pca_gbt,1,acc,surface_temperature,0.9622198343276978,,,
multi-partial,standard,pca_gbt,1,acc,temperature,0.601280938833952,,,
multi-partial,standard,pca_gbt,1,acc,specific_humidity_dex,0.7511133790016175,,,
multi-partial,standard,pca_gbt,1,acc,cloud_fraction,0.6643703699111938,,,
multi-partial,standard,pca_gbt,1,acc,u,0.6622013568878173,,,
multi-partial,standard,pca_gbt,1,acc,v,0.6563960164785385,,,
multi-partial,standard,pca_gbt,1,acc,asr,0.9963179230690002,,,
multi-partial,standard,pca_gbt,1,acc,olr,0.8417544364929199,,,
multi-partial,standard,pca_gbt,1,ramse,surface_temperature,13.247632026672363,,,
multi-partial,standard,pca_gbt,1,ramse,temperature,10.712104988098144,,,
multi-partial,standard,pca_gbt,1,ramse,specific_humidity_dex,0.5714605867862701,,,
multi-partial,standard,pca_gbt,1,ramse,cloud_fraction,0.10237200893461704,,,
multi-partial,standard,pca_gbt,1,ramse,u,12.86146788597107,,,
multi-partial,standard,pca_gbt,1,ramse,v,5.72581844329834,,,
multi-partial,standard,pca_gbt,1,ramse,asr,28.84976577758789,,,
multi-partial,standard,pca_gbt,1,ramse,olr,21.216541290283203,,,
multi-partial,shared_planets,pca_gbt,1,relative_rmse,surface_temperature,1.2231318950653076,,,
multi-partial,shared_planets,pca_gbt,1,relative_rmse,temperature,0.968399167060852,,,
multi-partial,shared_planets,pca_gbt,1,relative_rmse,specific_humidity_dex,0.946609616279602,,,
multi-partial,shared_planets,pca_gbt,1,relative_rmse,cloud_fraction,0.6405748128890991,,,
multi-partial,shared_planets,pca_gbt,1,relative_rmse,u,0.9019172787666321,,,
multi-partial,shared_planets,pca_gbt,1,relative_rmse,v,0.881291389465332,,,
multi-partial,shared_planets,pca_gbt,1,relative_rmse,asr,0.7110045552253723,,,
multi-partial,shared_planets,pca_gbt,1,relative_rmse,olr,0.7835102081298828,,,
multi-partial,shared_planets,pca_gbt,1,relative_acc,surface_temperature,1.0382879972457886,,,
multi-partial,shared_planets,pca_gbt,1,relative_acc,temperature,4.24281644821167,,,
multi-partial,shared_planets,pca_gbt,1,relative_acc,specific_humidity_dex,1.2155853509902954,,,
multi-partial,shared_planets,pca_gbt,1,relative_acc,cloud_fraction,1.3942320346832275,,,
multi-partial,shared_planets,pca_gbt,1,relative_acc,u,3.413886547088623,,,
multi-partial,shared_planets,pca_gbt,1,relative_acc,v,1.245436429977417,,,
multi-partial,shared_planets,pca_gbt,1,relative_acc,asr,1.0050089359283447,,,
multi-partial,shared_planets,pca_gbt,1,relative_acc,olr,1.1232322454452515,,,
multi-partial,standard,pca_gbt,2,rmse,surface_temperature,12.166648864746094,,,
multi-partial,standard,pca_gbt,2,rmse,temperature,10.079922580718994,,,
multi-partial,standard,pca_gbt,2,rmse,specific_humidity_dex,0.5425607144832612,,,
multi-partial,standard,pca_gbt,2,rmse,cloud_fraction,0.08832172378897667,,,
multi-partial,standard,pca_gbt,2,rmse,u,10.685502433776856,,,
multi-partial,standard,pca_gbt,2,rmse,v,4.759131813049317,,,
multi-partial,standard,pca_gbt,2,rmse,asr,27.283428192138672,,,
multi-partial,standard,pca_gbt,2,rmse,olr,20.13153839111328,,,
multi-partial,standard,pca_gbt,2,acc,surface_temperature,0.9572300314903259,,,
multi-partial,standard,pca_gbt,2,acc,temperature,0.6123994082212448,,,
multi-partial,standard,pca_gbt,2,acc,specific_humidity_dex,0.7522981688380241,,,
multi-partial,standard,pca_gbt,2,acc,cloud_fraction,0.6645514100790024,,,
multi-partial,standard,pca_gbt,2,acc,u,0.6490507841110229,,,
multi-partial,standard,pca_gbt,2,acc,v,0.6451776832342148,,,
multi-partial,standard,pca_gbt,2,acc,asr,0.9961056113243103,,,
multi-partial,standard,pca_gbt,2,acc,olr,0.8439234495162964,,,
multi-partial,standard,pca_gbt,2,ramse,surface_temperature,12.45444107055664,,,
multi-partial,standard,pca_gbt,2,ramse,temperature,10.462724208831787,,,
multi-partial,standard,pca_gbt,2,ramse,specific_humidity_dex,0.5659598529338836,,,
multi-partial,standard,pca_gbt,2,ramse,cloud_fraction,0.10356801450252533,,,
multi-partial,standard,pca_gbt,2,ramse,u,13.073720598220826,,,
multi-partial,standard,pca_gbt,2,ramse,v,5.823765587806702,,,
multi-partial,standard,pca_gbt,2,ramse,asr,28.905902862548828,,,
multi-partial,standard,pca_gbt,2,ramse,olr,21.855640411376953,,,
multi-partial,shared_planets,pca_gbt,2,relative_rmse,surface_temperature,0.9811328649520874,,,
multi-partial,shared_planets,pca_gbt,2,relative_rmse,temperature,0.8668258190155029,,,
multi-partial,shared_planets,pca_gbt,2,relative_rmse,specific_humidity_dex,0.8887780904769897,,,
multi-partial,shared_planets,pca_gbt,2,relative_rmse,cloud_fraction,0.6499067544937134,,,
multi-partial,shared_planets,pca_gbt,2,relative_rmse,u,0.9000082015991211,,,
multi-partial,shared_planets,pca_gbt,2,relative_rmse,v,0.8935964107513428,,,
multi-partial,shared_planets,pca_gbt,2,relative_rmse,asr,0.6972835659980774,,,
multi-partial,shared_planets,pca_gbt,2,relative_rmse,olr,0.7916532754898071,,,
multi-partial,shared_planets,pca_gbt,2,relative_acc,surface_temperature,1.0329642295837402,,,
multi-partial,shared_planets,pca_gbt,2,relative_acc,temperature,4.566095352172852,,,
multi-partial,shared_planets,pca_gbt,2,relative_acc,specific_humidity_dex,1.2280678749084473,,,
multi-partial,shared_planets,pca_gbt,2,relative_acc,cloud_fraction,1.3775718212127686,,,
multi-partial,shared_planets,pca_gbt,2,relative_acc,u,3.2696375846862793,,,
multi-partial,shared_planets,pca_gbt,2,relative_acc,v,1.2101305723190308,,,
multi-partial,shared_planets,pca_gbt,2,relative_acc,asr,1.0049352645874023,,,
multi-partial,shared_planets,pca_gbt,2,relative_acc,olr,1.1198813915252686,,,
multi-partial,standard,pca_gbt,3,rmse,surface_temperature,12.682343482971191,,,
multi-partial,standard,pca_gbt,3,rmse,temperature,10.31587724685669,,,
multi-partial,standard,pca_gbt,3,rmse,specific_humidity_dex,0.5365235537290574,,,
multi-partial,standard,pca_gbt,3,rmse,cloud_fraction,0.08721698075532913,,,
multi-partial,standard,pca_gbt,3,rmse,u,10.670632886886597,,,
multi-partial,standard,pca_gbt,3,rmse,v,4.730209589004517,,,
multi-partial,standard,pca_gbt,3,rmse,asr,26.940458297729492,,,
multi-partial,standard,pca_gbt,3,rmse,olr,19.302101135253906,,,
multi-partial,standard,pca_gbt,3,acc,surface_temperature,0.9644474983215332,,,
multi-partial,standard,pca_gbt,3,acc,temperature,0.6049493834376335,,,
multi-partial,standard,pca_gbt,3,acc,specific_humidity_dex,0.7542195960879325,,,
multi-partial,standard,pca_gbt,3,acc,cloud_fraction,0.6598863169550896,,,
multi-partial,standard,pca_gbt,3,acc,u,0.661488750576973,,,
multi-partial,standard,pca_gbt,3,acc,v,0.6570813357830048,,,
multi-partial,standard,pca_gbt,3,acc,asr,0.9962051510810852,,,
multi-partial,standard,pca_gbt,3,acc,olr,0.8636416792869568,,,
multi-partial,standard,pca_gbt,3,ramse,surface_temperature,12.945648193359375,,,
multi-partial,standard,pca_gbt,3,ramse,temperature,10.673968315124512,,,
multi-partial,standard,pca_gbt,3,ramse,specific_humidity_dex,0.5605127334594726,,,
multi-partial,standard,pca_gbt,3,ramse,cloud_fraction,0.10212226323783398,,,
multi-partial,standard,pca_gbt,3,ramse,u,12.995860958099366,,,
multi-partial,standard,pca_gbt,3,ramse,v,5.77800178527832,,,
multi-partial,standard,pca_gbt,3,ramse,asr,28.532373428344727,,,
multi-partial,standard,pca_gbt,3,ramse,olr,20.908082962036133,,,
multi-partial,shared_planets,pca_gbt,3,relative_rmse,surface_temperature,1.0708855390548706,,,
multi-partial,shared_planets,pca_gbt,3,relative_rmse,temperature,0.9254289269447327,,,
multi-partial,shared_planets,pca_gbt,3,relative_rmse,specific_humidity_dex,0.8590133786201477,,,
multi-partial,shared_planets,pca_gbt,3,relative_rmse,cloud_fraction,0.641004204750061,,,
multi-partial,shared_planets,pca_gbt,3,relative_rmse,u,0.8969740867614746,,,
multi-partial,shared_planets,pca_gbt,3,relative_rmse,v,0.8758091926574707,,,
multi-partial,shared_planets,pca_gbt,3,relative_rmse,asr,0.6749135255813599,,,
multi-partial,shared_planets,pca_gbt,3,relative_rmse,olr,0.7797738313674927,,,
multi-partial,shared_planets,pca_gbt,3,relative_acc,surface_temperature,1.040959119796753,,,
multi-partial,shared_planets,pca_gbt,3,relative_acc,temperature,4.507922649383545,,,
multi-partial,shared_planets,pca_gbt,3,relative_acc,specific_humidity_dex,1.2417861223220825,,,
multi-partial,shared_planets,pca_gbt,3,relative_acc,cloud_fraction,1.383293867111206,,,
multi-partial,shared_planets,pca_gbt,3,relative_acc,u,3.4487662315368652,,,
multi-partial,shared_planets,pca_gbt,3,relative_acc,v,1.2427685260772705,,,
multi-partial,shared_planets,pca_gbt,3,relative_acc,asr,1.0051476955413818,,,
multi-partial,shared_planets,pca_gbt,3,relative_acc,olr,1.1419377326965332,,,
multi-partial,standard,pca_gbt,4,rmse,surface_temperature,11.9608736038208,,,
multi-partial,standard,pca_gbt,4,rmse,temperature,10.188480186462403,,,
multi-partial,standard,pca_gbt,4,rmse,specific_humidity_dex,0.5145301967859268,,,
multi-partial,standard,pca_gbt,4,rmse,cloud_fraction,0.0872081931680441,,,
multi-partial,standard,pca_gbt,4,rmse,u,10.610132217407227,,,
multi-partial,standard,pca_gbt,4,rmse,v,4.7572139501571655,,,
multi-partial,standard,pca_gbt,4,rmse,asr,27.10938262939453,,,
multi-partial,standard,pca_gbt,4,rmse,olr,19.32423210144043,,,
multi-partial,standard,pca_gbt,4,acc,surface_temperature,0.9656040072441101,,,
multi-partial,standard,pca_gbt,4,acc,temperature,0.6042844235897065,,,
multi-partial,standard,pca_gbt,4,acc,specific_humidity_dex,0.7507072404026985,,,
multi-partial,standard,pca_gbt,4,acc,cloud_fraction,0.6681032672524452,,,
multi-partial,standard,pca_gbt,4,acc,u,0.6466801226139068,,,
multi-partial,standard,pca_gbt,4,acc,v,0.6402704030275345,,,
multi-partial,standard,pca_gbt,4,acc,asr,0.9960740804672241,,,
multi-partial,standard,pca_gbt,4,acc,olr,0.8637436032295227,,,
multi-partial,standard,pca_gbt,4,ramse,surface_temperature,12.240784645080566,,,
multi-partial,standard,pca_gbt,4,ramse,temperature,10.55875883102417,,,
multi-partial,standard,pca_gbt,4,ramse,specific_humidity_dex,0.5392256826162338,,,
multi-partial,standard,pca_gbt,4,ramse,cloud_fraction,0.10132086239755153,,,
multi-partial,standard,pca_gbt,4,ramse,u,12.893959188461304,,,
multi-partial,standard,pca_gbt,4,ramse,v,5.817438101768493,,,
multi-partial,standard,pca_gbt,4,ramse,asr,28.810544967651367,,,
multi-partial,standard,pca_gbt,4,ramse,olr,20.870119094848633,,,
multi-partial,shared_planets,pca_gbt,4,relative_rmse,surface_temperature,0.9559047222137451,,,
multi-partial,shared_planets,pca_gbt,4,relative_rmse,temperature,0.9354863166809082,,,
multi-partial,shared_planets,pca_gbt,4,relative_rmse,specific_humidity_dex,0.9038374423980713,,,
multi-partial,shared_planets,pca_gbt,4,relative_rmse,cloud_fraction,0.6449558734893799,,,
multi-partial,shared_planets,pca_gbt,4,relative_rmse,u,0.9101894497871399,,,
multi-partial,shared_planets,pca_gbt,4,relative_rmse,v,0.9075297117233276,,,
multi-partial,shared_planets,pca_gbt,4,relative_rmse,asr,0.7099025845527649,,,
multi-partial,shared_planets,pca_gbt,4,relative_rmse,olr,0.7829557061195374,,,
multi-partial,shared_planets,pca_gbt,4,relative_acc,surface_temperature,1.0402724742889404,,,
multi-partial,shared_planets,pca_gbt,4,relative_acc,temperature,4.080048084259033,,,
multi-partial,shared_planets,pca_gbt,4,relative_acc,specific_humidity_dex,1.2106921672821045,,,
multi-partial,shared_planets,pca_gbt,4,relative_acc,cloud_fraction,1.3895155191421509,,,
multi-partial,shared_planets,pca_gbt,4,relative_acc,u,3.521885395050049,,,
multi-partial,shared_planets,pca_gbt,4,relative_acc,v,1.2030351161956787,,,
multi-partial,shared_planets,pca_gbt,4,relative_acc,asr,1.0048863887786865,,,
multi-partial,shared_planets,pca_gbt,4,relative_acc,olr,1.1274739503860474,,,
multi-partial,standard,pca_mlp,0,rmse,surface_temperature,12.399310111999512,results/models/multi-partial/pca_mlp/metrics_standard.json,results/models/multi-partial/pca_mlp/predictions.npz,results/models/multi-partial/pca_mlp/config.json
multi-partial,standard,pca_mlp,0,rmse,temperature,10.148998737335205,results/models/multi-partial/pca_mlp/metrics_standard.json,results/models/multi-partial/pca_mlp/predictions.npz,results/models/multi-partial/pca_mlp/config.json
multi-partial,standard,pca_mlp,0,rmse,specific_humidity_dex,0.527558696269989,results/models/multi-partial/pca_mlp/metrics_standard.json,results/models/multi-partial/pca_mlp/predictions.npz,results/models/multi-partial/pca_mlp/config.json
multi-partial,standard,pca_mlp,0,rmse,cloud_fraction,0.09034475050866604,results/models/multi-partial/pca_mlp/metrics_standard.json,results/models/multi-partial/pca_mlp/predictions.npz,results/models/multi-partial/pca_mlp/config.json
multi-partial,standard,pca_mlp,0,rmse,u,11.198612260818482,results/models/multi-partial/pca_mlp/metrics_standard.json,results/models/multi-partial/pca_mlp/predictions.npz,results/models/multi-partial/pca_mlp/config.json
multi-partial,standard,pca_mlp,0,rmse,v,4.653822708129883,results/models/multi-partial/pca_mlp/metrics_standard.json,results/models/multi-partial/pca_mlp/predictions.npz,results/models/multi-partial/pca_mlp/config.json
multi-partial,standard,pca_mlp,0,rmse,asr,26.90611457824707,results/models/multi-partial/pca_mlp/metrics_standard.json,results/models/multi-partial/pca_mlp/predictions.npz,results/models/multi-partial/pca_mlp/config.json
multi-partial,standard,pca_mlp,0,rmse,olr,19.07231903076172,results/models/multi-partial/pca_mlp/metrics_standard.json,results/models/multi-partial/pca_mlp/predictions.npz,results/models/multi-partial/pca_mlp/config.json
multi-partial,standard,pca_mlp,0,acc,surface_temperature,0.9512108564376831,results/models/multi-partial/pca_mlp/metrics_standard.json,results/models/multi-partial/pca_mlp/predictions.npz,results/models/multi-partial/pca_mlp/config.json
multi-partial,standard,pca_mlp,0,acc,temperature,0.6289445191621781,results/models/multi-partial/pca_mlp/metrics_standard.json,results/models/multi-partial/pca_mlp/predictions.npz,results/models/multi-partial/pca_mlp/config.json
multi-partial,standard,pca_mlp,0,acc,specific_humidity_dex,0.7623748347163201,results/models/multi-partial/pca_mlp/metrics_standard.json,results/models/multi-partial/pca_mlp/predictions.npz,results/models/multi-partial/pca_mlp/config.json
multi-partial,standard,pca_mlp,0,acc,cloud_fraction,0.6728346347808838,results/models/multi-partial/pca_mlp/metrics_standard.json,results/models/multi-partial/pca_mlp/predictions.npz,results/models/multi-partial/pca_mlp/config.json
multi-partial,standard,pca_mlp,0,acc,u,0.6672449141740799,results/models/multi-partial/pca_mlp/metrics_standard.json,results/models/multi-partial/pca_mlp/predictions.npz,results/models/multi-partial/pca_mlp/config.json
multi-partial,standard,pca_mlp,0,acc,v,0.6591102570295334,results/models/multi-partial/pca_mlp/metrics_standard.json,results/models/multi-partial/pca_mlp/predictions.npz,results/models/multi-partial/pca_mlp/config.json
multi-partial,standard,pca_mlp,0,acc,asr,0.9959985017776489,results/models/multi-partial/pca_mlp/metrics_standard.json,results/models/multi-partial/pca_mlp/predictions.npz,results/models/multi-partial/pca_mlp/config.json
multi-partial,standard,pca_mlp,0,acc,olr,0.8573113679885864,results/models/multi-partial/pca_mlp/metrics_standard.json,results/models/multi-partial/pca_mlp/predictions.npz,results/models/multi-partial/pca_mlp/config.json
multi-partial,standard,pca_mlp,0,ramse,surface_temperature,12.706315040588379,results/models/multi-partial/pca_mlp/metrics_standard.json,results/models/multi-partial/pca_mlp/predictions.npz,results/models/multi-partial/pca_mlp/config.json
multi-partial,standard,pca_mlp,0,ramse,temperature,10.537519168853759,results/models/multi-partial/pca_mlp/metrics_standard.json,results/models/multi-partial/pca_mlp/predictions.npz,results/models/multi-partial/pca_mlp/config.json
multi-partial,standard,pca_mlp,0,ramse,specific_humidity_dex,0.5489795982837677,results/models/multi-partial/pca_mlp/metrics_standard.json,results/models/multi-partial/pca_mlp/predictions.npz,results/models/multi-partial/pca_mlp/config.json
multi-partial,standard,pca_mlp,0,ramse,cloud_fraction,0.10517190136015415,results/models/multi-partial/pca_mlp/metrics_standard.json,results/models/multi-partial/pca_mlp/predictions.npz,results/models/multi-partial/pca_mlp/config.json
multi-partial,standard,pca_mlp,0,ramse,u,13.74472997188568,results/models/multi-partial/pca_mlp/metrics_standard.json,results/models/multi-partial/pca_mlp/predictions.npz,results/models/multi-partial/pca_mlp/config.json
multi-partial,standard,pca_mlp,0,ramse,v,5.610722517967224,results/models/multi-partial/pca_mlp/metrics_standard.json,results/models/multi-partial/pca_mlp/predictions.npz,results/models/multi-partial/pca_mlp/config.json
multi-partial,standard,pca_mlp,0,ramse,asr,28.73229217529297,results/models/multi-partial/pca_mlp/metrics_standard.json,results/models/multi-partial/pca_mlp/predictions.npz,results/models/multi-partial/pca_mlp/config.json
multi-partial,standard,pca_mlp,0,ramse,olr,20.67842674255371,results/models/multi-partial/pca_mlp/metrics_standard.json,results/models/multi-partial/pca_mlp/predictions.npz,results/models/multi-partial/pca_mlp/config.json
multi-partial,shared_planets,pca_mlp,0,relative_rmse,surface_temperature,1.0883054733276367,results/models/multi-partial/pca_mlp/metrics_shared_planets.json,results/models/multi-partial/pca_mlp/predictions_shared_planets.npz,results/models/multi-partial/pca_mlp/config.json
multi-partial,shared_planets,pca_mlp,0,relative_rmse,temperature,0.9425706267356873,results/models/multi-partial/pca_mlp/metrics_shared_planets.json,results/models/multi-partial/pca_mlp/predictions_shared_planets.npz,results/models/multi-partial/pca_mlp/config.json
multi-partial,shared_planets,pca_mlp,0,relative_rmse,specific_humidity_dex,0.8094886541366577,results/models/multi-partial/pca_mlp/metrics_shared_planets.json,results/models/multi-partial/pca_mlp/predictions_shared_planets.npz,results/models/multi-partial/pca_mlp/config.json
multi-partial,shared_planets,pca_mlp,0,relative_rmse,cloud_fraction,0.6392945051193237,results/models/multi-partial/pca_mlp/metrics_shared_planets.json,results/models/multi-partial/pca_mlp/predictions_shared_planets.npz,results/models/multi-partial/pca_mlp/config.json
multi-partial,shared_planets,pca_mlp,0,relative_rmse,u,0.9043076038360596,results/models/multi-partial/pca_mlp/metrics_shared_planets.json,results/models/multi-partial/pca_mlp/predictions_shared_planets.npz,results/models/multi-partial/pca_mlp/config.json
multi-partial,shared_planets,pca_mlp,0,relative_rmse,v,0.8243337869644165,results/models/multi-partial/pca_mlp/metrics_shared_planets.json,results/models/multi-partial/pca_mlp/predictions_shared_planets.npz,results/models/multi-partial/pca_mlp/config.json
multi-partial,shared_planets,pca_mlp,0,relative_rmse,asr,0.7221971154212952,results/models/multi-partial/pca_mlp/metrics_shared_planets.json,results/models/multi-partial/pca_mlp/predictions_shared_planets.npz,results/models/multi-partial/pca_mlp/config.json
multi-partial,shared_planets,pca_mlp,0,relative_rmse,olr,0.805866539478302,results/models/multi-partial/pca_mlp/metrics_shared_planets.json,results/models/multi-partial/pca_mlp/predictions_shared_planets.npz,results/models/multi-partial/pca_mlp/config.json
multi-partial,shared_planets,pca_mlp,0,relative_acc,surface_temperature,1.037928819656372,results/models/multi-partial/pca_mlp/metrics_shared_planets.json,results/models/multi-partial/pca_mlp/predictions_shared_planets.npz,results/models/multi-partial/pca_mlp/config.json
multi-partial,shared_planets,pca_mlp,0,relative_acc,temperature,4.534906387329102,results/models/multi-partial/pca_mlp/metrics_shared_planets.json,results/models/multi-partial/pca_mlp/predictions_shared_planets.npz,results/models/multi-partial/pca_mlp/config.json
multi-partial,shared_planets,pca_mlp,0,relative_acc,specific_humidity_dex,1.2565284967422485,results/models/multi-partial/pca_mlp/metrics_shared_planets.json,results/models/multi-partial/pca_mlp/predictions_shared_planets.npz,results/models/multi-partial/pca_mlp/config.json
multi-partial,shared_planets,pca_mlp,0,relative_acc,cloud_fraction,1.4125730991363525,results/models/multi-partial/pca_mlp/metrics_shared_planets.json,results/models/multi-partial/pca_mlp/predictions_shared_planets.npz,results/models/multi-partial/pca_mlp/config.json
multi-partial,shared_planets,pca_mlp,0,relative_acc,u,3.387207508087158,results/models/multi-partial/pca_mlp/metrics_shared_planets.json,results/models/multi-partial/pca_mlp/predictions_shared_planets.npz,results/models/multi-partial/pca_mlp/config.json
multi-partial,shared_planets,pca_mlp,0,relative_acc,v,1.2196730375289917,results/models/multi-partial/pca_mlp/metrics_shared_planets.json,results/models/multi-partial/pca_mlp/predictions_shared_planets.npz,results/models/multi-partial/pca_mlp/config.json
multi-partial,shared_planets,pca_mlp,0,relative_acc,asr,1.0048353672027588,results/models/multi-partial/pca_mlp/metrics_shared_planets.json,results/models/multi-partial/pca_mlp/predictions_shared_planets.npz,results/models/multi-partial/pca_mlp/config.json
multi-partial,shared_planets,pca_mlp,0,relative_acc,olr,1.1479265689849854,results/models/multi-partial/pca_mlp/metrics_shared_planets.json,results/models/multi-partial/pca_mlp/predictions_shared_planets.npz,results/models/multi-partial/pca_mlp/config.json
multi-partial,standard,pca_mlp,1,rmse,surface_temperature,12.294744491577148,,,
multi-partial,standard,pca_mlp,1,rmse,temperature,10.011820411682129,,,
multi-partial,standard,pca_mlp,1,rmse,specific_humidity_dex,0.5180264770984649,,,
multi-partial,standard,pca_mlp,1,rmse,cloud_fraction,0.08994960226118565,,,
multi-partial,standard,pca_mlp,1,rmse,u,11.126881861686707,,,
multi-partial,standard,pca_mlp,1,rmse,v,4.704337096214294,,,
multi-partial,standard,pca_mlp,1,rmse,asr,25.873342514038086,,,
multi-partial,standard,pca_mlp,1,rmse,olr,18.714069366455078,,,
multi-partial,standard,pca_mlp,1,acc,surface_temperature,0.949508786201477,,,
multi-partial,standard,pca_mlp,1,acc,temperature,0.6340313971042633,,,
multi-partial,standard,pca_mlp,1,acc,specific_humidity_dex,0.7583292424678802,,,
multi-partial,standard,pca_mlp,1,acc,cloud_fraction,0.6742064073681832,,,
multi-partial,standard,pca_mlp,1,acc,u,0.668607833981514,,,
multi-partial,standard,pca_mlp,1,acc,v,0.6557519137859344,,,
multi-partial,standard,pca_mlp,1,acc,asr,0.9962804913520813,,,
multi-partial,standard,pca_mlp,1,acc,olr,0.8453093767166138,,,
multi-partial,standard,pca_mlp,1,ramse,surface_temperature,12.581254005432129,,,
multi-partial,standard,pca_mlp,1,ramse,temperature,10.384281826019286,,,
multi-partial,standard,pca_mlp,1,ramse,specific_humidity_dex,0.5401243954896927,,,
multi-partial,standard,pca_mlp,1,ramse,cloud_fraction,0.10479793213307857,,,
multi-partial,standard,pca_mlp,1,ramse,u,13.543056082725524,,,
multi-partial,standard,pca_mlp,1,ramse,v,5.707401180267334,,,
multi-partial,standard,pca_mlp,1,ramse,asr,27.631986618041992,,,
multi-partial,standard,pca_mlp,1,ramse,olr,20.362855911254883,,,
multi-partial,shared_planets,pca_mlp,1,relative_rmse,surface_temperature,1.0763312578201294,,,
multi-partial,shared_planets,pca_mlp,1,relative_rmse,temperature,0.906674861907959,,,
multi-partial,shared_planets,pca_mlp,1,relative_rmse,specific_humidity_dex,0.7794215679168701,,,
multi-partial,shared_planets,pca_mlp,1,relative_rmse,cloud_fraction,0.6416272521018982,,,
multi-partial,shared_planets,pca_mlp,1,relative_rmse,u,0.909774899482727,,,
multi-partial,shared_planets,pca_mlp,1,relative_rmse,v,0.8401485681533813,,,
multi-partial,shared_planets,pca_mlp,1,relative_rmse,asr,0.6775655150413513,,,
multi-partial,shared_planets,pca_mlp,1,relative_rmse,olr,0.750045657157898,,,
multi-partial,shared_planets,pca_mlp,1,relative_acc,surface_temperature,1.0295801162719727,,,
multi-partial,shared_planets,pca_mlp,1,relative_acc,temperature,4.603285789489746,,,
multi-partial,shared_planets,pca_mlp,1,relative_acc,specific_humidity_dex,1.2539935111999512,,,
multi-partial,shared_planets,pca_mlp,1,relative_acc,cloud_fraction,1.3990312814712524,,,
multi-partial,shared_planets,pca_mlp,1,relative_acc,u,3.2722926139831543,,,
multi-partial,shared_planets,pca_mlp,1,relative_acc,v,1.2486002445220947,,,
multi-partial,shared_planets,pca_mlp,1,relative_acc,asr,1.0050004720687866,,,
multi-partial,shared_planets,pca_mlp,1,relative_acc,olr,1.1298655271530151,,,
multi-partial,standard,pca_mlp,2,rmse,surface_temperature,11.73090648651123,,,
multi-partial,standard,pca_mlp,2,rmse,temperature,10.027521800994872,,,
multi-partial,standard,pca_mlp,2,rmse,specific_humidity_dex,0.5221487790346145,,,
multi-partial,standard,pca_mlp,2,rmse,cloud_fraction,0.0902524471282959,,,
multi-partial,standard,pca_mlp,2,rmse,u,11.217141151428223,,,
multi-partial,standard,pca_mlp,2,rmse,v,4.668803548812866,,,
multi-partial,standard,pca_mlp,2,rmse,asr,25.454151153564453,,,
multi-partial,standard,pca_mlp,2,rmse,olr,18.146142959594727,,,
multi-partial,standard,pca_mlp,2,acc,surface_temperature,0.9405434131622314,,,
multi-partial,standard,pca_mlp,2,acc,temperature,0.6325006008148193,,,
multi-partial,standard,pca_mlp,2,acc,specific_humidity_dex,0.760023532807827,,,
multi-partial,standard,pca_mlp,2,acc,cloud_fraction,0.6757936015725136,,,
multi-partial,standard,pca_mlp,2,acc,u,0.6680424481630325,,,
multi-partial,standard,pca_mlp,2,acc,v,0.6519450962543487,,,
multi-partial,standard,pca_mlp,2,acc,asr,0.9963285326957703,,,
multi-partial,standard,pca_mlp,2,acc,olr,0.8589127063751221,,,
multi-partial,standard,pca_mlp,2,ramse,surface_temperature,12.03444766998291,,,
multi-partial,standard,pca_mlp,2,ramse,temperature,10.401348400115968,,,
multi-partial,standard,pca_mlp,2,ramse,specific_humidity_dex,0.5437333852052688,,,
multi-partial,standard,pca_mlp,2,ramse,cloud_fraction,0.10518387071788311,,,
multi-partial,standard,pca_mlp,2,ramse,u,13.71956033706665,,,
multi-partial,standard,pca_mlp,2,ramse,v,5.6722654581069945,,,
multi-partial,standard,pca_mlp,2,ramse,asr,27.11375617980957,,,
multi-partial,standard,pca_mlp,2,ramse,olr,19.68646812438965,,,
multi-partial,shared_planets,pca_mlp,2,relative_rmse,surface_temperature,0.9682716131210327,,,
multi-partial,shared_planets,pca_mlp,2,relative_rmse,temperature,0.8677971959114075,,,
multi-partial,shared_planets,pca_mlp,2,relative_rmse,specific_humidity_dex,0.8480284214019775,,,
multi-partial,shared_planets,pca_mlp,2,relative_rmse,cloud_fraction,0.6386280655860901,,,
multi-partial,shared_planets,pca_mlp,2,relative_rmse,u,0.9399563074111938,,,
multi-partial,shared_planets,pca_mlp,2,relative_rmse,v,0.8315860033035278,,,
multi-partial,shared_planets,pca_mlp,2,relative_rmse,asr,0.666632354259491,,,
multi-partial,shared_planets,pca_mlp,2,relative_rmse,olr,0.7229583263397217,,,
multi-partial,shared_planets,pca_mlp,2,relative_acc,surface_temperature,1.0213487148284912,,,
multi-partial,shared_planets,pca_mlp,2,relative_acc,temperature,4.939098834991455,,,
multi-partial,shared_planets,pca_mlp,2,relative_acc,specific_humidity_dex,1.2454653978347778,,,
multi-partial,shared_planets,pca_mlp,2,relative_acc,cloud_fraction,1.4091901779174805,,,
multi-partial,shared_planets,pca_mlp,2,relative_acc,u,3.143808126449585,,,
multi-partial,shared_planets,pca_mlp,2,relative_acc,v,1.2373734712600708,,,
multi-partial,shared_planets,pca_mlp,2,relative_acc,asr,1.00515878200531,,,
multi-partial,shared_planets,pca_mlp,2,relative_acc,olr,1.1491508483886719,,,
multi-partial,standard,pca_mlp,3,rmse,surface_temperature,12.2603759765625,,,
multi-partial,standard,pca_mlp,3,rmse,temperature,9.897313022613526,,,
multi-partial,standard,pca_mlp,3,rmse,specific_humidity_dex,0.5204645365476608,,,
multi-partial,standard,pca_mlp,3,rmse,cloud_fraction,0.09040731713175773,,,
multi-partial,standard,pca_mlp,3,rmse,u,11.238235092163086,,,
multi-partial,standard,pca_mlp,3,rmse,v,4.663556671142578,,,
multi-partial,standard,pca_mlp,3,rmse,asr,25.874683380126953,,,
multi-partial,standard,pca_mlp,3,rmse,olr,18.66777229309082,,,
multi-partial,standard,pca_mlp,3,acc,surface_temperature,0.9365329146385193,,,
multi-partial,standard,pca_mlp,3,acc,temperature,0.6280459582805633,,,
multi-partial,standard,pca_mlp,3,acc,specific_humidity_dex,0.7639027327299118,,,
multi-partial,standard,pca_mlp,3,acc,cloud_fraction,0.6757021620869637,,,
multi-partial,standard,pca_mlp,3,acc,u,0.6670741766691208,,,
multi-partial,standard,pca_mlp,3,acc,v,0.6524891942739487,,,
multi-partial,standard,pca_mlp,3,acc,asr,0.9961179494857788,,,
multi-partial,standard,pca_mlp,3,acc,olr,0.8514841794967651,,,
multi-partial,standard,pca_mlp,3,ramse,surface_temperature,12.592161178588867,,,
multi-partial,standard,pca_mlp,3,ramse,temperature,10.296535778045655,,,
multi-partial,standard,pca_mlp,3,ramse,specific_humidity_dex,0.5417634844779968,,,
multi-partial,standard,pca_mlp,3,ramse,cloud_fraction,0.10532884523272515,,,
multi-partial,standard,pca_mlp,3,ramse,u,13.743302345275879,,,
multi-partial,standard,pca_mlp,3,ramse,v,5.652012467384338,,,
multi-partial,standard,pca_mlp,3,ramse,asr,27.63015365600586,,,
multi-partial,standard,pca_mlp,3,ramse,olr,20.416893005371094,,,
multi-partial,shared_planets,pca_mlp,3,relative_rmse,surface_temperature,1.0325899124145508,,,
multi-partial,shared_planets,pca_mlp,3,relative_rmse,temperature,0.8687434196472168,,,
multi-partial,shared_planets,pca_mlp,3,relative_rmse,specific_humidity_dex,0.7870240211486816,,,
multi-partial,shared_planets,pca_mlp,3,relative_rmse,cloud_fraction,0.6413460969924927,,,
multi-partial,shared_planets,pca_mlp,3,relative_rmse,u,0.8920546770095825,,,
multi-partial,shared_planets,pca_mlp,3,relative_rmse,v,0.8449451923370361,,,
multi-partial,shared_planets,pca_mlp,3,relative_rmse,asr,0.6985052824020386,,,
multi-partial,shared_planets,pca_mlp,3,relative_rmse,olr,0.7618523836135864,,,
multi-partial,shared_planets,pca_mlp,3,relative_acc,surface_temperature,1.0208145380020142,,,
multi-partial,shared_planets,pca_mlp,3,relative_acc,temperature,4.539870738983154,,,
multi-partial,shared_planets,pca_mlp,3,relative_acc,specific_humidity_dex,1.2496424913406372,,,
multi-partial,shared_planets,pca_mlp,3,relative_acc,cloud_fraction,1.3907369375228882,,,
multi-partial,shared_planets,pca_mlp,3,relative_acc,u,3.3720715045928955,,,
multi-partial,shared_planets,pca_mlp,3,relative_acc,v,1.2521343231201172,,,
multi-partial,shared_planets,pca_mlp,3,relative_acc,asr,1.00501549243927,,,
multi-partial,shared_planets,pca_mlp,3,relative_acc,olr,1.145390272140503,,,
multi-partial,standard,pca_mlp,4,rmse,surface_temperature,12.510756492614746,,,
multi-partial,standard,pca_mlp,4,rmse,temperature,10.330308055877685,,,
multi-partial,standard,pca_mlp,4,rmse,specific_humidity_dex,0.5371838390827179,,,
multi-partial,standard,pca_mlp,4,rmse,cloud_fraction,0.08828839808702468,,,
multi-partial,standard,pca_mlp,4,rmse,u,11.17063856124878,,,
multi-partial,standard,pca_mlp,4,rmse,v,4.6348064661026,,,
multi-partial,standard,pca_mlp,4,rmse,asr,26.923816680908203,,,
multi-partial,standard,pca_mlp,4,rmse,olr,19.137462615966797,,,
multi-partial,standard,pca_mlp,4,acc,surface_temperature,0.9514656662940979,,,
multi-partial,standard,pca_mlp,4,acc,temperature,0.6333209544420242,,,
multi-partial,standard,pca_mlp,4,acc,specific_humidity_dex,0.7623333439230919,,,
multi-partial,standard,pca_mlp,4,acc,cloud_fraction,0.6816149592399597,,,
multi-partial,standard,pca_mlp,4,acc,u,0.6614392876625061,,,
multi-partial,standard,pca_mlp,4,acc,v,0.6556839406490326,,,
multi-partial,standard,pca_mlp,4,acc,asr,0.9962413311004639,,,
multi-partial,standard,pca_mlp,4,acc,olr,0.8521208167076111,,,
multi-partial,standard,pca_mlp,4,ramse,surface_temperature,12.809205055236816,,,
multi-partial,standard,pca_mlp,4,ramse,temperature,10.70795259475708,,,
multi-partial,standard,pca_mlp,4,ramse,specific_humidity_dex,0.5581743061542511,,,
multi-partial,standard,pca_mlp,4,ramse,cloud_fraction,0.1024895440787077,,,
multi-partial,standard,pca_mlp,4,ramse,u,13.550106143951416,,,
multi-partial,standard,pca_mlp,4,ramse,v,5.62791531085968,,,
multi-partial,standard,pca_mlp,4,ramse,asr,28.609411239624023,,,
multi-partial,standard,pca_mlp,4,ramse,olr,20.741357803344727,,,
multi-partial,shared_planets,pca_mlp,4,relative_rmse,surface_temperature,1.1211810111999512,,,
multi-partial,shared_planets,pca_mlp,4,relative_rmse,temperature,0.9224961400032043,,,
multi-partial,shared_planets,pca_mlp,4,relative_rmse,specific_humidity_dex,0.8657433390617371,,,
multi-partial,shared_planets,pca_mlp,4,relative_rmse,cloud_fraction,0.6319541931152344,,,
multi-partial,shared_planets,pca_mlp,4,relative_rmse,u,0.8973102569580078,,,
multi-partial,shared_planets,pca_mlp,4,relative_rmse,v,0.8429148197174072,,,
multi-partial,shared_planets,pca_mlp,4,relative_rmse,asr,0.7301344871520996,,,
multi-partial,shared_planets,pca_mlp,4,relative_rmse,olr,0.7940698266029358,,,
multi-partial,shared_planets,pca_mlp,4,relative_acc,surface_temperature,1.0384553670883179,,,
multi-partial,shared_planets,pca_mlp,4,relative_acc,temperature,4.509617328643799,,,
multi-partial,shared_planets,pca_mlp,4,relative_acc,specific_humidity_dex,1.2535936832427979,,,
multi-partial,shared_planets,pca_mlp,4,relative_acc,cloud_fraction,1.4335556030273438,,,
multi-partial,shared_planets,pca_mlp,4,relative_acc,u,3.1990110874176025,,,
multi-partial,shared_planets,pca_mlp,4,relative_acc,v,1.202139973640442,,,
multi-partial,shared_planets,pca_mlp,4,relative_acc,asr,1.0051181316375732,,,
multi-partial,shared_planets,pca_mlp,4,relative_acc,olr,1.144901990890503,,,
multi-partial,standard,pca_ridge,0,rmse,surface_temperature,16.5269832611084,results/models/multi-partial/pca_ridge/metrics_standard.json,results/models/multi-partial/pca_ridge/predictions.npz,results/models/multi-partial/pca_ridge/config.json
multi-partial,standard,pca_ridge,0,rmse,temperature,14.187188339233398,results/models/multi-partial/pca_ridge/metrics_standard.json,results/models/multi-partial/pca_ridge/predictions.npz,results/models/multi-partial/pca_ridge/config.json
multi-partial,standard,pca_ridge,0,rmse,specific_humidity_dex,0.6894884675741195,results/models/multi-partial/pca_ridge/metrics_standard.json,results/models/multi-partial/pca_ridge/predictions.npz,results/models/multi-partial/pca_ridge/config.json
multi-partial,standard,pca_ridge,0,rmse,cloud_fraction,0.10689832791686057,results/models/multi-partial/pca_ridge/metrics_standard.json,results/models/multi-partial/pca_ridge/predictions.npz,results/models/multi-partial/pca_ridge/config.json
multi-partial,standard,pca_ridge,0,rmse,u,13.038309288024902,results/models/multi-partial/pca_ridge/metrics_standard.json,results/models/multi-partial/pca_ridge/predictions.npz,results/models/multi-partial/pca_ridge/config.json
multi-partial,standard,pca_ridge,0,rmse,v,5.361840796470642,results/models/multi-partial/pca_ridge/metrics_standard.json,results/models/multi-partial/pca_ridge/predictions.npz,results/models/multi-partial/pca_ridge/config.json
multi-partial,standard,pca_ridge,0,rmse,asr,32.39564514160156,results/models/multi-partial/pca_ridge/metrics_standard.json,results/models/multi-partial/pca_ridge/predictions.npz,results/models/multi-partial/pca_ridge/config.json
multi-partial,standard,pca_ridge,0,rmse,olr,24.06399154663086,results/models/multi-partial/pca_ridge/metrics_standard.json,results/models/multi-partial/pca_ridge/predictions.npz,results/models/multi-partial/pca_ridge/config.json
multi-partial,standard,pca_ridge,0,acc,surface_temperature,0.9648683071136475,results/models/multi-partial/pca_ridge/metrics_standard.json,results/models/multi-partial/pca_ridge/predictions.npz,results/models/multi-partial/pca_ridge/config.json
multi-partial,standard,pca_ridge,0,acc,temperature,0.45899458408821375,results/models/multi-partial/pca_ridge/metrics_standard.json,results/models/multi-partial/pca_ridge/predictions.npz,results/models/multi-partial/pca_ridge/config.json
multi-partial,standard,pca_ridge,0,acc,specific_humidity_dex,0.74398243278265,results/models/multi-partial/pca_ridge/metrics_standard.json,results/models/multi-partial/pca_ridge/predictions.npz,results/models/multi-partial/pca_ridge/config.json
multi-partial,standard,pca_ridge,0,acc,cloud_fraction,0.6057067573070526,results/models/multi-partial/pca_ridge/metrics_standard.json,results/models/multi-partial/pca_ridge/predictions.npz,results/models/multi-partial/pca_ridge/config.json
multi-partial,standard,pca_ridge,0,acc,u,0.6023461252450943,results/models/multi-partial/pca_ridge/metrics_standard.json,results/models/multi-partial/pca_ridge/predictions.npz,results/models/multi-partial/pca_ridge/config.json
multi-partial,standard,pca_ridge,0,acc,v,0.6268795251846313,results/models/multi-partial/pca_ridge/metrics_standard.json,results/models/multi-partial/pca_ridge/predictions.npz,results/models/multi-partial/pca_ridge/config.json
multi-partial,standard,pca_ridge,0,acc,asr,0.9954798817634583,results/models/multi-partial/pca_ridge/metrics_standard.json,results/models/multi-partial/pca_ridge/predictions.npz,results/models/multi-partial/pca_ridge/config.json
multi-partial,standard,pca_ridge,0,acc,olr,0.8248118162155151,results/models/multi-partial/pca_ridge/metrics_standard.json,results/models/multi-partial/pca_ridge/predictions.npz,results/models/multi-partial/pca_ridge/config.json
multi-partial,standard,pca_ridge,0,ramse,surface_temperature,16.833587646484375,results/models/multi-partial/pca_ridge/metrics_standard.json,results/models/multi-partial/pca_ridge/predictions.npz,results/models/multi-partial/pca_ridge/config.json
multi-partial,standard,pca_ridge,0,ramse,temperature,14.60945987701416,results/models/multi-partial/pca_ridge/metrics_standard.json,results/models/multi-partial/pca_ridge/predictions.npz,results/models/multi-partial/pca_ridge/config.json
multi-partial,standard,pca_ridge,0,ramse,specific_humidity_dex,0.7124834448099137,results/models/multi-partial/pca_ridge/metrics_standard.json,results/models/multi-partial/pca_ridge/predictions.npz,results/models/multi-partial/pca_ridge/config.json
multi-partial,standard,pca_ridge,0,ramse,cloud_fraction,0.12474310100078582,results/models/multi-partial/pca_ridge/metrics_standard.json,results/models/multi-partial/pca_ridge/predictions.npz,results/models/multi-partial/pca_ridge/config.json
multi-partial,standard,pca_ridge,0,ramse,u,15.68069052696228,results/models/multi-partial/pca_ridge/metrics_standard.json,results/models/multi-partial/pca_ridge/predictions.npz,results/models/multi-partial/pca_ridge/config.json
multi-partial,standard,pca_ridge,0,ramse,v,6.493959212303162,results/models/multi-partial/pca_ridge/metrics_standard.json,results/models/multi-partial/pca_ridge/predictions.npz,results/models/multi-partial/pca_ridge/config.json
multi-partial,standard,pca_ridge,0,ramse,asr,34.28230285644531,results/models/multi-partial/pca_ridge/metrics_standard.json,results/models/multi-partial/pca_ridge/predictions.npz,results/models/multi-partial/pca_ridge/config.json
multi-partial,standard,pca_ridge,0,ramse,olr,26.050378799438477,results/models/multi-partial/pca_ridge/metrics_standard.json,results/models/multi-partial/pca_ridge/predictions.npz,results/models/multi-partial/pca_ridge/config.json
multi-partial,shared_planets,pca_ridge,0,relative_rmse,surface_temperature,1.307268500328064,results/models/multi-partial/pca_ridge/metrics_shared_planets.json,results/models/multi-partial/pca_ridge/predictions_shared_planets.npz,results/models/multi-partial/pca_ridge/config.json
multi-partial,shared_planets,pca_ridge,0,relative_rmse,temperature,1.1414148807525635,results/models/multi-partial/pca_ridge/metrics_shared_planets.json,results/models/multi-partial/pca_ridge/predictions_shared_planets.npz,results/models/multi-partial/pca_ridge/config.json
multi-partial,shared_planets,pca_ridge,0,relative_rmse,specific_humidity_dex,1.0610077381134033,results/models/multi-partial/pca_ridge/metrics_shared_planets.json,results/models/multi-partial/pca_ridge/predictions_shared_planets.npz,results/models/multi-partial/pca_ridge/config.json
multi-partial,shared_planets,pca_ridge,0,relative_rmse,cloud_fraction,0.7014668583869934,results/models/multi-partial/pca_ridge/metrics_shared_planets.json,results/models/multi-partial/pca_ridge/predictions_shared_planets.npz,results/models/multi-partial/pca_ridge/config.json
multi-partial,shared_planets,pca_ridge,0,relative_rmse,u,1.0483070611953735,results/models/multi-partial/pca_ridge/metrics_shared_planets.json,results/models/multi-partial/pca_ridge/predictions_shared_planets.npz,results/models/multi-partial/pca_ridge/config.json
multi-partial,shared_planets,pca_ridge,0,relative_rmse,v,0.937798261642456,results/models/multi-partial/pca_ridge/metrics_shared_planets.json,results/models/multi-partial/pca_ridge/predictions_shared_planets.npz,results/models/multi-partial/pca_ridge/config.json
multi-partial,shared_planets,pca_ridge,0,relative_rmse,asr,0.8091794848442078,results/models/multi-partial/pca_ridge/metrics_shared_planets.json,results/models/multi-partial/pca_ridge/predictions_shared_planets.npz,results/models/multi-partial/pca_ridge/config.json
multi-partial,shared_planets,pca_ridge,0,relative_rmse,olr,0.9775423407554626,results/models/multi-partial/pca_ridge/metrics_shared_planets.json,results/models/multi-partial/pca_ridge/predictions_shared_planets.npz,results/models/multi-partial/pca_ridge/config.json
multi-partial,shared_planets,pca_ridge,0,relative_acc,surface_temperature,1.0431180000305176,results/models/multi-partial/pca_ridge/metrics_shared_planets.json,results/models/multi-partial/pca_ridge/predictions_shared_planets.npz,results/models/multi-partial/pca_ridge/config.json
multi-partial,shared_planets,pca_ridge,0,relative_acc,temperature,4.0403008460998535,results/models/multi-partial/pca_ridge/metrics_shared_planets.json,results/models/multi-partial/pca_ridge/predictions_shared_planets.npz,results/models/multi-partial/pca_ridge/config.json
multi-partial,shared_planets,pca_ridge,0,relative_acc,specific_humidity_dex,1.2447069883346558,results/models/multi-partial/pca_ridge/metrics_shared_planets.json,results/models/multi-partial/pca_ridge/predictions_shared_planets.npz,results/models/multi-partial/pca_ridge/config.json
multi-partial,shared_planets,pca_ridge,0,relative_acc,cloud_fraction,1.3328642845153809,results/models/multi-partial/pca_ridge/metrics_shared_planets.json,results/models/multi-partial/pca_ridge/predictions_shared_planets.npz,results/models/multi-partial/pca_ridge/config.json
multi-partial,shared_planets,pca_ridge,0,relative_acc,u,3.3775012493133545,results/models/multi-partial/pca_ridge/metrics_shared_planets.json,results/models/multi-partial/pca_ridge/predictions_shared_planets.npz,results/models/multi-partial/pca_ridge/config.json
multi-partial,shared_planets,pca_ridge,0,relative_acc,v,1.2552789449691772,results/models/multi-partial/pca_ridge/metrics_shared_planets.json,results/models/multi-partial/pca_ridge/predictions_shared_planets.npz,results/models/multi-partial/pca_ridge/config.json
multi-partial,shared_planets,pca_ridge,0,relative_acc,asr,1.0047616958618164,results/models/multi-partial/pca_ridge/metrics_shared_planets.json,results/models/multi-partial/pca_ridge/predictions_shared_planets.npz,results/models/multi-partial/pca_ridge/config.json
multi-partial,shared_planets,pca_ridge,0,relative_acc,olr,1.1193106174468994,results/models/multi-partial/pca_ridge/metrics_shared_planets.json,results/models/multi-partial/pca_ridge/predictions_shared_planets.npz,results/models/multi-partial/pca_ridge/config.json
multi-partial,standard,ppca_icm,0,rmse,surface_temperature,10.085410118103027,results/models/multi-partial/ppca_icm/metrics_standard.json,results/models/multi-partial/ppca_icm/predictions.npz,results/models/multi-partial/ppca_icm/config.json
multi-partial,standard,ppca_icm,0,rmse,temperature,8.819560480117797,results/models/multi-partial/ppca_icm/metrics_standard.json,results/models/multi-partial/ppca_icm/predictions.npz,results/models/multi-partial/ppca_icm/config.json
multi-partial,standard,ppca_icm,0,rmse,specific_humidity_dex,0.44339416921138763,results/models/multi-partial/ppca_icm/metrics_standard.json,results/models/multi-partial/ppca_icm/predictions.npz,results/models/multi-partial/ppca_icm/config.json
multi-partial,standard,ppca_icm,0,rmse,cloud_fraction,0.08390743918716907,results/models/multi-partial/ppca_icm/metrics_standard.json,results/models/multi-partial/ppca_icm/predictions.npz,results/models/multi-partial/ppca_icm/config.json
multi-partial,standard,ppca_icm,0,rmse,u,9.630670046806335,results/models/multi-partial/ppca_icm/metrics_standard.json,results/models/multi-partial/ppca_icm/predictions.npz,results/models/multi-partial/ppca_icm/config.json
multi-partial,standard,ppca_icm,0,rmse,v,4.334003591537476,results/models/multi-partial/ppca_icm/metrics_standard.json,results/models/multi-partial/ppca_icm/predictions.npz,results/models/multi-partial/ppca_icm/config.json
multi-partial,standard,ppca_icm,0,rmse,asr,25.95606803894043,results/models/multi-partial/ppca_icm/metrics_standard.json,results/models/multi-partial/ppca_icm/predictions.npz,results/models/multi-partial/ppca_icm/config.json
multi-partial,standard,ppca_icm,0,rmse,olr,18.028194427490234,results/models/multi-partial/ppca_icm/metrics_standard.json,results/models/multi-partial/ppca_icm/predictions.npz,results/models/multi-partial/ppca_icm/config.json
multi-partial,standard,ppca_icm,0,acc,surface_temperature,0.9706354141235352,results/models/multi-partial/ppca_icm/metrics_standard.json,results/models/multi-partial/ppca_icm/predictions.npz,results/models/multi-partial/ppca_icm/config.json
multi-partial,standard,ppca_icm,0,acc,temperature,0.6278322696685791,results/models/multi-partial/ppca_icm/metrics_standard.json,results/models/multi-partial/ppca_icm/predictions.npz,results/models/multi-partial/ppca_icm/config.json
multi-partial,standard,ppca_icm,0,acc,specific_humidity_dex,0.7749673709273338,results/models/multi-partial/ppca_icm/metrics_standard.json,results/models/multi-partial/ppca_icm/predictions.npz,results/models/multi-partial/ppca_icm/config.json
multi-partial,standard,ppca_icm,0,acc,cloud_fraction,0.6897536635398864,results/models/multi-partial/ppca_icm/metrics_standard.json,results/models/multi-partial/ppca_icm/predictions.npz,results/models/multi-partial/ppca_icm/config.json
multi-partial,standard,ppca_icm,0,acc,u,0.6966657668352128,results/models/multi-partial/ppca_icm/metrics_standard.json,results/models/multi-partial/ppca_icm/predictions.npz,results/models/multi-partial/ppca_icm/config.json
multi-partial,standard,ppca_icm,0,acc,v,0.6729676514863968,results/models/multi-partial/ppca_icm/metrics_standard.json,results/models/multi-partial/ppca_icm/predictions.npz,results/models/multi-partial/ppca_icm/config.json
multi-partial,standard,ppca_icm,0,acc,asr,0.9961140155792236,results/models/multi-partial/ppca_icm/metrics_standard.json,results/models/multi-partial/ppca_icm/predictions.npz,results/models/multi-partial/ppca_icm/config.json
multi-partial,standard,ppca_icm,0,acc,olr,0.8727918863296509,results/models/multi-partial/ppca_icm/metrics_standard.json,results/models/multi-partial/ppca_icm/predictions.npz,results/models/multi-partial/ppca_icm/config.json
multi-partial,standard,ppca_icm,0,ramse,surface_temperature,10.381856918334961,results/models/multi-partial/ppca_icm/metrics_standard.json,results/models/multi-partial/ppca_icm/predictions.npz,results/models/multi-partial/ppca_icm/config.json
multi-partial,standard,ppca_icm,0,ramse,temperature,9.209255123138428,results/models/multi-partial/ppca_icm/metrics_standard.json,results/models/multi-partial/ppca_icm/predictions.npz,results/models/multi-partial/ppca_icm/config.json
multi-partial,standard,ppca_icm,0,ramse,specific_humidity_dex,0.46459989845752714,results/models/multi-partial/ppca_icm/metrics_standard.json,results/models/multi-partial/ppca_icm/predictions.npz,results/models/multi-partial/ppca_icm/config.json
multi-partial,standard,ppca_icm,0,ramse,cloud_fraction,0.09757967814803123,results/models/multi-partial/ppca_icm/metrics_standard.json,results/models/multi-partial/ppca_icm/predictions.npz,results/models/multi-partial/ppca_icm/config.json
multi-partial,standard,ppca_icm,0,ramse,u,11.483064675331116,results/models/multi-partial/ppca_icm/metrics_standard.json,results/models/multi-partial/ppca_icm/predictions.npz,results/models/multi-partial/ppca_icm/config.json
multi-partial,standard,ppca_icm,0,ramse,v,5.240771198272705,results/models/multi-partial/ppca_icm/metrics_standard.json,results/models/multi-partial/ppca_icm/predictions.npz,results/models/multi-partial/ppca_icm/config.json
multi-partial,standard,ppca_icm,0,ramse,asr,27.894737243652344,results/models/multi-partial/ppca_icm/metrics_standard.json,results/models/multi-partial/ppca_icm/predictions.npz,results/models/multi-partial/ppca_icm/config.json
multi-partial,standard,ppca_icm,0,ramse,olr,19.572938919067383,results/models/multi-partial/ppca_icm/metrics_standard.json,results/models/multi-partial/ppca_icm/predictions.npz,results/models/multi-partial/ppca_icm/config.json
multi-partial,standard,ppca_icm,0,energy_score,surface_temperature,7.839030742645264,results/models/multi-partial/ppca_icm/metrics_standard.json,results/models/multi-partial/ppca_icm/predictions.npz,results/models/multi-partial/ppca_icm/config.json
multi-partial,standard,ppca_icm,0,energy_score,temperature,6.915039873123169,results/models/multi-partial/ppca_icm/metrics_standard.json,results/models/multi-partial/ppca_icm/predictions.npz,results/models/multi-partial/ppca_icm/config.json
multi-partial,standard,ppca_icm,0,energy_score,specific_humidity_dex,0.3434823423624039,results/models/multi-partial/ppca_icm/metrics_standard.json,results/models/multi-partial/ppca_icm/predictions.npz,results/models/multi-partial/ppca_icm/config.json
multi-partial,standard,ppca_icm,0,energy_score,cloud_fraction,0.06775932535529136,results/models/multi-partial/ppca_icm/metrics_standard.json,results/models/multi-partial/ppca_icm/predictions.npz,results/models/multi-partial/ppca_icm/config.json
multi-partial,standard,ppca_icm,0,energy_score,u,8.01643636226654,results/models/multi-partial/ppca_icm/metrics_standard.json,results/models/multi-partial/ppca_icm/predictions.npz,results/models/multi-partial/ppca_icm/config.json
multi-partial,standard,ppca_icm,0,energy_score,v,3.5878576040267944,results/models/multi-partial/ppca_icm/metrics_standard.json,results/models/multi-partial/ppca_icm/predictions.npz,results/models/multi-partial/ppca_icm/config.json
multi-partial,standard,ppca_icm,0,energy_score,asr,20.80525779724121,results/models/multi-partial/ppca_icm/metrics_standard.json,results/models/multi-partial/ppca_icm/predictions.npz,results/models/multi-partial/ppca_icm/config.json
multi-partial,standard,ppca_icm,0,energy_score,olr,14.153382301330566,results/models/multi-partial/ppca_icm/metrics_standard.json,results/models/multi-partial/ppca_icm/predictions.npz,results/models/multi-partial/ppca_icm/config.json
multi-partial,standard,ppca_icm,0,spread_skill_ratio,surface_temperature,0.6791995763778687,results/models/multi-partial/ppca_icm/metrics_standard.json,results/models/multi-partial/ppca_icm/predictions.npz,results/models/multi-partial/ppca_icm/config.json
multi-partial,standard,ppca_icm,0,spread_skill_ratio,temperature,0.6202518224716187,results/models/multi-partial/ppca_icm/metrics_standard.json,results/models/multi-partial/ppca_icm/predictions.npz,results/models/multi-partial/ppca_icm/config.json
multi-partial,standard,ppca_icm,0,spread_skill_ratio,specific_humidity_dex,0.7408770740032196,results/models/multi-partial/ppca_icm/metrics_standard.json,results/models/multi-partial/ppca_icm/predictions.npz,results/models/multi-partial/ppca_icm/config.json
multi-partial,standard,ppca_icm,0,spread_skill_ratio,cloud_fraction,0.3951224863529205,results/models/multi-partial/ppca_icm/metrics_standard.json,results/models/multi-partial/ppca_icm/predictions.npz,results/models/multi-partial/ppca_icm/config.json
multi-partial,standard,ppca_icm,0,spread_skill_ratio,u,0.30952756106853485,results/models/multi-partial/ppca_icm/metrics_standard.json,results/models/multi-partial/ppca_icm/predictions.npz,results/models/multi-partial/ppca_icm/config.json
multi-partial,standard,ppca_icm,0,spread_skill_ratio,v,0.3722998291254044,results/models/multi-partial/ppca_icm/metrics_standard.json,results/models/multi-partial/ppca_icm/predictions.npz,results/models/multi-partial/ppca_icm/config.json
multi-partial,standard,ppca_icm,0,spread_skill_ratio,asr,0.38974976539611816,results/models/multi-partial/ppca_icm/metrics_standard.json,results/models/multi-partial/ppca_icm/predictions.npz,results/models/multi-partial/ppca_icm/config.json
multi-partial,standard,ppca_icm,0,spread_skill_ratio,olr,0.47776585817337036,results/models/multi-partial/ppca_icm/metrics_standard.json,results/models/multi-partial/ppca_icm/predictions.npz,results/models/multi-partial/ppca_icm/config.json
multi-partial,shared_planets,ppca_icm,0,relative_rmse,surface_temperature,0.9294688701629639,results/models/multi-partial/ppca_icm/metrics_shared_planets.json,results/models/multi-partial/ppca_icm/predictions_shared_planets.npz,results/models/multi-partial/ppca_icm/config.json
multi-partial,shared_planets,ppca_icm,0,relative_rmse,temperature,0.8295407295227051,results/models/multi-partial/ppca_icm/metrics_shared_planets.json,results/models/multi-partial/ppca_icm/predictions_shared_planets.npz,results/models/multi-partial/ppca_icm/config.json
multi-partial,shared_planets,ppca_icm,0,relative_rmse,specific_humidity_dex,0.7776010036468506,results/models/multi-partial/ppca_icm/metrics_shared_planets.json,results/models/multi-partial/ppca_icm/predictions_shared_planets.npz,results/models/multi-partial/ppca_icm/config.json
multi-partial,shared_planets,ppca_icm,0,relative_rmse,cloud_fraction,0.6280731558799744,results/models/multi-partial/ppca_icm/metrics_shared_planets.json,results/models/multi-partial/ppca_icm/predictions_shared_planets.npz,results/models/multi-partial/ppca_icm/config.json
multi-partial,shared_planets,ppca_icm,0,relative_rmse,u,0.7841795682907104,results/models/multi-partial/ppca_icm/metrics_shared_planets.json,results/models/multi-partial/ppca_icm/predictions_shared_planets.npz,results/models/multi-partial/ppca_icm/config.json
multi-partial,shared_planets,ppca_icm,0,relative_rmse,v,0.8015060424804688,results/models/multi-partial/ppca_icm/metrics_shared_planets.json,results/models/multi-partial/ppca_icm/predictions_shared_planets.npz,results/models/multi-partial/ppca_icm/config.json
multi-partial,shared_planets,ppca_icm,0,relative_rmse,asr,0.7114202380180359,results/models/multi-partial/ppca_icm/metrics_shared_planets.json,results/models/multi-partial/ppca_icm/predictions_shared_planets.npz,results/models/multi-partial/ppca_icm/config.json
multi-partial,shared_planets,ppca_icm,0,relative_rmse,olr,0.7714053988456726,results/models/multi-partial/ppca_icm/metrics_shared_planets.json,results/models/multi-partial/ppca_icm/predictions_shared_planets.npz,results/models/multi-partial/ppca_icm/config.json
multi-partial,shared_planets,ppca_icm,0,relative_acc,surface_temperature,1.0511250495910645,results/models/multi-partial/ppca_icm/metrics_shared_planets.json,results/models/multi-partial/ppca_icm/predictions_shared_planets.npz,results/models/multi-partial/ppca_icm/config.json
multi-partial,shared_planets,ppca_icm,0,relative_acc,temperature,5.322991371154785,results/models/multi-partial/ppca_icm/metrics_shared_planets.json,results/models/multi-partial/ppca_icm/predictions_shared_planets.npz,results/models/multi-partial/ppca_icm/config.json
multi-partial,shared_planets,ppca_icm,0,relative_acc,specific_humidity_dex,1.2877832651138306,results/models/multi-partial/ppca_icm/metrics_shared_planets.json,results/models/multi-partial/ppca_icm/predictions_shared_planets.npz,results/models/multi-partial/ppca_icm/config.json
multi-partial,shared_planets,ppca_icm,0,relative_acc,cloud_fraction,1.4577043056488037,results/models/multi-partial/ppca_icm/metrics_shared_planets.json,results/models/multi-partial/ppca_icm/predictions_shared_planets.npz,results/models/multi-partial/ppca_icm/config.json
multi-partial,shared_planets,ppca_icm,0,relative_acc,u,3.8907711505889893,results/models/multi-partial/ppca_icm/metrics_shared_planets.json,results/models/multi-partial/ppca_icm/predictions_shared_planets.npz,results/models/multi-partial/ppca_icm/config.json
multi-partial,shared_planets,ppca_icm,0,relative_acc,v,1.3114784955978394,results/models/multi-partial/ppca_icm/metrics_shared_planets.json,results/models/multi-partial/ppca_icm/predictions_shared_planets.npz,results/models/multi-partial/ppca_icm/config.json
multi-partial,shared_planets,ppca_icm,0,relative_acc,asr,1.0046628713607788,results/models/multi-partial/ppca_icm/metrics_shared_planets.json,results/models/multi-partial/ppca_icm/predictions_shared_planets.npz,results/models/multi-partial/ppca_icm/config.json
multi-partial,shared_planets,ppca_icm,0,relative_acc,olr,1.1528632640838623,results/models/multi-partial/ppca_icm/metrics_shared_planets.json,results/models/multi-partial/ppca_icm/predictions_shared_planets.npz,results/models/multi-partial/ppca_icm/config.json
multi-partial,shared_planets,ppca_icm,0,relative_energy_score,surface_temperature,0.721234142780304,results/models/multi-partial/ppca_icm/metrics_shared_planets.json,results/models/multi-partial/ppca_icm/predictions_shared_planets.npz,results/models/multi-partial/ppca_icm/config.json
multi-partial,shared_planets,ppca_icm,0,relative_energy_score,temperature,0.638553261756897,results/models/multi-partial/ppca_icm/metrics_shared_planets.json,results/models/multi-partial/ppca_icm/predictions_shared_planets.npz,results/models/multi-partial/ppca_icm/config.json
multi-partial,shared_planets,ppca_icm,0,relative_energy_score,specific_humidity_dex,0.5801811218261719,results/models/multi-partial/ppca_icm/metrics_shared_planets.json,results/models/multi-partial/ppca_icm/predictions_shared_planets.npz,results/models/multi-partial/ppca_icm/config.json
multi-partial,shared_planets,ppca_icm,0,relative_energy_score,cloud_fraction,0.5091177821159363,results/models/multi-partial/ppca_icm/metrics_shared_planets.json,results/models/multi-partial/ppca_icm/predictions_shared_planets.npz,results/models/multi-partial/ppca_icm/config.json
multi-partial,shared_planets,ppca_icm,0,relative_energy_score,u,0.6354302167892456,results/models/multi-partial/ppca_icm/metrics_shared_planets.json,results/models/multi-partial/ppca_icm/predictions_shared_planets.npz,results/models/multi-partial/ppca_icm/config.json
multi-partial,shared_planets,ppca_icm,0,relative_energy_score,v,0.6564686298370361,results/models/multi-partial/ppca_icm/metrics_shared_planets.json,results/models/multi-partial/ppca_icm/predictions_shared_planets.npz,results/models/multi-partial/ppca_icm/config.json
multi-partial,shared_planets,ppca_icm,0,relative_energy_score,asr,0.5653027892112732,results/models/multi-partial/ppca_icm/metrics_shared_planets.json,results/models/multi-partial/ppca_icm/predictions_shared_planets.npz,results/models/multi-partial/ppca_icm/config.json
multi-partial,shared_planets,ppca_icm,0,relative_energy_score,olr,0.6076940298080444,results/models/multi-partial/ppca_icm/metrics_shared_planets.json,results/models/multi-partial/ppca_icm/predictions_shared_planets.npz,results/models/multi-partial/ppca_icm/config.json
multi-partial,standard,ppca_icm,1,rmse,surface_temperature,10.067018508911133,,,
multi-partial,standard,ppca_icm,1,rmse,temperature,8.77993459701538,,,
multi-partial,standard,ppca_icm,1,rmse,specific_humidity_dex,0.4470789968967438,,,
multi-partial,standard,ppca_icm,1,rmse,cloud_fraction,0.08316585421562195,,,
multi-partial,standard,ppca_icm,1,rmse,u,9.634359860420227,,,
multi-partial,standard,ppca_icm,1,rmse,v,4.339113998413086,,,
multi-partial,standard,ppca_icm,1,rmse,asr,26.02550506591797,,,
multi-partial,standard,ppca_icm,1,rmse,olr,18.372312545776367,,,
multi-partial,standard,ppca_icm,1,acc,surface_temperature,0.970708966255188,,,
multi-partial,standard,ppca_icm,1,acc,temperature,0.6299589991569519,,,
multi-partial,standard,ppca_icm,1,acc,specific_humidity_dex,0.7740746900439263,,,
multi-partial,standard,ppca_icm,1,acc,cloud_fraction,0.6926617622375488,,,
multi-partial,standard,ppca_icm,1,acc,u,0.6953257471323013,,,
multi-partial,standard,ppca_icm,1,acc,v,0.6709321439266205,,,
multi-partial,standard,ppca_icm,1,acc,asr,0.9962136745452881,,,
multi-partial,standard,ppca_icm,1,acc,olr,0.8682145476341248,,,
multi-partial,standard,ppca_icm,1,ramse,surface_temperature,10.356261253356934,,,
multi-partial,standard,ppca_icm,1,ramse,temperature,9.170991706848145,,,
multi-partial,standard,ppca_icm,1,ramse,specific_humidity_dex,0.4682572454214096,,,
multi-partial,standard,ppca_icm,1,ramse,cloud_fraction,0.09658310152590274,,,
multi-partial,standard,ppca_icm,1,ramse,u,11.478802704811097,,,
multi-partial,standard,ppca_icm,1,ramse,v,5.251735329627991,,,
multi-partial,standard,ppca_icm,1,ramse,asr,27.910140991210938,,,
multi-partial,standard,ppca_icm,1,ramse,olr,20.010896682739258,,,
multi-partial,standard,ppca_icm,1,energy_score,surface_temperature,7.861438751220703,,,
multi-partial,standard,ppca_icm,1,energy_score,temperature,6.908732843399048,,,
multi-partial,standard,ppca_icm,1,energy_score,specific_humidity_dex,0.3445365488529205,,,
multi-partial,standard,ppca_icm,1,energy_score,cloud_fraction,0.0671854455024004,,,
multi-partial,standard,ppca_icm,1,energy_score,u,8.014074158668517,,,
multi-partial,standard,ppca_icm,1,energy_score,v,3.572979187965393,,,
multi-partial,standard,ppca_icm,1,energy_score,asr,20.768301010131836,,,
multi-partial,standard,ppca_icm,1,energy_score,olr,14.34973430633545,,,
multi-partial,standard,ppca_icm,1,spread_skill_ratio,surface_temperature,0.6694468259811401,,,
multi-partial,standard,ppca_icm,1,spread_skill_ratio,temperature,0.6115557223558425,,,
multi-partial,standard,ppca_icm,1,spread_skill_ratio,specific_humidity_dex,0.7334929525852203,,,
multi-partial,standard,ppca_icm,1,spread_skill_ratio,cloud_fraction,0.3905752718448639,,,
multi-partial,standard,ppca_icm,1,spread_skill_ratio,u,0.3066273510456085,,,
multi-partial,standard,ppca_icm,1,spread_skill_ratio,v,0.38229580521583556,,,
multi-partial,standard,ppca_icm,1,spread_skill_ratio,asr,0.3884914815425873,,,
multi-partial,standard,ppca_icm,1,spread_skill_ratio,olr,0.4699056148529053,,,
multi-partial,shared_planets,ppca_icm,1,relative_rmse,surface_temperature,0.9276745319366455,,,
multi-partial,shared_planets,ppca_icm,1,relative_rmse,temperature,0.8305039405822754,,,
multi-partial,shared_planets,ppca_icm,1,relative_rmse,specific_humidity_dex,0.7922185659408569,,,
multi-partial,shared_planets,ppca_icm,1,relative_rmse,cloud_fraction,0.6198455095291138,,,
multi-partial,shared_planets,ppca_icm,1,relative_rmse,u,0.7848092317581177,,,
multi-partial,shared_planets,ppca_icm,1,relative_rmse,v,0.8016265630722046,,,
multi-partial,shared_planets,ppca_icm,1,relative_rmse,asr,0.711800217628479,,,
multi-partial,shared_planets,ppca_icm,1,relative_rmse,olr,0.7814708948135376,,,
multi-partial,shared_planets,ppca_icm,1,relative_acc,surface_temperature,1.0511956214904785,,,
multi-partial,shared_planets,ppca_icm,1,relative_acc,temperature,5.345644474029541,,,
multi-partial,shared_planets,ppca_icm,1,relative_acc,specific_humidity_dex,1.2863190174102783,,,
multi-partial,shared_planets,ppca_icm,1,relative_acc,cloud_fraction,1.4631367921829224,,,
multi-partial,shared_planets,ppca_icm,1,relative_acc,u,3.800492763519287,,,
multi-partial,shared_planets,ppca_icm,1,relative_acc,v,1.311323642730713,,,
multi-partial,shared_planets,ppca_icm,1,relative_acc,asr,1.004827857017517,,,
multi-partial,shared_planets,ppca_icm,1,relative_acc,olr,1.1427420377731323,,,
multi-partial,shared_planets,ppca_icm,1,relative_energy_score,surface_temperature,0.7127002477645874,,,
multi-partial,shared_planets,ppca_icm,1,relative_energy_score,temperature,0.6403630375862122,,,
multi-partial,shared_planets,ppca_icm,1,relative_energy_score,specific_humidity_dex,0.5956783890724182,,,
multi-partial,shared_planets,ppca_icm,1,relative_energy_score,cloud_fraction,0.5012438297271729,,,
multi-partial,shared_planets,ppca_icm,1,relative_energy_score,u,0.6349174976348877,,,
multi-partial,shared_planets,ppca_icm,1,relative_energy_score,v,0.6487088203430176,,,
multi-partial,shared_planets,ppca_icm,1,relative_energy_score,asr,0.5642333626747131,,,
multi-partial,shared_planets,ppca_icm,1,relative_energy_score,olr,0.610486626625061,,,
multi-partial,standard,ppca_icm,2,rmse,surface_temperature,10.055900573730469,,,
multi-partial,standard,ppca_icm,2,rmse,temperature,8.75998787879944,,,
multi-partial,standard,ppca_icm,2,rmse,specific_humidity_dex,0.44796811044216156,,,
multi-partial,standard,ppca_icm,2,rmse,cloud_fraction,0.08333690240979194,,,
multi-partial,standard,ppca_icm,2,rmse,u,9.623952436447144,,,
multi-partial,standard,ppca_icm,2,rmse,v,4.33547306060791,,,
multi-partial,standard,ppca_icm,2,rmse,asr,25.977453231811523,,,
multi-partial,standard,ppca_icm,2,rmse,olr,18.08495330810547,,,
multi-partial,standard,ppca_icm,2,acc,surface_temperature,0.9711527824401855,,,
multi-partial,standard,ppca_icm,2,acc,temperature,0.630816587805748,,,
multi-partial,standard,ppca_icm,2,acc,specific_humidity_dex,0.7769296541810036,,,
multi-partial,standard,ppca_icm,2,acc,cloud_fraction,0.6899300754070282,,,
multi-partial,standard,ppca_icm,2,acc,u,0.6957948863506317,,,
multi-partial,standard,ppca_icm,2,acc,v,0.6717032045125961,,,
multi-partial,standard,ppca_icm,2,acc,asr,0.9961965680122375,,,
multi-partial,standard,ppca_icm,2,acc,olr,0.8733576536178589,,,
multi-partial,standard,ppca_icm,2,ramse,surface_temperature,10.349514961242676,,,
multi-partial,standard,ppca_icm,2,ramse,temperature,9.154847431182862,,,
multi-partial,standard,ppca_icm,2,ramse,specific_humidity_dex,0.46911364495754243,,,
multi-partial,standard,ppca_icm,2,ramse,cloud_fraction,0.09685280695557594,,,
multi-partial,standard,ppca_icm,2,ramse,u,11.423516488075256,,,
multi-partial,standard,ppca_icm,2,ramse,v,5.247120141983032,,,
multi-partial,standard,ppca_icm,2,ramse,asr,27.852256774902344,,,
multi-partial,standard,ppca_icm,2,ramse,olr,19.60192108154297,,,
multi-partial,standard,ppca_icm,2,energy_score,surface_temperature,7.810854911804199,,,
multi-partial,standard,ppca_icm,2,energy_score,temperature,6.866224241256714,,,
multi-partial,standard,ppca_icm,2,energy_score,specific_humidity_dex,0.34527590721845625,,,
multi-partial,standard,ppca_icm,2,energy_score,cloud_fraction,0.06733616050332784,,,
multi-partial,standard,ppca_icm,2,energy_score,u,7.987721276283264,,,
multi-partial,standard,ppca_icm,2,energy_score,v,3.5817572712898254,,,
multi-partial,standard,ppca_icm,2,energy_score,asr,20.70775604248047,,,
multi-partial,standard,ppca_icm,2,energy_score,olr,14.098591804504395,,,
multi-partial,standard,ppca_icm,2,spread_skill_ratio,surface_temperature,0.6901974678039551,,,
multi-partial,standard,ppca_icm,2,spread_skill_ratio,temperature,0.6315257906913757,,,
multi-partial,standard,ppca_icm,2,spread_skill_ratio,specific_humidity_dex,0.7431596636772155,,,
multi-partial,standard,ppca_icm,2,spread_skill_ratio,cloud_fraction,0.39452733397483825,,,
multi-partial,standard,ppca_icm,2,spread_skill_ratio,u,0.30499811470508575,,,
multi-partial,standard,ppca_icm,2,spread_skill_ratio,v,0.36717036068439485,,,
multi-partial,standard,ppca_icm,2,spread_skill_ratio,asr,0.3948747515678406,,,
multi-partial,standard,ppca_icm,2,spread_skill_ratio,olr,0.47880837321281433,,,
multi-partial,shared_planets,ppca_icm,2,relative_rmse,surface_temperature,0.9239683151245117,,,
multi-partial,shared_planets,ppca_icm,2,relative_rmse,temperature,0.8259034156799316,,,
multi-partial,shared_planets,ppca_icm,2,relative_rmse,specific_humidity_dex,0.7937234044075012,,,
multi-partial,shared_planets,ppca_icm,2,relative_rmse,cloud_fraction,0.6238012909889221,,,
multi-partial,shared_planets,ppca_icm,2,relative_rmse,u,0.7854529619216919,,,
multi-partial,shared_planets,ppca_icm,2,relative_rmse,v,0.8014570474624634,,,
multi-partial,shared_planets,ppca_icm,2,relative_rmse,asr,0.7118093371391296,,,
multi-partial,shared_planets,ppca_icm,2,relative_rmse,olr,0.7750136852264404,,,
multi-partial,shared_planets,ppca_icm,2,relative_acc,surface_temperature,1.051445484161377,,,
multi-partial,shared_planets,ppca_icm,2,relative_acc,temperature,5.369358062744141,,,
multi-partial,shared_planets,ppca_icm,2,relative_acc,specific_humidity_dex,1.290583610534668,,,
multi-partial,shared_planets,ppca_icm,2,relative_acc,cloud_fraction,1.4510372877120972,,,
multi-partial,shared_planets,ppca_icm,2,relative_acc,u,3.8471896648406982,,,
multi-partial,shared_planets,ppca_icm,2,relative_acc,v,1.3116240501403809,,,
multi-partial,shared_planets,ppca_icm,2,relative_acc,asr,1.0048067569732666,,,
multi-partial,shared_planets,ppca_icm,2,relative_acc,olr,1.15505051612854,,,
multi-partial,shared_planets,ppca_icm,2,relative_energy_score,surface_temperature,0.7114516496658325,,,
multi-partial,shared_planets,ppca_icm,2,relative_energy_score,temperature,0.6357355117797852,,,
multi-partial,shared_planets,ppca_icm,2,relative_energy_score,specific_humidity_dex,0.5979734659194946,,,
multi-partial,shared_planets,ppca_icm,2,relative_energy_score,cloud_fraction,0.5047673583030701,,,
multi-partial,shared_planets,ppca_icm,2,relative_energy_score,u,0.6328094005584717,,,
multi-partial,shared_planets,ppca_icm,2,relative_energy_score,v,0.6514933109283447,,,
multi-partial,shared_planets,ppca_icm,2,relative_energy_score,asr,0.5619504451751709,,,
multi-partial,shared_planets,ppca_icm,2,relative_energy_score,olr,0.6018025279045105,,,
multi-partial,standard,ppca_icm,3,rmse,surface_temperature,10.050894737243652,,,
multi-partial,standard,ppca_icm,3,rmse,temperature,8.778321838378906,,,
multi-partial,standard,ppca_icm,3,rmse,specific_humidity_dex,0.4456890732049942,,,
multi-partial,standard,ppca_icm,3,rmse,cloud_fraction,0.08409369736909866,,,
multi-partial,standard,ppca_icm,3,rmse,u,9.62344570159912,,,
multi-partial,standard,ppca_icm,3,rmse,v,4.336544728279113,,,
multi-partial,standard,ppca_icm,3,rmse,asr,25.925148010253906,,,
multi-partial,standard,ppca_icm,3,rmse,olr,18.255708694458008,,,
multi-partial,standard,ppca_icm,3,acc,surface_temperature,0.9709470868110657,,,
multi-partial,standard,ppca_icm,3,acc,temperature,0.6280347138643265,,,
multi-partial,standard,ppca_icm,3,acc,specific_humidity_dex,0.7752685934305191,,,
multi-partial,standard,ppca_icm,3,acc,cloud_fraction,0.6907176896929741,,,
multi-partial,standard,ppca_icm,3,acc,u,0.6969366282224655,,,
multi-partial,standard,ppca_icm,3,acc,v,0.6739599257707596,,,
multi-partial,standard,ppca_icm,3,acc,asr,0.9961992502212524,,,
multi-partial,standard,ppca_icm,3,acc,olr,0.8702188730239868,,,
multi-partial,standard,ppca_icm,3,ramse,surface_temperature,10.342184066772461,,,
multi-partial,standard,ppca_icm,3,ramse,temperature,9.167423534393311,,,
multi-partial,standard,ppca_icm,3,ramse,specific_humidity_dex,0.4673217564821243,,,
multi-partial,standard,ppca_icm,3,ramse,cloud_fraction,0.09785068854689598,,,
multi-partial,standard,ppca_icm,3,ramse,u,11.461362743377686,,,
multi-partial,standard,ppca_icm,3,ramse,v,5.248774719238281,,,
multi-partial,standard,ppca_icm,3,ramse,asr,27.82298469543457,,,
multi-partial,standard,ppca_icm,3,ramse,olr,19.845500946044922,,,
multi-partial,standard,ppca_icm,3,energy_score,surface_temperature,7.810805797576904,,,
multi-partial,standard,ppca_icm,3,energy_score,temperature,6.889232397079468,,,
multi-partial,standard,ppca_icm,3,energy_score,specific_humidity_dex,0.3464341819286346,,,
multi-partial,standard,ppca_icm,3,energy_score,cloud_fraction,0.06786430757492781,,,
multi-partial,standard,ppca_icm,3,energy_score,u,8.028180241584778,,,
multi-partial,standard,ppca_icm,3,energy_score,v,3.5815739035606384,,,
multi-partial,standard,ppca_icm,3,energy_score,asr,20.648908615112305,,,
multi-partial,standard,ppca_icm,3,energy_score,olr,14.314855575561523,,,
multi-partial,standard,ppca_icm,3,spread_skill_ratio,surface_temperature,0.6967644095420837,,,
multi-partial,standard,ppca_icm,3,spread_skill_ratio,temperature,0.6357039004564286,,,
multi-partial,standard,ppca_icm,3,spread_skill_ratio,specific_humidity_dex,0.7448949933052063,,,
multi-partial,standard,ppca_icm,3,spread_skill_ratio,cloud_fraction,0.39075085520744324,,,
multi-partial,standard,ppca_icm,3,spread_skill_ratio,u,0.3006118953227997,,,
multi-partial,standard,ppca_icm,3,spread_skill_ratio,v,0.3703901141881943,,,
multi-partial,standard,ppca_icm,3,spread_skill_ratio,asr,0.3980385363101959,,,
multi-partial,standard,ppca_icm,3,spread_skill_ratio,olr,0.474965363740921,,,
multi-partial,shared_planets,ppca_icm,3,relative_rmse,surface_temperature,0.9274832606315613,,,
multi-partial,shared_planets,ppca_icm,3,relative_rmse,temperature,0.8288014531135559,,,
multi-partial,shared_planets,ppca_icm,3,relative_rmse,specific_humidity_dex,0.7794579267501831,,,
multi-partial,shared_planets,ppca_icm,3,relative_rmse,cloud_fraction,0.6276881098747253,,,
multi-partial,shared_planets,ppca_icm,3,relative_rmse,u,0.7833376526832581,,,
multi-partial,shared_planets,ppca_icm,3,relative_rmse,v,0.8009188175201416,,,
multi-partial,shared_planets,ppca_icm,3,relative_rmse,asr,0.7073253393173218,,,
multi-partial,shared_planets,ppca_icm,3,relative_rmse,olr,0.7750045657157898,,,
multi-partial,shared_planets,ppca_icm,3,relative_acc,surface_temperature,1.0514343976974487,,,
multi-partial,shared_planets,ppca_icm,3,relative_acc,temperature,5.369704246520996,,,
multi-partial,shared_planets,ppca_icm,3,relative_acc,specific_humidity_dex,1.2862337827682495,,,
multi-partial,shared_planets,ppca_icm,3,relative_acc,cloud_fraction,1.4592469930648804,,,
multi-partial,shared_planets,ppca_icm,3,relative_acc,u,3.879807949066162,,,
multi-partial,shared_planets,ppca_icm,3,relative_acc,v,1.3126214742660522,,,
multi-partial,shared_planets,ppca_icm,3,relative_acc,asr,1.0047880411148071,,,
multi-partial,shared_planets,ppca_icm,3,relative_acc,olr,1.1470507383346558,,,
multi-partial,shared_planets,ppca_icm,3,relative_energy_score,surface_temperature,0.7044166326522827,,,
multi-partial,shared_planets,ppca_icm,3,relative_energy_score,temperature,0.637855052947998,,,
multi-partial,shared_planets,ppca_icm,3,relative_energy_score,specific_humidity_dex,0.5851539969444275,,,
multi-partial,shared_planets,ppca_icm,3,relative_energy_score,cloud_fraction,0.5070232152938843,,,
multi-partial,shared_planets,ppca_icm,3,relative_energy_score,u,0.6386826038360596,,,
multi-partial,shared_planets,ppca_icm,3,relative_energy_score,v,0.6543363332748413,,,
multi-partial,shared_planets,ppca_icm,3,relative_energy_score,asr,0.5583997368812561,,,
multi-partial,shared_planets,ppca_icm,3,relative_energy_score,olr,0.6070085167884827,,,
multi-partial,standard,ppca_icm,4,rmse,surface_temperature,10.05385684967041,,,
multi-partial,standard,ppca_icm,4,rmse,temperature,8.792597007751464,,,
multi-partial,standard,ppca_icm,4,rmse,specific_humidity_dex,0.44745446741580963,,,
multi-partial,standard,ppca_icm,4,rmse,cloud_fraction,0.08330980092287063,,,
multi-partial,standard,ppca_icm,4,rmse,u,9.647628927230835,,,
multi-partial,standard,ppca_icm,4,rmse,v,4.335141658782959,,,
multi-partial,standard,ppca_icm,4,rmse,asr,26.107654571533203,,,
multi-partial,standard,ppca_icm,4,rmse,olr,18.267715454101562,,,
multi-partial,standard,ppca_icm,4,acc,surface_temperature,0.9705281853675842,,,
multi-partial,standard,ppca_icm,4,acc,temperature,0.6270446375012397,,,
multi-partial,standard,ppca_icm,4,acc,specific_humidity_dex,0.7747116088867188,,,
multi-partial,standard,ppca_icm,4,acc,cloud_fraction,0.6912021100521087,,,
multi-partial,standard,ppca_icm,4,acc,u,0.6946207284927368,,,
multi-partial,standard,ppca_icm,4,acc,v,0.6717061102390289,,,
multi-partial,standard,ppca_icm,4,acc,asr,0.996217668056488,,,
multi-partial,standard,ppca_icm,4,acc,olr,0.872614324092865,,,
multi-partial,standard,ppca_icm,4,ramse,surface_temperature,10.341036796569824,,,
multi-partial,standard,ppca_icm,4,ramse,temperature,9.185063552856445,,,
multi-partial,standard,ppca_icm,4,ramse,specific_humidity_dex,0.46853744983673096,,,
multi-partial,standard,ppca_icm,4,ramse,cloud_fraction,0.09686236083507538,,,
multi-partial,standard,ppca_icm,4,ramse,u,11.486673617362976,,,
multi-partial,standard,ppca_icm,4,ramse,v,5.241222643852234,,,
multi-partial,standard,ppca_icm,4,ramse,asr,28.0324649810791,,,
multi-partial,standard,ppca_icm,4,ramse,olr,19.82344627380371,,,
multi-partial,standard,ppca_icm,4,energy_score,surface_temperature,7.782179355621338,,,
multi-partial,standard,ppca_icm,4,energy_score,temperature,6.887016248703003,,,
multi-partial,standard,ppca_icm,4,energy_score,specific_humidity_dex,0.34444387853145597,,,
multi-partial,standard,ppca_icm,4,energy_score,cloud_fraction,0.06708588860929013,,,
multi-partial,standard,ppca_icm,4,energy_score,u,8.039955663681031,,,
multi-partial,standard,ppca_icm,4,energy_score,v,3.583470904827118,,,
multi-partial,standard,ppca_icm,4,energy_score,asr,20.812896728515625,,,
multi-partial,standard,ppca_icm,4,energy_score,olr,14.29712200164795,,,
multi-partial,standard,ppca_icm,4,spread_skill_ratio,surface_temperature,0.6941735744476318,,,
multi-partial,standard,ppca_icm,4,spread_skill_ratio,temperature,0.6314190119504929,,,
multi-partial,standard,ppca_icm,4,spread_skill_ratio,specific_humidity_dex,0.7440806269645691,,,
multi-partial,standard,ppca_icm,4,spread_skill_ratio,cloud_fraction,0.39716810584068296,,,
multi-partial,standard,ppca_icm,4,spread_skill_ratio,u,0.302764031291008,,,
multi-partial,standard,ppca_icm,4,spread_skill_ratio,v,0.37618320286273954,,,
multi-partial,standard,ppca_icm,4,spread_skill_ratio,asr,0.3928772509098053,,,
multi-partial,standard,ppca_icm,4,spread_skill_ratio,olr,0.46966785192489624,,,
multi-partial,shared_planets,ppca_icm,4,relative_rmse,surface_temperature,0.9252073764801025,,,
multi-partial,shared_planets,ppca_icm,4,relative_rmse,temperature,0.8300457000732422,,,
multi-partial,shared_planets,ppca_icm,4,relative_rmse,specific_humidity_dex,0.7922213077545166,,,
multi-partial,shared_planets,ppca_icm,4,relative_rmse,cloud_fraction,0.619966447353363,,,
multi-partial,shared_planets,ppca_icm,4,relative_rmse,u,0.7856053113937378,,,
multi-partial,shared_planets,ppca_icm,4,relative_rmse,v,0.8022812604904175,,,
multi-partial,shared_planets,ppca_icm,4,relative_rmse,asr,0.7121239900588989,,,
multi-partial,shared_planets,ppca_icm,4,relative_rmse,olr,0.7794805765151978,,,
multi-partial,shared_planets,ppca_icm,4,relative_acc,surface_temperature,1.0509368181228638,,,
multi-partial,shared_planets,ppca_icm,4,relative_acc,temperature,5.36364221572876,,,
multi-partial,shared_planets,ppca_icm,4,relative_acc,specific_humidity_dex,1.285936713218689,,,
multi-partial,shared_planets,ppca_icm,4,relative_acc,cloud_fraction,1.4631158113479614,,,
multi-partial,shared_planets,ppca_icm,4,relative_acc,u,3.8100247383117676,,,
multi-partial,shared_planets,ppca_icm,4,relative_acc,v,1.308984637260437,,,
multi-partial,shared_planets,ppca_icm,4,relative_acc,asr,1.0048563480377197,,,
multi-partial,shared_planets,ppca_icm,4,relative_acc,olr,1.1514053344726562,,,
multi-partial,shared_planets,ppca_icm,4,relative_energy_score,surface_temperature,0.711644172668457,,,
multi-partial,shared_planets,ppca_icm,4,relative_energy_score,temperature,0.6390743255615234,,,
multi-partial,shared_planets,ppca_icm,4,relative_energy_score,specific_humidity_dex,0.5905373096466064,,,
multi-partial,shared_planets,ppca_icm,4,relative_energy_score,cloud_fraction,0.5003945231437683,,,
multi-partial,shared_planets,ppca_icm,4,relative_energy_score,u,0.6380341053009033,,,
multi-partial,shared_planets,ppca_icm,4,relative_energy_score,v,0.652739405632019,,,
multi-partial,shared_planets,ppca_icm,4,relative_energy_score,asr,0.5616111755371094,,,
multi-partial,shared_planets,ppca_icm,4,relative_energy_score,olr,0.6098514795303345,,,
multi-partial,standard,sfno,0,rmse,surface_temperature,13.156966209411621,results/models/multi-partial/sfno/metrics_standard.json,results/models/multi-partial/sfno/predictions.npz,results/models/multi-partial/sfno/config.json
multi-partial,standard,sfno,0,rmse,temperature,10.78567123413086,results/models/multi-partial/sfno/metrics_standard.json,results/models/multi-partial/sfno/predictions.npz,results/models/multi-partial/sfno/config.json
multi-partial,standard,sfno,0,rmse,specific_humidity_dex,0.5312204658985138,results/models/multi-partial/sfno/metrics_standard.json,results/models/multi-partial/sfno/predictions.npz,results/models/multi-partial/sfno/config.json
multi-partial,standard,sfno,0,rmse,cloud_fraction,0.0850891750305891,results/models/multi-partial/sfno/metrics_standard.json,results/models/multi-partial/sfno/predictions.npz,results/models/multi-partial/sfno/config.json
multi-partial,standard,sfno,0,rmse,u,10.606792378425599,results/models/multi-partial/sfno/metrics_standard.json,results/models/multi-partial/sfno/predictions.npz,results/models/multi-partial/sfno/config.json
multi-partial,standard,sfno,0,rmse,v,4.283011484146118,results/models/multi-partial/sfno/metrics_standard.json,results/models/multi-partial/sfno/predictions.npz,results/models/multi-partial/sfno/config.json
multi-partial,standard,sfno,0,rmse,asr,32.38471221923828,results/models/multi-partial/sfno/metrics_standard.json,results/models/multi-partial/sfno/predictions.npz,results/models/multi-partial/sfno/config.json
multi-partial,standard,sfno,0,rmse,olr,18.706762313842773,results/models/multi-partial/sfno/metrics_standard.json,results/models/multi-partial/sfno/predictions.npz,results/models/multi-partial/sfno/config.json
multi-partial,standard,sfno,0,acc,surface_temperature,0.95804762840271,results/models/multi-partial/sfno/metrics_standard.json,results/models/multi-partial/sfno/predictions.npz,results/models/multi-partial/sfno/config.json
multi-partial,standard,sfno,0,acc,temperature,0.5227116018533706,results/models/multi-partial/sfno/metrics_standard.json,results/models/multi-partial/sfno/predictions.npz,results/models/multi-partial/sfno/config.json
multi-partial,standard,sfno,0,acc,specific_humidity_dex,0.716921928524971,results/models/multi-partial/sfno/metrics_standard.json,results/models/multi-partial/sfno/predictions.npz,results/models/multi-partial/sfno/config.json
multi-partial,standard,sfno,0,acc,cloud_fraction,0.6865214616060257,results/models/multi-partial/sfno/metrics_standard.json,results/models/multi-partial/sfno/predictions.npz,results/models/multi-partial/sfno/config.json
multi-partial,standard,sfno,0,acc,u,0.6820575267076492,results/models/multi-partial/sfno/metrics_standard.json,results/models/multi-partial/sfno/predictions.npz,results/models/multi-partial/sfno/config.json
multi-partial,standard,sfno,0,acc,v,0.6908194452524186,results/models/multi-partial/sfno/metrics_standard.json,results/models/multi-partial/sfno/predictions.npz,results/models/multi-partial/sfno/config.json
multi-partial,standard,sfno,0,acc,asr,0.9953799843788147,results/models/multi-partial/sfno/metrics_standard.json,results/models/multi-partial/sfno/predictions.npz,results/models/multi-partial/sfno/config.json
multi-partial,standard,sfno,0,acc,olr,0.8569254279136658,results/models/multi-partial/sfno/metrics_standard.json,results/models/multi-partial/sfno/predictions.npz,results/models/multi-partial/sfno/config.json
multi-partial,standard,sfno,0,ramse,surface_temperature,13.54281234741211,results/models/multi-partial/sfno/metrics_standard.json,results/models/multi-partial/sfno/predictions.npz,results/models/multi-partial/sfno/config.json
multi-partial,standard,sfno,0,ramse,temperature,11.52151403427124,results/models/multi-partial/sfno/metrics_standard.json,results/models/multi-partial/sfno/predictions.npz,results/models/multi-partial/sfno/config.json
multi-partial,standard,sfno,0,ramse,specific_humidity_dex,0.566435694694519,results/models/multi-partial/sfno/metrics_standard.json,results/models/multi-partial/sfno/predictions.npz,results/models/multi-partial/sfno/config.json
multi-partial,standard,sfno,0,ramse,cloud_fraction,0.09794064052402973,results/models/multi-partial/sfno/metrics_standard.json,results/models/multi-partial/sfno/predictions.npz,results/models/multi-partial/sfno/config.json
multi-partial,standard,sfno,0,ramse,u,12.696057105064392,results/models/multi-partial/sfno/metrics_standard.json,results/models/multi-partial/sfno/predictions.npz,results/models/multi-partial/sfno/config.json
multi-partial,standard,sfno,0,ramse,v,5.053560900688171,results/models/multi-partial/sfno/metrics_standard.json,results/models/multi-partial/sfno/predictions.npz,results/models/multi-partial/sfno/config.json
multi-partial,standard,sfno,0,ramse,asr,34.20325469970703,results/models/multi-partial/sfno/metrics_standard.json,results/models/multi-partial/sfno/predictions.npz,results/models/multi-partial/sfno/config.json
multi-partial,standard,sfno,0,ramse,olr,20.247047424316406,results/models/multi-partial/sfno/metrics_standard.json,results/models/multi-partial/sfno/predictions.npz,results/models/multi-partial/sfno/config.json
multi-partial,shared_planets,sfno,0,relative_rmse,surface_temperature,1.0557327270507812,results/models/multi-partial/sfno/metrics_shared_planets.json,results/models/multi-partial/sfno/predictions_shared_planets.npz,results/models/multi-partial/sfno/config.json
multi-partial,shared_planets,sfno,0,relative_rmse,temperature,0.9577412605285645,results/models/multi-partial/sfno/metrics_shared_planets.json,results/models/multi-partial/sfno/predictions_shared_planets.npz,results/models/multi-partial/sfno/config.json
multi-partial,shared_planets,sfno,0,relative_rmse,specific_humidity_dex,0.8211114406585693,results/models/multi-partial/sfno/metrics_shared_planets.json,results/models/multi-partial/sfno/predictions_shared_planets.npz,results/models/multi-partial/sfno/config.json
multi-partial,shared_planets,sfno,0,relative_rmse,cloud_fraction,0.6080504655838013,results/models/multi-partial/sfno/metrics_shared_planets.json,results/models/multi-partial/sfno/predictions_shared_planets.npz,results/models/multi-partial/sfno/config.json
multi-partial,shared_planets,sfno,0,relative_rmse,u,0.8742114305496216,results/models/multi-partial/sfno/metrics_shared_planets.json,results/models/multi-partial/sfno/predictions_shared_planets.npz,results/models/multi-partial/sfno/config.json
multi-partial,shared_planets,sfno,0,relative_rmse,v,0.7569305896759033,results/models/multi-partial/sfno/metrics_shared_planets.json,results/models/multi-partial/sfno/predictions_shared_planets.npz,results/models/multi-partial/sfno/config.json
multi-partial,shared_planets,sfno,0,relative_rmse,asr,0.8719761967658997,results/models/multi-partial/sfno/metrics_shared_planets.json,results/models/multi-partial/sfno/predictions_shared_planets.npz,results/models/multi-partial/sfno/config.json
multi-partial,shared_planets,sfno,0,relative_rmse,olr,0.775346577167511,results/models/multi-partial/sfno/metrics_shared_planets.json,results/models/multi-partial/sfno/predictions_shared_planets.npz,results/models/multi-partial/sfno/config.json
multi-partial,shared_planets,sfno,0,relative_acc,surface_temperature,1.0371503829956055,results/models/multi-partial/sfno/metrics_shared_planets.json,results/models/multi-partial/sfno/predictions_shared_planets.npz,results/models/multi-partial/sfno/config.json
multi-partial,shared_planets,sfno,0,relative_acc,temperature,4.272302627563477,results/models/multi-partial/sfno/metrics_shared_planets.json,results/models/multi-partial/sfno/predictions_shared_planets.npz,results/models/multi-partial/sfno/config.json
multi-partial,shared_planets,sfno,0,relative_acc,specific_humidity_dex,1.199336051940918,results/models/multi-partial/sfno/metrics_shared_planets.json,results/models/multi-partial/sfno/predictions_shared_planets.npz,results/models/multi-partial/sfno/config.json
multi-partial,shared_planets,sfno,0,relative_acc,cloud_fraction,1.471718668937683,results/models/multi-partial/sfno/metrics_shared_planets.json,results/models/multi-partial/sfno/predictions_shared_planets.npz,results/models/multi-partial/sfno/config.json
multi-partial,shared_planets,sfno,0,relative_acc,u,3.4797253608703613,results/models/multi-partial/sfno/metrics_shared_planets.json,results/models/multi-partial/sfno/predictions_shared_planets.npz,results/models/multi-partial/sfno/config.json
multi-partial,shared_planets,sfno,0,relative_acc,v,1.2824362516403198,results/models/multi-partial/sfno/metrics_shared_planets.json,results/models/multi-partial/sfno/predictions_shared_planets.npz,results/models/multi-partial/sfno/config.json
multi-partial,shared_planets,sfno,0,relative_acc,asr,1.0037715435028076,results/models/multi-partial/sfno/metrics_shared_planets.json,results/models/multi-partial/sfno/predictions_shared_planets.npz,results/models/multi-partial/sfno/config.json
multi-partial,shared_planets,sfno,0,relative_acc,olr,1.1313369274139404,results/models/multi-partial/sfno/metrics_shared_planets.json,results/models/multi-partial/sfno/predictions_shared_planets.npz,results/models/multi-partial/sfno/config.json
multi-partial,standard,sfno,1,rmse,surface_temperature,12.305460929870605,,,
multi-partial,standard,sfno,1,rmse,temperature,10.686582946777344,,,
multi-partial,standard,sfno,1,rmse,specific_humidity_dex,0.5481958329677582,,,
multi-partial,standard,sfno,1,rmse,cloud_fraction,0.08513525538146496,,,
multi-partial,standard,sfno,1,rmse,u,10.599116706848145,,,
multi-partial,standard,sfno,1,rmse,v,4.151912546157837,,,
multi-partial,standard,sfno,1,rmse,asr,33.21123504638672,,,
multi-partial,standard,sfno,1,rmse,olr,19.23534393310547,,,
multi-partial,standard,sfno,1,acc,surface_temperature,0.9580676555633545,,,
multi-partial,standard,sfno,1,acc,temperature,0.5376144096255302,,,
multi-partial,standard,sfno,1,acc,specific_humidity_dex,0.6944689478725194,,,
multi-partial,standard,sfno,1,acc,cloud_fraction,0.6833887472748756,,,
multi-partial,standard,sfno,1,acc,u,0.6861642360687256,,,
multi-partial,standard,sfno,1,acc,v,0.6871750444173813,,,
multi-partial,standard,sfno,1,acc,asr,0.9952086210250854,,,
multi-partial,standard,sfno,1,acc,olr,0.8451627492904663,,,
multi-partial,standard,sfno,1,ramse,surface_temperature,12.74515438079834,,,
multi-partial,standard,sfno,1,ramse,temperature,11.393926906585694,,,
multi-partial,standard,sfno,1,ramse,specific_humidity_dex,0.5846221745014191,,,
multi-partial,standard,sfno,1,ramse,cloud_fraction,0.09754236191511154,,,
multi-partial,standard,sfno,1,ramse,u,12.851933121681213,,,
multi-partial,standard,sfno,1,ramse,v,4.958882236480713,,,
multi-partial,standard,sfno,1,ramse,asr,34.954341888427734,,,
multi-partial,standard,sfno,1,ramse,olr,20.782730102539062,,,
multi-partial,shared_planets,sfno,1,relative_rmse,surface_temperature,0.9654220342636108,,,
multi-partial,shared_planets,sfno,1,relative_rmse,temperature,0.9273479580879211,,,
multi-partial,shared_planets,sfno,1,relative_rmse,specific_humidity_dex,0.83575040102005,,,
multi-partial,shared_planets,sfno,1,relative_rmse,cloud_fraction,0.6098289489746094,,,
multi-partial,shared_planets,sfno,1,relative_rmse,u,0.8003240823745728,,,
multi-partial,shared_planets,sfno,1,relative_rmse,v,0.7447546720504761,,,
multi-partial,shared_planets,sfno,1,relative_rmse,asr,0.9289342164993286,,,
multi-partial,shared_planets,sfno,1,relative_rmse,olr,0.7843214273452759,,,
multi-partial,shared_planets,sfno,1,relative_acc,surface_temperature,1.0388237237930298,,,
multi-partial,shared_planets,sfno,1,relative_acc,temperature,4.385591983795166,,,
multi-partial,shared_planets,sfno,1,relative_acc,specific_humidity_dex,1.1644935607910156,,,
multi-partial,shared_planets,sfno,1,relative_acc,cloud_fraction,1.4300209283828735,,,
multi-partial,shared_planets,sfno,1,relative_acc,u,3.655416250228882,,,
multi-partial,shared_planets,sfno,1,relative_acc,v,1.2631261348724365,,,
multi-partial,shared_planets,sfno,1,relative_acc,asr,1.0036851167678833,,,
multi-partial,shared_planets,sfno,1,relative_acc,olr,1.1289142370224,,,
multi-partial,standard,sfno,2,rmse,surface_temperature,11.434374809265137,,,
multi-partial,standard,sfno,2,rmse,temperature,10.279562187194824,,,
multi-partial,standard,sfno,2,rmse,specific_humidity_dex,0.5184164881706238,,,
multi-partial,standard,sfno,2,rmse,cloud_fraction,0.08260311931371689,,,
multi-partial,standard,sfno,2,rmse,u,10.041683053970337,,,
multi-partial,standard,sfno,2,rmse,v,4.202618217468261,,,
multi-partial,standard,sfno,2,rmse,asr,34.44277572631836,,,
multi-partial,standard,sfno,2,rmse,olr,18.829748153686523,,,
multi-partial,standard,sfno,2,acc,surface_temperature,0.9493718147277832,,,
multi-partial,standard,sfno,2,acc,temperature,0.5253150373697281,,,
multi-partial,standard,sfno,2,acc,specific_humidity_dex,0.7116134464740753,,,
multi-partial,standard,sfno,2,acc,cloud_fraction,0.691602909564972,,,
multi-partial,standard,sfno,2,acc,u,0.6893341094255447,,,
multi-partial,standard,sfno,2,acc,v,0.6890715807676315,,,
multi-partial,standard,sfno,2,acc,asr,0.9948192238807678,,,
multi-partial,standard,sfno,2,acc,olr,0.8575205206871033,,,
multi-partial,standard,sfno,2,ramse,surface_temperature,11.856707572937012,,,
multi-partial,standard,sfno,2,ramse,temperature,11.048171138763427,,,
multi-partial,standard,sfno,2,ramse,specific_humidity_dex,0.5559459894895553,,,
multi-partial,standard,sfno,2,ramse,cloud_fraction,0.09484367817640305,,,
multi-partial,standard,sfno,2,ramse,u,12.225194072723388,,,
multi-partial,standard,sfno,2,ramse,v,5.024117088317871,,,
multi-partial,standard,sfno,2,ramse,asr,36.202537536621094,,,
multi-partial,standard,sfno,2,ramse,olr,20.381319046020508,,,
multi-partial,shared_planets,sfno,2,relative_rmse,surface_temperature,0.8847811818122864,,,
multi-partial,shared_planets,sfno,2,relative_rmse,temperature,0.9192438125610352,,,
multi-partial,shared_planets,sfno,2,relative_rmse,specific_humidity_dex,0.8323917388916016,,,
multi-partial,shared_planets,sfno,2,relative_rmse,cloud_fraction,0.6041347980499268,,,
multi-partial,shared_planets,sfno,2,relative_rmse,u,0.8162703514099121,,,
multi-partial,shared_planets,sfno,2,relative_rmse,v,0.7637321352958679,,,
multi-partial,shared_planets,sfno,2,relative_rmse,asr,0.9921872615814209,,,
multi-partial,shared_planets,sfno,2,relative_rmse,olr,0.7544379830360413,,,
multi-partial,shared_planets,sfno,2,relative_acc,surface_temperature,1.0379867553710938,,,
multi-partial,shared_planets,sfno,2,relative_acc,temperature,3.861478328704834,,,
multi-partial,shared_planets,sfno,2,relative_acc,specific_humidity_dex,1.1894243955612183,,,
multi-partial,shared_planets,sfno,2,relative_acc,cloud_fraction,1.439125418663025,,,
multi-partial,shared_planets,sfno,2,relative_acc,u,3.4272255897521973,,,
multi-partial,shared_planets,sfno,2,relative_acc,v,1.2617053985595703,,,
multi-partial,shared_planets,sfno,2,relative_acc,asr,1.0029916763305664,,,
multi-partial,shared_planets,sfno,2,relative_acc,olr,1.1352806091308594,,,
multi-partial,standard,sfno,3,rmse,surface_temperature,12.261983871459961,,,
multi-partial,standard,sfno,3,rmse,temperature,10.467867374420166,,,
multi-partial,standard,sfno,3,rmse,specific_humidity_dex,0.5259783506393433,,,
multi-partial,standard,sfno,3,rmse,cloud_fraction,0.08560516685247421,,,
multi-partial,standard,sfno,3,rmse,u,10.648708844184876,,,
multi-partial,standard,sfno,3,rmse,v,4.183008813858033,,,
multi-partial,standard,sfno,3,rmse,asr,32.67589569091797,,,
multi-partial,standard,sfno,3,rmse,olr,19.364145278930664,,,
multi-partial,standard,sfno,3,acc,surface_temperature,0.9605752229690552,,,
multi-partial,standard,sfno,3,acc,temperature,0.5215193703770638,,,
multi-partial,standard,sfno,3,acc,specific_humidity_dex,0.7036425560712815,,,
multi-partial,standard,sfno,3,acc,cloud_fraction,0.6886684522032738,,,
multi-partial,standard,sfno,3,acc,u,0.691471865773201,,,
multi-partial,standard,sfno,3,acc,v,0.6857334077358246,,,
multi-partial,standard,sfno,3,acc,asr,0.9951967000961304,,,
multi-partial,standard,sfno,3,acc,olr,0.8601392507553101,,,
multi-partial,standard,sfno,3,ramse,surface_temperature,12.67471694946289,,,
multi-partial,standard,sfno,3,ramse,temperature,11.232412338256836,,,
multi-partial,standard,sfno,3,ramse,specific_humidity_dex,0.5626100659370422,,,
multi-partial,standard,sfno,3,ramse,cloud_fraction,0.09817964360117912,,,
multi-partial,standard,sfno,3,ramse,u,12.832682037353516,,,
multi-partial,standard,sfno,3,ramse,v,4.990619134902954,,,
multi-partial,standard,sfno,3,ramse,asr,34.496368408203125,,,
multi-partial,standard,sfno,3,ramse,olr,20.832063674926758,,,
multi-partial,shared_planets,sfno,3,relative_rmse,surface_temperature,0.9306133985519409,,,
multi-partial,shared_planets,sfno,3,relative_rmse,temperature,0.8758561611175537,,,
multi-partial,shared_planets,sfno,3,relative_rmse,specific_humidity_dex,0.8040673732757568,,,
multi-partial,shared_planets,sfno,3,relative_rmse,cloud_fraction,0.6134459972381592,,,
multi-partial,shared_planets,sfno,3,relative_rmse,u,0.8368428945541382,,,
multi-partial,shared_planets,sfno,3,relative_rmse,v,0.7369520664215088,,,
multi-partial,shared_planets,sfno,3,relative_rmse,asr,0.8859013915061951,,,
multi-partial,shared_planets,sfno,3,relative_rmse,olr,0.7850042581558228,,,
multi-partial,shared_planets,sfno,3,relative_acc,surface_temperature,1.0401195287704468,,,
multi-partial,shared_planets,sfno,3,relative_acc,temperature,4.194464206695557,,,
multi-partial,shared_planets,sfno,3,relative_acc,specific_humidity_dex,1.178457498550415,,,
multi-partial,shared_planets,sfno,3,relative_acc,cloud_fraction,1.4893678426742554,,,
multi-partial,shared_planets,sfno,3,relative_acc,u,3.6075453758239746,,,
multi-partial,shared_planets,sfno,3,relative_acc,v,1.2524149417877197,,,
multi-partial,shared_planets,sfno,3,relative_acc,asr,1.0037037134170532,,,
multi-partial,shared_planets,sfno,3,relative_acc,olr,1.1462324857711792,,,
multi-partial,standard,sfno,4,rmse,surface_temperature,12.033929824829102,,,
multi-partial,standard,sfno,4,rmse,temperature,10.378979301452636,,,
multi-partial,standard,sfno,4,rmse,specific_humidity_dex,0.5319300055503845,,,
multi-partial,standard,sfno,4,rmse,cloud_fraction,0.08412826545536518,,,
multi-partial,standard,sfno,4,rmse,u,10.39216091632843,,,
multi-partial,standard,sfno,4,rmse,v,4.09038405418396,,,
multi-partial,standard,sfno,4,rmse,asr,34.682952880859375,,,
multi-partial,standard,sfno,4,rmse,olr,18.620441436767578,,,
multi-partial,standard,sfno,4,acc,surface_temperature,0.9502777457237244,,,
multi-partial,standard,sfno,4,acc,temperature,0.5144452966749669,,,
multi-partial,standard,sfno,4,acc,specific_humidity_dex,0.7149610191583633,,,
multi-partial,standard,sfno,4,acc,cloud_fraction,0.6850731506943702,,,
multi-partial,standard,sfno,4,acc,u,0.688039755821228,,,
multi-partial,standard,sfno,4,acc,v,0.694565549492836,,,
multi-partial,standard,sfno,4,acc,asr,0.9945789575576782,,,
multi-partial,standard,sfno,4,acc,olr,0.8645099997520447,,,
multi-partial,standard,sfno,4,ramse,surface_temperature,12.497820854187012,,,
multi-partial,standard,sfno,4,ramse,temperature,11.142179012298584,,,
multi-partial,standard,sfno,4,ramse,specific_humidity_dex,0.5707733392715454,,,
multi-partial,standard,sfno,4,ramse,cloud_fraction,0.09675757475197315,,,
multi-partial,standard,sfno,4,ramse,u,12.58842113018036,,,
multi-partial,standard,sfno,4,ramse,v,4.847149062156677,,,
multi-partial,standard,sfno,4,ramse,asr,36.73646545410156,,,
multi-partial,standard,sfno,4,ramse,olr,20.240816116333008,,,
multi-partial,shared_planets,sfno,4,relative_rmse,surface_temperature,1.0371596813201904,,,
multi-partial,shared_planets,sfno,4,relative_rmse,temperature,0.9263173341751099,,,
multi-partial,shared_planets,sfno,4,relative_rmse,specific_humidity_dex,0.8267567157745361,,,
multi-partial,shared_planets,sfno,4,relative_rmse,cloud_fraction,0.5929284691810608,,,
multi-partial,shared_planets,sfno,4,relative_rmse,u,0.835460901260376,,,
multi-partial,shared_planets,sfno,4,relative_rmse,v,0.730073094367981,,,
multi-partial,shared_planets,sfno,4,relative_rmse,asr,0.9196830987930298,,,
multi-partial,shared_planets,sfno,4,relative_rmse,olr,0.7281137108802795,,,
multi-partial,shared_planets,sfno,4,relative_acc,surface_temperature,1.033538818359375,,,
multi-partial,shared_planets,sfno,4,relative_acc,temperature,4.05763578414917,,,
multi-partial,shared_planets,sfno,4,relative_acc,specific_humidity_dex,1.1916959285736084,,,
multi-partial,shared_planets,sfno,4,relative_acc,cloud_fraction,1.4398726224899292,,,
multi-partial,shared_planets,sfno,4,relative_acc,u,3.82627272605896,,,
multi-partial,shared_planets,sfno,4,relative_acc,v,1.269753098487854,,,
multi-partial,shared_planets,sfno,4,relative_acc,asr,1.0031050443649292,,,
multi-partial,shared_planets,sfno,4,relative_acc,olr,1.1535285711288452,,,
multi-partial,standard,train_mean,0,rmse,surface_temperature,24.52280044555664,results/models/multi-partial/train_mean/metrics_standard.json,results/models/multi-partial/train_mean/predictions.npz,results/models/multi-partial/train_mean/config.json
multi-partial,standard,train_mean,0,rmse,temperature,20.344562911987303,results/models/multi-partial/train_mean/metrics_standard.json,results/models/multi-partial/train_mean/predictions.npz,results/models/multi-partial/train_mean/config.json
multi-partial,standard,train_mean,0,rmse,specific_humidity_dex,1.118581771850586,results/models/multi-partial/train_mean/metrics_standard.json,results/models/multi-partial/train_mean/predictions.npz,results/models/multi-partial/train_mean/config.json
multi-partial,standard,train_mean,0,rmse,cloud_fraction,0.12770588397979737,results/models/multi-partial/train_mean/metrics_standard.json,results/models/multi-partial/train_mean/predictions.npz,results/models/multi-partial/train_mean/config.json
multi-partial,standard,train_mean,0,rmse,u,16.731809282302855,results/models/multi-partial/train_mean/metrics_standard.json,results/models/multi-partial/train_mean/predictions.npz,results/models/multi-partial/train_mean/config.json
multi-partial,standard,train_mean,0,rmse,v,6.565287446975708,results/models/multi-partial/train_mean/metrics_standard.json,results/models/multi-partial/train_mean/predictions.npz,results/models/multi-partial/train_mean/config.json
multi-partial,standard,train_mean,0,rmse,asr,58.98640060424805,results/models/multi-partial/train_mean/metrics_standard.json,results/models/multi-partial/train_mean/predictions.npz,results/models/multi-partial/train_mean/config.json
multi-partial,standard,train_mean,0,rmse,olr,40.980262756347656,results/models/multi-partial/train_mean/metrics_standard.json,results/models/multi-partial/train_mean/predictions.npz,results/models/multi-partial/train_mean/config.json
multi-partial,standard,train_mean,0,acc,surface_temperature,0.9412403106689453,results/models/multi-partial/train_mean/metrics_standard.json,results/models/multi-partial/train_mean/predictions.npz,results/models/multi-partial/train_mean/config.json
multi-partial,standard,train_mean,0,acc,temperature,0.39984707832336425,results/models/multi-partial/train_mean/metrics_standard.json,results/models/multi-partial/train_mean/predictions.npz,results/models/multi-partial/train_mean/config.json
multi-partial,standard,train_mean,0,acc,specific_humidity_dex,0.6824259459972382,results/models/multi-partial/train_mean/metrics_standard.json,results/models/multi-partial/train_mean/predictions.npz,results/models/multi-partial/train_mean/config.json
multi-partial,standard,train_mean,0,acc,cloud_fraction,0.5354751527309418,results/models/multi-partial/train_mean/metrics_standard.json,results/models/multi-partial/train_mean/predictions.npz,results/models/multi-partial/train_mean/config.json
multi-partial,standard,train_mean,0,acc,u,0.5284722447395325,results/models/multi-partial/train_mean/metrics_standard.json,results/models/multi-partial/train_mean/predictions.npz,results/models/multi-partial/train_mean/config.json
multi-partial,standard,train_mean,0,acc,v,0.5435263067483902,results/models/multi-partial/train_mean/metrics_standard.json,results/models/multi-partial/train_mean/predictions.npz,results/models/multi-partial/train_mean/config.json
multi-partial,standard,train_mean,0,acc,asr,0.9941542148590088,results/models/multi-partial/train_mean/metrics_standard.json,results/models/multi-partial/train_mean/predictions.npz,results/models/multi-partial/train_mean/config.json
multi-partial,standard,train_mean,0,acc,olr,0.7119371891021729,results/models/multi-partial/train_mean/metrics_standard.json,results/models/multi-partial/train_mean/predictions.npz,results/models/multi-partial/train_mean/config.json
multi-partial,standard,train_mean,0,ramse,surface_temperature,25.06821632385254,results/models/multi-partial/train_mean/metrics_standard.json,results/models/multi-partial/train_mean/predictions.npz,results/models/multi-partial/train_mean/config.json
multi-partial,standard,train_mean,0,ramse,temperature,20.869341087341308,results/models/multi-partial/train_mean/metrics_standard.json,results/models/multi-partial/train_mean/predictions.npz,results/models/multi-partial/train_mean/config.json
multi-partial,standard,train_mean,0,ramse,specific_humidity_dex,1.1507873833179474,results/models/multi-partial/train_mean/metrics_standard.json,results/models/multi-partial/train_mean/predictions.npz,results/models/multi-partial/train_mean/config.json
multi-partial,standard,train_mean,0,ramse,cloud_fraction,0.15112838000059128,results/models/multi-partial/train_mean/metrics_standard.json,results/models/multi-partial/train_mean/predictions.npz,results/models/multi-partial/train_mean/config.json
multi-partial,standard,train_mean,0,ramse,u,19.42385115623474,results/models/multi-partial/train_mean/metrics_standard.json,results/models/multi-partial/train_mean/predictions.npz,results/models/multi-partial/train_mean/config.json
multi-partial,standard,train_mean,0,ramse,v,8.279989051818848,results/models/multi-partial/train_mean/metrics_standard.json,results/models/multi-partial/train_mean/predictions.npz,results/models/multi-partial/train_mean/config.json
multi-partial,standard,train_mean,0,ramse,asr,61.180023193359375,results/models/multi-partial/train_mean/metrics_standard.json,results/models/multi-partial/train_mean/predictions.npz,results/models/multi-partial/train_mean/config.json
multi-partial,standard,train_mean,0,ramse,olr,43.84955596923828,results/models/multi-partial/train_mean/metrics_standard.json,results/models/multi-partial/train_mean/predictions.npz,results/models/multi-partial/train_mean/config.json
multi-partial,shared_planets,train_mean,0,relative_rmse,surface_temperature,1.679621934890747,results/models/multi-partial/train_mean/metrics_shared_planets.json,results/models/multi-partial/train_mean/predictions_shared_planets.npz,results/models/multi-partial/train_mean/config.json
multi-partial,shared_planets,train_mean,0,relative_rmse,temperature,1.6549971103668213,results/models/multi-partial/train_mean/metrics_shared_planets.json,results/models/multi-partial/train_mean/predictions_shared_planets.npz,results/models/multi-partial/train_mean/config.json
multi-partial,shared_planets,train_mean,0,relative_rmse,specific_humidity_dex,1.5151115655899048,results/models/multi-partial/train_mean/metrics_shared_planets.json,results/models/multi-partial/train_mean/predictions_shared_planets.npz,results/models/multi-partial/train_mean/config.json
multi-partial,shared_planets,train_mean,0,relative_rmse,cloud_fraction,0.8669055700302124,results/models/multi-partial/train_mean/metrics_shared_planets.json,results/models/multi-partial/train_mean/predictions_shared_planets.npz,results/models/multi-partial/train_mean/config.json
multi-partial,shared_planets,train_mean,0,relative_rmse,u,1.2647132873535156,results/models/multi-partial/train_mean/metrics_shared_planets.json,results/models/multi-partial/train_mean/predictions_shared_planets.npz,results/models/multi-partial/train_mean/config.json
multi-partial,shared_planets,train_mean,0,relative_rmse,v,1.2045772075653076,results/models/multi-partial/train_mean/metrics_shared_planets.json,results/models/multi-partial/train_mean/predictions_shared_planets.npz,results/models/multi-partial/train_mean/config.json
multi-partial,shared_planets,train_mean,0,relative_rmse,asr,1.3421084880828857,results/models/multi-partial/train_mean/metrics_shared_planets.json,results/models/multi-partial/train_mean/predictions_shared_planets.npz,results/models/multi-partial/train_mean/config.json
multi-partial,shared_planets,train_mean,0,relative_rmse,olr,1.5714470148086548,results/models/multi-partial/train_mean/metrics_shared_planets.json,results/models/multi-partial/train_mean/predictions_shared_planets.npz,results/models/multi-partial/train_mean/config.json
multi-partial,shared_planets,train_mean,0,relative_acc,surface_temperature,1.0251433849334717,results/models/multi-partial/train_mean/metrics_shared_planets.json,results/models/multi-partial/train_mean/predictions_shared_planets.npz,results/models/multi-partial/train_mean/config.json
multi-partial,shared_planets,train_mean,0,relative_acc,temperature,4.086145401000977,results/models/multi-partial/train_mean/metrics_shared_planets.json,results/models/multi-partial/train_mean/predictions_shared_planets.npz,results/models/multi-partial/train_mean/config.json
multi-partial,shared_planets,train_mean,0,relative_acc,specific_humidity_dex,1.1496903896331787,results/models/multi-partial/train_mean/metrics_shared_planets.json,results/models/multi-partial/train_mean/predictions_shared_planets.npz,results/models/multi-partial/train_mean/config.json
multi-partial,shared_planets,train_mean,0,relative_acc,cloud_fraction,1.1878652572631836,results/models/multi-partial/train_mean/metrics_shared_planets.json,results/models/multi-partial/train_mean/predictions_shared_planets.npz,results/models/multi-partial/train_mean/config.json
multi-partial,shared_planets,train_mean,0,relative_acc,u,2.8076937198638916,results/models/multi-partial/train_mean/metrics_shared_planets.json,results/models/multi-partial/train_mean/predictions_shared_planets.npz,results/models/multi-partial/train_mean/config.json
multi-partial,shared_planets,train_mean,0,relative_acc,v,1.0432521104812622,results/models/multi-partial/train_mean/metrics_shared_planets.json,results/models/multi-partial/train_mean/predictions_shared_planets.npz,results/models/multi-partial/train_mean/config.json
multi-partial,shared_planets,train_mean,0,relative_acc,asr,1.0037715435028076,results/models/multi-partial/train_mean/metrics_shared_planets.json,results/models/multi-partial/train_mean/predictions_shared_planets.npz,results/models/multi-partial/train_mean/config.json
multi-partial,shared_planets,train_mean,0,relative_acc,olr,0.9884036779403687,results/models/multi-partial/train_mean/metrics_shared_planets.json,results/models/multi-partial/train_mean/predictions_shared_planets.npz,results/models/multi-partial/train_mean/config.json
multi-complete,standard,conv_decoder,0,rmse,surface_temperature,12.685680389404297,results/models/multi-complete/conv_decoder/metrics_standard.json,results/models/multi-complete/conv_decoder/predictions.npz,results/models/multi-complete/conv_decoder/config.json
multi-complete,standard,conv_decoder,0,rmse,temperature,10.005623499552408,results/models/multi-complete/conv_decoder/metrics_standard.json,results/models/multi-complete/conv_decoder/predictions.npz,results/models/multi-complete/conv_decoder/config.json
multi-complete,standard,conv_decoder,0,rmse,specific_humidity_dex,0.5168581174479591,results/models/multi-complete/conv_decoder/metrics_standard.json,results/models/multi-complete/conv_decoder/predictions.npz,results/models/multi-complete/conv_decoder/config.json
multi-complete,standard,conv_decoder,0,rmse,cloud_fraction,0.085531794362598,results/models/multi-complete/conv_decoder/metrics_standard.json,results/models/multi-complete/conv_decoder/predictions.npz,results/models/multi-complete/conv_decoder/config.json
multi-complete,standard,conv_decoder,0,rmse,u,8.605425463782417,results/models/multi-complete/conv_decoder/metrics_standard.json,results/models/multi-complete/conv_decoder/predictions.npz,results/models/multi-complete/conv_decoder/config.json
multi-complete,standard,conv_decoder,0,rmse,v,4.112848944134182,results/models/multi-complete/conv_decoder/metrics_standard.json,results/models/multi-complete/conv_decoder/predictions.npz,results/models/multi-complete/conv_decoder/config.json
multi-complete,standard,conv_decoder,0,rmse,asr,36.59822463989258,results/models/multi-complete/conv_decoder/metrics_standard.json,results/models/multi-complete/conv_decoder/predictions.npz,results/models/multi-complete/conv_decoder/config.json
multi-complete,standard,conv_decoder,0,rmse,olr,17.667041778564453,results/models/multi-complete/conv_decoder/metrics_standard.json,results/models/multi-complete/conv_decoder/predictions.npz,results/models/multi-complete/conv_decoder/config.json
multi-complete,standard,conv_decoder,0,acc,surface_temperature,0.9361318349838257,results/models/multi-complete/conv_decoder/metrics_standard.json,results/models/multi-complete/conv_decoder/predictions.npz,results/models/multi-complete/conv_decoder/config.json
multi-complete,standard,conv_decoder,0,acc,temperature,0.5143472436401579,results/models/multi-complete/conv_decoder/metrics_standard.json,results/models/multi-complete/conv_decoder/predictions.npz,results/models/multi-complete/conv_decoder/config.json
multi-complete,standard,conv_decoder,0,acc,specific_humidity_dex,0.7084005276362101,results/models/multi-complete/conv_decoder/metrics_standard.json,results/models/multi-complete/conv_decoder/predictions.npz,results/models/multi-complete/conv_decoder/config.json
multi-complete,standard,conv_decoder,0,acc,cloud_fraction,0.7351050509346856,results/models/multi-complete/conv_decoder/metrics_standard.json,results/models/multi-complete/conv_decoder/predictions.npz,results/models/multi-complete/conv_decoder/config.json
multi-complete,standard,conv_decoder,0,acc,u,0.6996061835024092,results/models/multi-complete/conv_decoder/metrics_standard.json,results/models/multi-complete/conv_decoder/predictions.npz,results/models/multi-complete/conv_decoder/config.json
multi-complete,standard,conv_decoder,0,acc,v,0.6947195596165128,results/models/multi-complete/conv_decoder/metrics_standard.json,results/models/multi-complete/conv_decoder/predictions.npz,results/models/multi-complete/conv_decoder/config.json
multi-complete,standard,conv_decoder,0,acc,asr,0.9924069046974182,results/models/multi-complete/conv_decoder/metrics_standard.json,results/models/multi-complete/conv_decoder/predictions.npz,results/models/multi-complete/conv_decoder/config.json
multi-complete,standard,conv_decoder,0,acc,olr,0.8654709458351135,results/models/multi-complete/conv_decoder/metrics_standard.json,results/models/multi-complete/conv_decoder/predictions.npz,results/models/multi-complete/conv_decoder/config.json
multi-complete,standard,conv_decoder,0,ramse,surface_temperature,13.350198745727539,results/models/multi-complete/conv_decoder/metrics_standard.json,results/models/multi-complete/conv_decoder/predictions.npz,results/models/multi-complete/conv_decoder/config.json
multi-complete,standard,conv_decoder,0,ramse,temperature,11.156774838765463,results/models/multi-complete/conv_decoder/metrics_standard.json,results/models/multi-complete/conv_decoder/predictions.npz,results/models/multi-complete/conv_decoder/config.json
multi-complete,standard,conv_decoder,0,ramse,specific_humidity_dex,0.5697467890050676,results/models/multi-complete/conv_decoder/metrics_standard.json,results/models/multi-complete/conv_decoder/predictions.npz,results/models/multi-complete/conv_decoder/config.json
multi-complete,standard,conv_decoder,0,ramse,cloud_fraction,0.09917378011677,results/models/multi-complete/conv_decoder/metrics_standard.json,results/models/multi-complete/conv_decoder/predictions.npz,results/models/multi-complete/conv_decoder/config.json
multi-complete,standard,conv_decoder,0,ramse,u,10.271522124608358,results/models/multi-complete/conv_decoder/metrics_standard.json,results/models/multi-complete/conv_decoder/predictions.npz,results/models/multi-complete/conv_decoder/config.json
multi-complete,standard,conv_decoder,0,ramse,v,4.928381178114149,results/models/multi-complete/conv_decoder/metrics_standard.json,results/models/multi-complete/conv_decoder/predictions.npz,results/models/multi-complete/conv_decoder/config.json
multi-complete,standard,conv_decoder,0,ramse,asr,39.22679901123047,results/models/multi-complete/conv_decoder/metrics_standard.json,results/models/multi-complete/conv_decoder/predictions.npz,results/models/multi-complete/conv_decoder/config.json
multi-complete,standard,conv_decoder,0,ramse,olr,19.2075252532959,results/models/multi-complete/conv_decoder/metrics_standard.json,results/models/multi-complete/conv_decoder/predictions.npz,results/models/multi-complete/conv_decoder/config.json
multi-complete,shared_planets,conv_decoder,0,relative_rmse,surface_temperature,1.0051790475845337,results/models/multi-complete/conv_decoder/metrics_shared_planets.json,results/models/multi-complete/conv_decoder/predictions_shared_planets.npz,results/models/multi-complete/conv_decoder/config.json
multi-complete,shared_planets,conv_decoder,0,relative_rmse,temperature,0.8909575343132019,results/models/multi-complete/conv_decoder/metrics_shared_planets.json,results/models/multi-complete/conv_decoder/predictions_shared_planets.npz,results/models/multi-complete/conv_decoder/config.json
multi-complete,shared_planets,conv_decoder,0,relative_rmse,specific_humidity_dex,0.8979865312576294,results/models/multi-complete/conv_decoder/metrics_shared_planets.json,results/models/multi-complete/conv_decoder/predictions_shared_planets.npz,results/models/multi-complete/conv_decoder/config.json
multi-complete,shared_planets,conv_decoder,0,relative_rmse,cloud_fraction,0.5962003469467163,results/models/multi-complete/conv_decoder/metrics_shared_planets.json,results/models/multi-complete/conv_decoder/predictions_shared_planets.npz,results/models/multi-complete/conv_decoder/config.json
multi-complete,shared_planets,conv_decoder,0,relative_rmse,u,0.8018654584884644,results/models/multi-complete/conv_decoder/metrics_shared_planets.json,results/models/multi-complete/conv_decoder/predictions_shared_planets.npz,results/models/multi-complete/conv_decoder/config.json
multi-complete,shared_planets,conv_decoder,0,relative_rmse,v,0.7690966129302979,results/models/multi-complete/conv_decoder/metrics_shared_planets.json,results/models/multi-complete/conv_decoder/predictions_shared_planets.npz,results/models/multi-complete/conv_decoder/config.json
multi-complete,shared_planets,conv_decoder,0,relative_rmse,asr,1.0374778509140015,results/models/multi-complete/conv_decoder/metrics_shared_planets.json,results/models/multi-complete/conv_decoder/predictions_shared_planets.npz,results/models/multi-complete/conv_decoder/config.json
multi-complete,shared_planets,conv_decoder,0,relative_rmse,olr,0.7397777438163757,results/models/multi-complete/conv_decoder/metrics_shared_planets.json,results/models/multi-complete/conv_decoder/predictions_shared_planets.npz,results/models/multi-complete/conv_decoder/config.json
multi-complete,shared_planets,conv_decoder,0,relative_acc,surface_temperature,1.0101783275604248,results/models/multi-complete/conv_decoder/metrics_shared_planets.json,results/models/multi-complete/conv_decoder/predictions_shared_planets.npz,results/models/multi-complete/conv_decoder/config.json
multi-complete,shared_planets,conv_decoder,0,relative_acc,temperature,1.259542465209961,results/models/multi-complete/conv_decoder/metrics_shared_planets.json,results/models/multi-complete/conv_decoder/predictions_shared_planets.npz,results/models/multi-complete/conv_decoder/config.json
multi-complete,shared_planets,conv_decoder,0,relative_acc,specific_humidity_dex,1.0531730651855469,results/models/multi-complete/conv_decoder/metrics_shared_planets.json,results/models/multi-complete/conv_decoder/predictions_shared_planets.npz,results/models/multi-complete/conv_decoder/config.json
multi-complete,shared_planets,conv_decoder,0,relative_acc,cloud_fraction,1.3798331022262573,results/models/multi-complete/conv_decoder/metrics_shared_planets.json,results/models/multi-complete/conv_decoder/predictions_shared_planets.npz,results/models/multi-complete/conv_decoder/config.json
multi-complete,shared_planets,conv_decoder,0,relative_acc,u,4.340178966522217,results/models/multi-complete/conv_decoder/metrics_shared_planets.json,results/models/multi-complete/conv_decoder/predictions_shared_planets.npz,results/models/multi-complete/conv_decoder/config.json
multi-complete,shared_planets,conv_decoder,0,relative_acc,v,1.227585792541504,results/models/multi-complete/conv_decoder/metrics_shared_planets.json,results/models/multi-complete/conv_decoder/predictions_shared_planets.npz,results/models/multi-complete/conv_decoder/config.json
multi-complete,shared_planets,conv_decoder,0,relative_acc,asr,1.000024676322937,results/models/multi-complete/conv_decoder/metrics_shared_planets.json,results/models/multi-complete/conv_decoder/predictions_shared_planets.npz,results/models/multi-complete/conv_decoder/config.json
multi-complete,shared_planets,conv_decoder,0,relative_acc,olr,1.1218253374099731,results/models/multi-complete/conv_decoder/metrics_shared_planets.json,results/models/multi-complete/conv_decoder/predictions_shared_planets.npz,results/models/multi-complete/conv_decoder/config.json
multi-complete,standard,conv_decoder,1,rmse,surface_temperature,12.619976043701172,,,
multi-complete,standard,conv_decoder,1,rmse,temperature,9.83237033420139,,,
multi-complete,standard,conv_decoder,1,rmse,specific_humidity_dex,0.49486444062656826,,,
multi-complete,standard,conv_decoder,1,rmse,cloud_fraction,0.0868012151784367,,,
multi-complete,standard,conv_decoder,1,rmse,u,8.576629055870903,,,
multi-complete,standard,conv_decoder,1,rmse,v,3.9550335142347546,,,
multi-complete,standard,conv_decoder,1,rmse,asr,35.910552978515625,,,
multi-complete,standard,conv_decoder,1,rmse,olr,17.316768646240234,,,
multi-complete,standard,conv_decoder,1,acc,surface_temperature,0.9328494071960449,,,
multi-complete,standard,conv_decoder,1,acc,temperature,0.49402297867669,,,
multi-complete,standard,conv_decoder,1,acc,specific_humidity_dex,0.7327519191635979,,,
multi-complete,standard,conv_decoder,1,acc,cloud_fraction,0.7248594197962019,,,
multi-complete,standard,conv_decoder,1,acc,u,0.7013309035036299,,,
multi-complete,standard,conv_decoder,1,acc,v,0.6988590624597337,,,
multi-complete,standard,conv_decoder,1,acc,asr,0.9930154085159302,,,
multi-complete,standard,conv_decoder,1,acc,olr,0.8648776412010193,,,
multi-complete,standard,conv_decoder,1,ramse,surface_temperature,13.248041152954102,,,
multi-complete,standard,conv_decoder,1,ramse,temperature,11.01733684539795,,,
multi-complete,standard,conv_decoder,1,ramse,specific_humidity_dex,0.5455179346932305,,,
multi-complete,standard,conv_decoder,1,ramse,cloud_fraction,0.10121746733784676,,,
multi-complete,standard,conv_decoder,1,ramse,u,10.320043034023708,,,
multi-complete,standard,conv_decoder,1,ramse,v,4.72174424595303,,,
multi-complete,standard,conv_decoder,1,ramse,asr,38.20494079589844,,,
multi-complete,standard,conv_decoder,1,ramse,olr,18.815847396850586,,,
multi-complete,shared_planets,conv_decoder,1,relative_rmse,surface_temperature,0.997904896736145,,,
multi-complete,shared_planets,conv_decoder,1,relative_rmse,temperature,0.8666982054710388,,,
multi-complete,shared_planets,conv_decoder,1,relative_rmse,specific_humidity_dex,0.8451112508773804,,,
multi-complete,shared_planets,conv_decoder,1,relative_rmse,cloud_fraction,0.6029788851737976,,,
multi-complete,shared_planets,conv_decoder,1,relative_rmse,u,0.7769433259963989,,,
multi-complete,shared_planets,conv_decoder,1,relative_rmse,v,0.7539551258087158,,,
multi-complete,shared_planets,conv_decoder,1,relative_rmse,asr,0.9382259845733643,,,
multi-complete,shared_planets,conv_decoder,1,relative_rmse,olr,0.7176240086555481,,,
multi-complete,shared_planets,conv_decoder,1,relative_acc,surface_temperature,1.0170695781707764,,,
multi-complete,shared_planets,conv_decoder,1,relative_acc,temperature,1.2902827262878418,,,
multi-complete,shared_planets,conv_decoder,1,relative_acc,specific_humidity_dex,1.1346012353897095,,,
multi-complete,shared_planets,conv_decoder,1,relative_acc,cloud_fraction,1.391860008239746,,,
multi-complete,shared_planets,conv_decoder,1,relative_acc,u,4.3786797523498535,,,
multi-complete,shared_planets,conv_decoder,1,relative_acc,v,1.2702945470809937,,,
multi-complete,shared_planets,conv_decoder,1,relative_acc,asr,1.0010626316070557,,,
multi-complete,shared_planets,conv_decoder,1,relative_acc,olr,1.132967233657837,,,
multi-complete,standard,conv_decoder,2,rmse,surface_temperature,13.549072265625,,,
multi-complete,standard,conv_decoder,2,rmse,temperature,10.163349257575142,,,
multi-complete,standard,conv_decoder,2,rmse,specific_humidity_dex,0.5359281036588881,,,
multi-complete,standard,conv_decoder,2,rmse,cloud_fraction,0.08612422438131438,,,
multi-complete,standard,conv_decoder,2,rmse,u,8.93723593817817,,,
multi-complete,standard,conv_decoder,2,rmse,v,4.055437326431274,,,
multi-complete,standard,conv_decoder,2,rmse,asr,36.08510971069336,,,
multi-complete,standard,conv_decoder,2,rmse,olr,17.610584259033203,,,
multi-complete,standard,conv_decoder,2,acc,surface_temperature,0.925880491733551,,,
multi-complete,standard,conv_decoder,2,acc,temperature,0.5056907965077294,,,
multi-complete,standard,conv_decoder,2,acc,specific_humidity_dex,0.7228110200828977,,,
multi-complete,standard,conv_decoder,2,acc,cloud_fraction,0.7265263928307427,,,
multi-complete,standard,conv_decoder,2,acc,u,0.6997599071926541,,,
multi-complete,standard,conv_decoder,2,acc,v,0.6992551220787896,,,
multi-complete,standard,conv_decoder,2,acc,asr,0.9931530952453613,,,
multi-complete,standard,conv_decoder,2,acc,olr,0.8698424100875854,,,
multi-complete,standard,conv_decoder,2,ramse,surface_temperature,14.278182983398438,,,
multi-complete,standard,conv_decoder,2,ramse,temperature,11.353401184082031,,,
multi-complete,standard,conv_decoder,2,ramse,specific_humidity_dex,0.5863228208488889,,,
multi-complete,standard,conv_decoder,2,ramse,cloud_fraction,0.09975713946753079,,,
multi-complete,standard,conv_decoder,2,ramse,u,10.644175211588541,,,
multi-complete,standard,conv_decoder,2,ramse,v,4.847525914510091,,,
multi-complete,standard,conv_decoder,2,ramse,asr,38.52175521850586,,,
multi-complete,standard,conv_decoder,2,ramse,olr,19.028230667114258,,,
multi-complete,shared_planets,conv_decoder,2,relative_rmse,surface_temperature,1.1151914596557617,,,
multi-complete,shared_planets,conv_decoder,2,relative_rmse,temperature,0.9068596363067627,,,
multi-complete,shared_planets,conv_decoder,2,relative_rmse,specific_humidity_dex,0.9164971709251404,,,
multi-complete,shared_planets,conv_decoder,2,relative_rmse,cloud_fraction,0.6025043725967407,,,
multi-complete,shared_planets,conv_decoder,2,relative_rmse,u,0.8224976658821106,,,
multi-complete,shared_planets,conv_decoder,2,relative_rmse,v,0.7723871469497681,,,
multi-complete,shared_planets,conv_decoder,2,relative_rmse,asr,0.9421455264091492,,,
multi-complete,shared_planets,conv_decoder,2,relative_rmse,olr,0.7441431879997253,,,
multi-complete,shared_planets,conv_decoder,2,relative_acc,surface_temperature,1.0037667751312256,,,
multi-complete,shared_planets,conv_decoder,2,relative_acc,temperature,1.194315791130066,,,
multi-complete,shared_planets,conv_decoder,2,relative_acc,specific_humidity_dex,1.098578929901123,,,
multi-complete,shared_planets,conv_decoder,2,relative_acc,cloud_fraction,1.3745582103729248,,,
multi-complete,shared_planets,conv_decoder,2,relative_acc,u,4.433717250823975,,,
multi-complete,shared_planets,conv_decoder,2,relative_acc,v,1.2398555278778076,,,
multi-complete,shared_planets,conv_decoder,2,relative_acc,asr,1.0010840892791748,,,
multi-complete,shared_planets,conv_decoder,2,relative_acc,olr,1.1396032571792603,,,
multi-complete,standard,conv_decoder,3,rmse,surface_temperature,12.445569038391113,,,
multi-complete,standard,conv_decoder,3,rmse,temperature,10.205840640597874,,,
multi-complete,standard,conv_decoder,3,rmse,specific_humidity_dex,0.517949683798684,,,
multi-complete,standard,conv_decoder,3,rmse,cloud_fraction,0.0868411875433392,,,
multi-complete,standard,conv_decoder,3,rmse,u,8.564924187130398,,,
multi-complete,standard,conv_decoder,3,rmse,v,3.8863836659325495,,,
multi-complete,standard,conv_decoder,3,rmse,asr,37.18710708618164,,,
multi-complete,standard,conv_decoder,3,rmse,olr,17.46271324157715,,,
multi-complete,standard,conv_decoder,3,acc,surface_temperature,0.9413813352584839,,,
multi-complete,standard,conv_decoder,3,acc,temperature,0.5081560760736465,,,
multi-complete,standard,conv_decoder,3,acc,specific_humidity_dex,0.7297923896047804,,,
multi-complete,standard,conv_decoder,3,acc,cloud_fraction,0.7320573098129697,,,
multi-complete,standard,conv_decoder,3,acc,u,0.7122563156816695,,,
multi-complete,standard,conv_decoder,3,acc,v,0.7062821984291077,,,
multi-complete,standard,conv_decoder,3,acc,asr,0.9932440519332886,,,
multi-complete,standard,conv_decoder,3,acc,olr,0.8745845556259155,,,
multi-complete,standard,conv_decoder,3,ramse,surface_temperature,13.052165985107422,,,
multi-complete,standard,conv_decoder,3,ramse,temperature,11.307646963331434,,,
multi-complete,standard,conv_decoder,3,ramse,specific_humidity_dex,0.567943298154407,,,
multi-complete,standard,conv_decoder,3,ramse,cloud_fraction,0.10072268297274907,,,
multi-complete,standard,conv_decoder,3,ramse,u,10.132265276379055,,,
multi-complete,standard,conv_decoder,3,ramse,v,4.613052394655016,,,
multi-complete,standard,conv_decoder,3,ramse,asr,39.41741943359375,,,
multi-complete,standard,conv_decoder,3,ramse,olr,18.986408233642578,,,
multi-complete,shared_planets,conv_decoder,3,relative_rmse,surface_temperature,0.9966903328895569,,,
multi-complete,shared_planets,conv_decoder,3,relative_rmse,temperature,0.900722324848175,,,
multi-complete,shared_planets,conv_decoder,3,relative_rmse,specific_humidity_dex,0.8771227598190308,,,
multi-complete,shared_planets,conv_decoder,3,relative_rmse,cloud_fraction,0.6024838089942932,,,
multi-complete,shared_planets,conv_decoder,3,relative_rmse,u,0.791477382183075,,,
multi-complete,shared_planets,conv_decoder,3,relative_rmse,v,0.7502356767654419,,,
multi-complete,shared_planets,conv_decoder,3,relative_rmse,asr,0.9901518225669861,,,
multi-complete,shared_planets,conv_decoder,3,relative_rmse,olr,0.7456477880477905,,,
multi-complete,shared_planets,conv_decoder,3,relative_acc,surface_temperature,1.0181115865707397,,,
multi-complete,shared_planets,conv_decoder,3,relative_acc,temperature,1.2842671871185303,,,
multi-complete,shared_planets,conv_decoder,3,relative_acc,specific_humidity_dex,1.1049275398254395,,,
multi-complete,shared_planets,conv_decoder,3,relative_acc,cloud_fraction,1.4115980863571167,,,
multi-complete,shared_planets,conv_decoder,3,relative_acc,u,4.301687717437744,,,
multi-complete,shared_planets,conv_decoder,3,relative_acc,v,1.2758294343948364,,,
multi-complete,shared_planets,conv_decoder,3,relative_acc,asr,1.0012565851211548,,,
multi-complete,shared_planets,conv_decoder,3,relative_acc,olr,1.1469646692276,,,
multi-complete,standard,conv_decoder,4,rmse,surface_temperature,12.471388816833496,,,
multi-complete,standard,conv_decoder,4,rmse,temperature,9.643742031521267,,,
multi-complete,standard,conv_decoder,4,rmse,specific_humidity_dex,0.49351217018233406,,,
multi-complete,standard,conv_decoder,4,rmse,cloud_fraction,0.0871566774116622,,,
multi-complete,standard,conv_decoder,4,rmse,u,8.512614064746433,,,
multi-complete,standard,conv_decoder,4,rmse,v,3.978189812766181,,,
multi-complete,standard,conv_decoder,4,rmse,asr,36.752132415771484,,,
multi-complete,standard,conv_decoder,4,rmse,olr,17.52324104309082,,,
multi-complete,standard,conv_decoder,4,acc,surface_temperature,0.9263098835945129,,,
multi-complete,standard,conv_decoder,4,acc,temperature,0.5184851305352317,,,
multi-complete,standard,conv_decoder,4,acc,specific_humidity_dex,0.7175597747166952,,,
multi-complete,standard,conv_decoder,4,acc,cloud_fraction,0.7328458627065023,,,
multi-complete,standard,conv_decoder,4,acc,u,0.7127951449818082,,,
multi-complete,standard,conv_decoder,4,acc,v,0.6888417667812772,,,
multi-complete,standard,conv_decoder,4,acc,asr,0.9936163425445557,,,
multi-complete,standard,conv_decoder,4,acc,olr,0.8678362369537354,,,
multi-complete,standard,conv_decoder,4,ramse,surface_temperature,13.268850326538086,,,
multi-complete,standard,conv_decoder,4,ramse,temperature,10.817192925347221,,,
multi-complete,standard,conv_decoder,4,ramse,specific_humidity_dex,0.5420767664909363,,,
multi-complete,standard,conv_decoder,4,ramse,cloud_fraction,0.101269428514772,,,
multi-complete,standard,conv_decoder,4,ramse,u,10.126545906066895,,,
multi-complete,standard,conv_decoder,4,ramse,v,4.781417899661594,,,
multi-complete,standard,conv_decoder,4,ramse,asr,39.06664276123047,,,
multi-complete,standard,conv_decoder,4,ramse,olr,19.024887084960938,,,
multi-complete,shared_planets,conv_decoder,4,relative_rmse,surface_temperature,1.01475989818573,,,
multi-complete,shared_planets,conv_decoder,4,relative_rmse,temperature,0.8766775727272034,,,
multi-complete,shared_planets,conv_decoder,4,relative_rmse,specific_humidity_dex,0.8343168497085571,,,
multi-complete,shared_planets,conv_decoder,4,relative_rmse,cloud_fraction,0.6194180250167847,,,
multi-complete,shared_planets,conv_decoder,4,relative_rmse,u,0.8145409822463989,,,
multi-complete,shared_planets,conv_decoder,4,relative_rmse,v,0.7880588173866272,,,
multi-complete,shared_planets,conv_decoder,4,relative_rmse,asr,1.090760588645935,,,
multi-complete,shared_planets,conv_decoder,4,relative_rmse,olr,0.756156325340271,,,
multi-complete,shared_planets,conv_decoder,4,relative_acc,surface_temperature,1.0048385858535767,,,
multi-complete,shared_planets,conv_decoder,4,relative_acc,temperature,1.3363288640975952,,,
multi-complete,shared_planets,conv_decoder,4,relative_acc,specific_humidity_dex,1.0746057033538818,,,
multi-complete,shared_planets,conv_decoder,4,relative_acc,cloud_fraction,1.4049851894378662,,,
multi-complete,shared_planets,conv_decoder,4,relative_acc,u,4.365011215209961,,,
multi-complete,shared_planets,conv_decoder,4,relative_acc,v,1.1672724485397339,,,
multi-complete,shared_planets,conv_decoder,4,relative_acc,asr,1.0014338493347168,,,
multi-complete,shared_planets,conv_decoder,4,relative_acc,olr,1.1341359615325928,,,
multi-complete,standard,coord_deeponet,0,rmse,surface_temperature,10.37130069732666,results/models/multi-complete/coord_deeponet/metrics_standard.json,results/models/multi-complete/coord_deeponet/predictions.npz,results/models/multi-complete/coord_deeponet/config.json
multi-complete,standard,coord_deeponet,0,rmse,temperature,9.035245948367649,results/models/multi-complete/coord_deeponet/metrics_standard.json,results/models/multi-complete/coord_deeponet/predictions.npz,results/models/multi-complete/coord_deeponet/config.json
multi-complete,standard,coord_deeponet,0,rmse,specific_humidity_dex,0.4697661300500234,results/models/multi-complete/coord_deeponet/metrics_standard.json,results/models/multi-complete/coord_deeponet/predictions.npz,results/models/multi-complete/coord_deeponet/config.json
multi-complete,standard,coord_deeponet,0,rmse,cloud_fraction,0.09776144433352682,results/models/multi-complete/coord_deeponet/metrics_standard.json,results/models/multi-complete/coord_deeponet/predictions.npz,results/models/multi-complete/coord_deeponet/config.json
multi-complete,standard,coord_deeponet,0,rmse,u,9.30300529797872,results/models/multi-complete/coord_deeponet/metrics_standard.json,results/models/multi-complete/coord_deeponet/predictions.npz,results/models/multi-complete/coord_deeponet/config.json
multi-complete,standard,coord_deeponet,0,rmse,v,4.656042602327135,results/models/multi-complete/coord_deeponet/metrics_standard.json,results/models/multi-complete/coord_deeponet/predictions.npz,results/models/multi-complete/coord_deeponet/config.json
multi-complete,standard,coord_deeponet,0,rmse,asr,28.24137306213379,results/models/multi-complete/coord_deeponet/metrics_standard.json,results/models/multi-complete/coord_deeponet/predictions.npz,results/models/multi-complete/coord_deeponet/config.json
multi-complete,standard,coord_deeponet,0,rmse,olr,17.606109619140625,results/models/multi-complete/coord_deeponet/metrics_standard.json,results/models/multi-complete/coord_deeponet/predictions.npz,results/models/multi-complete/coord_deeponet/config.json
multi-complete,standard,coord_deeponet,0,acc,surface_temperature,0.9368625283241272,results/models/multi-complete/coord_deeponet/metrics_standard.json,results/models/multi-complete/coord_deeponet/predictions.npz,results/models/multi-complete/coord_deeponet/config.json
multi-complete,standard,coord_deeponet,0,acc,temperature,0.5867087443669637,results/models/multi-complete/coord_deeponet/metrics_standard.json,results/models/multi-complete/coord_deeponet/predictions.npz,results/models/multi-complete/coord_deeponet/config.json
multi-complete,standard,coord_deeponet,0,acc,specific_humidity_dex,0.7898882528146108,results/models/multi-complete/coord_deeponet/metrics_standard.json,results/models/multi-complete/coord_deeponet/predictions.npz,results/models/multi-complete/coord_deeponet/config.json
multi-complete,standard,coord_deeponet,0,acc,cloud_fraction,0.7007850805918375,results/models/multi-complete/coord_deeponet/metrics_standard.json,results/models/multi-complete/coord_deeponet/predictions.npz,results/models/multi-complete/coord_deeponet/config.json
multi-complete,standard,coord_deeponet,0,acc,u,0.6711871557765536,results/models/multi-complete/coord_deeponet/metrics_standard.json,results/models/multi-complete/coord_deeponet/predictions.npz,results/models/multi-complete/coord_deeponet/config.json
multi-complete,standard,coord_deeponet,0,acc,v,0.6532258954313066,results/models/multi-complete/coord_deeponet/metrics_standard.json,results/models/multi-complete/coord_deeponet/predictions.npz,results/models/multi-complete/coord_deeponet/config.json
multi-complete,standard,coord_deeponet,0,acc,asr,0.9955719113349915,results/models/multi-complete/coord_deeponet/metrics_standard.json,results/models/multi-complete/coord_deeponet/predictions.npz,results/models/multi-complete/coord_deeponet/config.json
multi-complete,standard,coord_deeponet,0,acc,olr,0.8595300316810608,results/models/multi-complete/coord_deeponet/metrics_standard.json,results/models/multi-complete/coord_deeponet/predictions.npz,results/models/multi-complete/coord_deeponet/config.json
multi-complete,standard,coord_deeponet,0,ramse,surface_temperature,10.8251314163208,results/models/multi-complete/coord_deeponet/metrics_standard.json,results/models/multi-complete/coord_deeponet/predictions.npz,results/models/multi-complete/coord_deeponet/config.json
multi-complete,standard,coord_deeponet,0,ramse,temperature,9.522112528483072,results/models/multi-complete/coord_deeponet/metrics_standard.json,results/models/multi-complete/coord_deeponet/predictions.npz,results/models/multi-complete/coord_deeponet/config.json
multi-complete,standard,coord_deeponet,0,ramse,specific_humidity_dex,0.4971320662233565,results/models/multi-complete/coord_deeponet/metrics_standard.json,results/models/multi-complete/coord_deeponet/predictions.npz,results/models/multi-complete/coord_deeponet/config.json
multi-complete,standard,coord_deeponet,0,ramse,cloud_fraction,0.11533254964484109,results/models/multi-complete/coord_deeponet/metrics_standard.json,results/models/multi-complete/coord_deeponet/predictions.npz,results/models/multi-complete/coord_deeponet/config.json
multi-complete,standard,coord_deeponet,0,ramse,u,11.28193802303738,results/models/multi-complete/coord_deeponet/metrics_standard.json,results/models/multi-complete/coord_deeponet/predictions.npz,results/models/multi-complete/coord_deeponet/config.json
multi-complete,standard,coord_deeponet,0,ramse,v,5.70873745282491,results/models/multi-complete/coord_deeponet/metrics_standard.json,results/models/multi-complete/coord_deeponet/predictions.npz,results/models/multi-complete/coord_deeponet/config.json
multi-complete,standard,coord_deeponet,0,ramse,asr,30.454919815063477,results/models/multi-complete/coord_deeponet/metrics_standard.json,results/models/multi-complete/coord_deeponet/predictions.npz,results/models/multi-complete/coord_deeponet/config.json
multi-complete,standard,coord_deeponet,0,ramse,olr,19.092266082763672,results/models/multi-complete/coord_deeponet/metrics_standard.json,results/models/multi-complete/coord_deeponet/predictions.npz,results/models/multi-complete/coord_deeponet/config.json
multi-complete,shared_planets,coord_deeponet,0,relative_rmse,surface_temperature,0.9118756055831909,results/models/multi-complete/coord_deeponet/metrics_shared_planets.json,results/models/multi-complete/coord_deeponet/predictions_shared_planets.npz,results/models/multi-complete/coord_deeponet/config.json
multi-complete,shared_planets,coord_deeponet,0,relative_rmse,temperature,0.9020148515701294,results/models/multi-complete/coord_deeponet/metrics_shared_planets.json,results/models/multi-complete/coord_deeponet/predictions_shared_planets.npz,results/models/multi-complete/coord_deeponet/config.json
multi-complete,shared_planets,coord_deeponet,0,relative_rmse,specific_humidity_dex,0.8127511143684387,results/models/multi-complete/coord_deeponet/metrics_shared_planets.json,results/models/multi-complete/coord_deeponet/predictions_shared_planets.npz,results/models/multi-complete/coord_deeponet/config.json
multi-complete,shared_planets,coord_deeponet,0,relative_rmse,cloud_fraction,0.6801203489303589,results/models/multi-complete/coord_deeponet/metrics_shared_planets.json,results/models/multi-complete/coord_deeponet/predictions_shared_planets.npz,results/models/multi-complete/coord_deeponet/config.json
multi-complete,shared_planets,coord_deeponet,0,relative_rmse,u,0.914879560470581,results/models/multi-complete/coord_deeponet/metrics_shared_planets.json,results/models/multi-complete/coord_deeponet/predictions_shared_planets.npz,results/models/multi-complete/coord_deeponet/config.json
multi-complete,shared_planets,coord_deeponet,0,relative_rmse,v,0.9246533513069153,results/models/multi-complete/coord_deeponet/metrics_shared_planets.json,results/models/multi-complete/coord_deeponet/predictions_shared_planets.npz,results/models/multi-complete/coord_deeponet/config.json
multi-complete,shared_planets,coord_deeponet,0,relative_rmse,asr,0.7331210970878601,results/models/multi-complete/coord_deeponet/metrics_shared_planets.json,results/models/multi-complete/coord_deeponet/predictions_shared_planets.npz,results/models/multi-complete/coord_deeponet/config.json
multi-complete,shared_planets,coord_deeponet,0,relative_rmse,olr,0.7175675630569458,results/models/multi-complete/coord_deeponet/metrics_shared_planets.json,results/models/multi-complete/coord_deeponet/predictions_shared_planets.npz,results/models/multi-complete/coord_deeponet/config.json
multi-complete,shared_planets,coord_deeponet,0,relative_acc,surface_temperature,1.0079567432403564,results/models/multi-complete/coord_deeponet/metrics_shared_planets.json,results/models/multi-complete/coord_deeponet/predictions_shared_planets.npz,results/models/multi-complete/coord_deeponet/config.json
multi-complete,shared_planets,coord_deeponet,0,relative_acc,temperature,1.4392434358596802,results/models/multi-complete/coord_deeponet/metrics_shared_planets.json,results/models/multi-complete/coord_deeponet/predictions_shared_planets.npz,results/models/multi-complete/coord_deeponet/config.json
multi-complete,shared_planets,coord_deeponet,0,relative_acc,specific_humidity_dex,1.1811755895614624,results/models/multi-complete/coord_deeponet/metrics_shared_planets.json,results/models/multi-complete/coord_deeponet/predictions_shared_planets.npz,results/models/multi-complete/coord_deeponet/config.json
multi-complete,shared_planets,coord_deeponet,0,relative_acc,cloud_fraction,1.317315936088562,results/models/multi-complete/coord_deeponet/metrics_shared_planets.json,results/models/multi-complete/coord_deeponet/predictions_shared_planets.npz,results/models/multi-complete/coord_deeponet/config.json
multi-complete,shared_planets,coord_deeponet,0,relative_acc,u,4.038216590881348,results/models/multi-complete/coord_deeponet/metrics_shared_planets.json,results/models/multi-complete/coord_deeponet/predictions_shared_planets.npz,results/models/multi-complete/coord_deeponet/config.json
multi-complete,shared_planets,coord_deeponet,0,relative_acc,v,1.1800442934036255,results/models/multi-complete/coord_deeponet/metrics_shared_planets.json,results/models/multi-complete/coord_deeponet/predictions_shared_planets.npz,results/models/multi-complete/coord_deeponet/config.json
multi-complete,shared_planets,coord_deeponet,0,relative_acc,asr,1.004269003868103,results/models/multi-complete/coord_deeponet/metrics_shared_planets.json,results/models/multi-complete/coord_deeponet/predictions_shared_planets.npz,results/models/multi-complete/coord_deeponet/config.json
multi-complete,shared_planets,coord_deeponet,0,relative_acc,olr,1.1330363750457764,results/models/multi-complete/coord_deeponet/metrics_shared_planets.json,results/models/multi-complete/coord_deeponet/predictions_shared_planets.npz,results/models/multi-complete/coord_deeponet/config.json
multi-complete,standard,coord_deeponet,1,rmse,surface_temperature,13.909741401672363,,,
multi-complete,standard,coord_deeponet,1,rmse,temperature,10.654487397935656,,,
multi-complete,standard,coord_deeponet,1,rmse,specific_humidity_dex,0.5203466779655881,,,
multi-complete,standard,coord_deeponet,1,rmse,cloud_fraction,0.09961875114176008,,,
multi-complete,standard,coord_deeponet,1,rmse,u,9.582356850306192,,,
multi-complete,standard,coord_deeponet,1,rmse,v,4.68350542916192,,,
multi-complete,standard,coord_deeponet,1,rmse,asr,30.07428550720215,,,
multi-complete,standard,coord_deeponet,1,rmse,olr,18.70982551574707,,,
multi-complete,standard,coord_deeponet,1,acc,surface_temperature,0.934624969959259,,,
multi-complete,standard,coord_deeponet,1,acc,temperature,0.5838795900344849,,,
multi-complete,standard,coord_deeponet,1,acc,specific_humidity_dex,0.7814953095383115,,,
multi-complete,standard,coord_deeponet,1,acc,cloud_fraction,0.6908036006821526,,,
multi-complete,standard,coord_deeponet,1,acc,u,0.6686817937427096,,,
multi-complete,standard,coord_deeponet,1,acc,v,0.6318204502264658,,,
multi-complete,standard,coord_deeponet,1,acc,asr,0.9950063824653625,,,
multi-complete,standard,coord_deeponet,1,acc,olr,0.852889358997345,,,
multi-complete,standard,coord_deeponet,1,ramse,surface_temperature,14.369315147399902,,,
multi-complete,standard,coord_deeponet,1,ramse,temperature,11.12081676059299,,,
multi-complete,standard,coord_deeponet,1,ramse,specific_humidity_dex,0.5499229265583886,,,
multi-complete,standard,coord_deeponet,1,ramse,cloud_fraction,0.11790411174297333,,,
multi-complete,standard,coord_deeponet,1,ramse,u,11.55994595421685,,,
multi-complete,standard,coord_deeponet,1,ramse,v,5.740060170491536,,,
multi-complete,standard,coord_deeponet,1,ramse,asr,33.033634185791016,,,
multi-complete,standard,coord_deeponet,1,ramse,olr,20.25748634338379,,,
multi-complete,shared_planets,coord_deeponet,1,relative_rmse,surface_temperature,1.1697598695755005,,,
multi-complete,shared_planets,coord_deeponet,1,relative_rmse,temperature,1.055433988571167,,,
multi-complete,shared_planets,coord_deeponet,1,relative_rmse,specific_humidity_dex,0.8925498723983765,,,
multi-complete,shared_planets,coord_deeponet,1,relative_rmse,cloud_fraction,0.6792991161346436,,,
multi-complete,shared_planets,coord_deeponet,1,relative_rmse,u,0.9372349977493286,,,
multi-complete,shared_planets,coord_deeponet,1,relative_rmse,v,0.8992397785186768,,,
multi-complete,shared_planets,coord_deeponet,1,relative_rmse,asr,0.852892279624939,,,
multi-complete,shared_planets,coord_deeponet,1,relative_rmse,olr,0.8437007665634155,,,
multi-complete,shared_planets,coord_deeponet,1,relative_acc,surface_temperature,1.0222852230072021,,,
multi-complete,shared_planets,coord_deeponet,1,relative_acc,temperature,1.3830053806304932,,,
multi-complete,shared_planets,coord_deeponet,1,relative_acc,specific_humidity_dex,1.1825966835021973,,,
multi-complete,shared_planets,coord_deeponet,1,relative_acc,cloud_fraction,1.3091660737991333,,,
multi-complete,shared_planets,coord_deeponet,1,relative_acc,u,3.781419038772583,,,
multi-complete,shared_planets,coord_deeponet,1,relative_acc,v,1.1726492643356323,,,
multi-complete,shared_planets,coord_deeponet,1,relative_acc,asr,1.003440022468567,,,
multi-complete,shared_planets,coord_deeponet,1,relative_acc,olr,1.1061241626739502,,,
multi-complete,standard,coord_deeponet,2,rmse,surface_temperature,12.302165031433105,,,
multi-complete,standard,coord_deeponet,2,rmse,temperature,9.66387144724528,,,
multi-complete,standard,coord_deeponet,2,rmse,specific_humidity_dex,0.47592419054773116,,,
multi-complete,standard,coord_deeponet,2,rmse,cloud_fraction,0.09669031492537922,,,
multi-complete,standard,coord_deeponet,2,rmse,u,9.462621026568943,,,
multi-complete,standard,coord_deeponet,2,rmse,v,4.943325122197469,,,
multi-complete,standard,coord_deeponet,2,rmse,asr,29.855022430419922,,,
multi-complete,standard,coord_deeponet,2,rmse,olr,18.01556968688965,,,
multi-complete,standard,coord_deeponet,2,acc,surface_temperature,0.9250022172927856,,,
multi-complete,standard,coord_deeponet,2,acc,temperature,0.5994028051694235,,,
multi-complete,standard,coord_deeponet,2,acc,specific_humidity_dex,0.7698799769083658,,,
multi-complete,standard,coord_deeponet,2,acc,cloud_fraction,0.7084187732802497,,,
multi-complete,standard,coord_deeponet,2,acc,u,0.6635289755132463,,,
multi-complete,standard,coord_deeponet,2,acc,v,0.6420172419812944,,,
multi-complete,standard,coord_deeponet,2,acc,asr,0.9952008724212646,,,
multi-complete,standard,coord_deeponet,2,acc,olr,0.8470244407653809,,,
multi-complete,standard,coord_deeponet,2,ramse,surface_temperature,12.784173011779785,,,
multi-complete,standard,coord_deeponet,2,ramse,temperature,10.127070638868544,,,
multi-complete,standard,coord_deeponet,2,ramse,specific_humidity_dex,0.510775539610121,,,
multi-complete,standard,coord_deeponet,2,ramse,cloud_fraction,0.11393005690640873,,,
multi-complete,standard,coord_deeponet,2,ramse,u,11.40268940395779,,,
multi-complete,standard,coord_deeponet,2,ramse,v,6.0098105271657305,,,
multi-complete,standard,coord_deeponet,2,ramse,asr,32.357139587402344,,,
multi-complete,standard,coord_deeponet,2,ramse,olr,19.61796760559082,,,
multi-complete,shared_planets,coord_deeponet,2,relative_rmse,surface_temperature,0.9256885647773743,,,
multi-complete,shared_planets,coord_deeponet,2,relative_rmse,temperature,0.8338045477867126,,,
multi-complete,shared_planets,coord_deeponet,2,relative_rmse,specific_humidity_dex,0.8303775191307068,,,
multi-complete,shared_planets,coord_deeponet,2,relative_rmse,cloud_fraction,0.6571409106254578,,,
multi-complete,shared_planets,coord_deeponet,2,relative_rmse,u,0.9538624882698059,,,
multi-complete,shared_planets,coord_deeponet,2,relative_rmse,v,0.9886519312858582,,,
multi-complete,shared_planets,coord_deeponet,2,relative_rmse,asr,0.7929174304008484,,,
multi-complete,shared_planets,coord_deeponet,2,relative_rmse,olr,0.7564927339553833,,,
multi-complete,shared_planets,coord_deeponet,2,relative_acc,surface_temperature,1.0088889598846436,,,
multi-complete,shared_planets,coord_deeponet,2,relative_acc,temperature,1.4202133417129517,,,
multi-complete,shared_planets,coord_deeponet,2,relative_acc,specific_humidity_dex,1.1800611019134521,,,
multi-complete,shared_planets,coord_deeponet,2,relative_acc,cloud_fraction,1.3451164960861206,,,
multi-complete,shared_planets,coord_deeponet,2,relative_acc,u,4.0134196281433105,,,
multi-complete,shared_planets,coord_deeponet,2,relative_acc,v,1.179377794265747,,,
multi-complete,shared_planets,coord_deeponet,2,relative_acc,asr,1.003920555114746,,,
multi-complete,shared_planets,coord_deeponet,2,relative_acc,olr,1.131080150604248,,,
multi-complete,standard,coord_deeponet,3,rmse,surface_temperature,11.785318374633789,,,
multi-complete,standard,coord_deeponet,3,rmse,temperature,9.25176970163981,,,
multi-complete,standard,coord_deeponet,3,rmse,specific_humidity_dex,0.486481679810418,,,
multi-complete,standard,coord_deeponet,3,rmse,cloud_fraction,0.09481649721662204,,,
multi-complete,standard,coord_deeponet,3,rmse,u,9.968365324868095,,,
multi-complete,standard,coord_deeponet,3,rmse,v,5.084299590852526,,,
multi-complete,standard,coord_deeponet,3,rmse,asr,28.989944458007812,,,
multi-complete,standard,coord_deeponet,3,rmse,olr,17.923099517822266,,,
multi-complete,standard,coord_deeponet,3,acc,surface_temperature,0.9308793544769287,,,
multi-complete,standard,coord_deeponet,3,acc,temperature,0.6012031866444482,,,
multi-complete,standard,coord_deeponet,3,acc,specific_humidity_dex,0.802320745256212,,,
multi-complete,standard,coord_deeponet,3,acc,cloud_fraction,0.7117314140001932,,,
multi-complete,standard,coord_deeponet,3,acc,u,0.6934139364295535,,,
multi-complete,standard,coord_deeponet,3,acc,v,0.667325473494,,,
multi-complete,standard,coord_deeponet,3,acc,asr,0.9955618381500244,,,
multi-complete,standard,coord_deeponet,3,acc,olr,0.8600982427597046,,,
multi-complete,standard,coord_deeponet,3,ramse,surface_temperature,12.19115161895752,,,
multi-complete,standard,coord_deeponet,3,ramse,temperature,9.763982560899523,,,
multi-complete,standard,coord_deeponet,3,ramse,specific_humidity_dex,0.5170097086164687,,,
multi-complete,standard,coord_deeponet,3,ramse,cloud_fraction,0.11112436610791418,,,
multi-complete,standard,coord_deeponet,3,ramse,u,12.052079730563694,,,
multi-complete,standard,coord_deeponet,3,ramse,v,6.246893723805745,,,
multi-complete,standard,coord_deeponet,3,ramse,asr,31.21481704711914,,,
multi-complete,standard,coord_deeponet,3,ramse,olr,19.554126739501953,,,
multi-complete,shared_planets,coord_deeponet,3,relative_rmse,surface_temperature,0.9992388486862183,,,
multi-complete,shared_planets,coord_deeponet,3,relative_rmse,temperature,0.8212155103683472,,,
multi-complete,shared_planets,coord_deeponet,3,relative_rmse,specific_humidity_dex,0.8324181437492371,,,
multi-complete,shared_planets,coord_deeponet,3,relative_rmse,cloud_fraction,0.6473860740661621,,,
multi-complete,shared_planets,coord_deeponet,3,relative_rmse,u,1.0081982612609863,,,
multi-complete,shared_planets,coord_deeponet,3,relative_rmse,v,1.0303020477294922,,,
multi-complete,shared_planets,coord_deeponet,3,relative_rmse,asr,0.8140587210655212,,,
multi-complete,shared_planets,coord_deeponet,3,relative_rmse,olr,0.7861402034759521,,,
multi-complete,shared_planets,coord_deeponet,3,relative_acc,surface_temperature,1.0195581912994385,,,
multi-complete,shared_planets,coord_deeponet,3,relative_acc,temperature,1.4297542572021484,,,
multi-complete,shared_planets,coord_deeponet,3,relative_acc,specific_humidity_dex,1.2180850505828857,,,
multi-complete,shared_planets,coord_deeponet,3,relative_acc,cloud_fraction,1.3694900274276733,,,
multi-complete,shared_planets,coord_deeponet,3,relative_acc,u,3.9717981815338135,,,
multi-complete,shared_planets,coord_deeponet,3,relative_acc,v,1.2417418956756592,,,
multi-complete,shared_planets,coord_deeponet,3,relative_acc,asr,1.0043880939483643,,,
multi-complete,shared_planets,coord_deeponet,3,relative_acc,olr,1.1409008502960205,,,
multi-complete,standard,coord_deeponet,4,rmse,surface_temperature,11.978902816772461,,,
multi-complete,standard,coord_deeponet,4,rmse,temperature,9.77569145626492,,,
multi-complete,standard,coord_deeponet,4,rmse,specific_humidity_dex,0.49805751111772323,,,
multi-complete,standard,coord_deeponet,4,rmse,cloud_fraction,0.09502107070551978,,,
multi-complete,standard,coord_deeponet,4,rmse,u,9.812666707568699,,,
multi-complete,standard,coord_deeponet,4,rmse,v,4.9668809572855634,,,
multi-complete,standard,coord_deeponet,4,rmse,asr,30.658586502075195,,,
multi-complete,standard,coord_deeponet,4,rmse,olr,18.62574577331543,,,
multi-complete,standard,coord_deeponet,4,acc,surface_temperature,0.9397271275520325,,,
multi-complete,standard,coord_deeponet,4,acc,temperature,0.5786822239557902,,,
multi-complete,standard,coord_deeponet,4,acc,specific_humidity_dex,0.7694427404138777,,,
multi-complete,standard,coord_deeponet,4,acc,cloud_fraction,0.6959902048110962,,,
multi-complete,standard,coord_deeponet,4,acc,u,0.6721198360125223,,,
multi-complete,standard,coord_deeponet,4,acc,v,0.6354483630922105,,,
multi-complete,standard,coord_deeponet,4,acc,asr,0.9949582815170288,,,
multi-complete,standard,coord_deeponet,4,acc,olr,0.8407009243965149,,,
multi-complete,standard,coord_deeponet,4,ramse,surface_temperature,12.392522811889648,,,
multi-complete,standard,coord_deeponet,4,ramse,temperature,10.268983311123318,,,
multi-complete,standard,coord_deeponet,4,ramse,specific_humidity_dex,0.5286180476347605,,,
multi-complete,standard,coord_deeponet,4,ramse,cloud_fraction,0.11337225263317426,,,
multi-complete,standard,coord_deeponet,4,ramse,u,11.944670094384087,,,
multi-complete,standard,coord_deeponet,4,ramse,v,6.116522841983372,,,
multi-complete,standard,coord_deeponet,4,ramse,asr,33.36067199707031,,,
multi-complete,standard,coord_deeponet,4,ramse,olr,20.44400978088379,,,
multi-complete,shared_planets,coord_deeponet,4,relative_rmse,surface_temperature,1.0377179384231567,,,
multi-complete,shared_planets,coord_deeponet,4,relative_rmse,temperature,0.9452239274978638,,,
multi-complete,shared_planets,coord_deeponet,4,relative_rmse,specific_humidity_dex,0.9185607433319092,,,
multi-complete,shared_planets,coord_deeponet,4,relative_rmse,cloud_fraction,0.6590862274169922,,,
multi-complete,shared_planets,coord_deeponet,4,relative_rmse,u,0.9658609628677368,,,
multi-complete,shared_planets,coord_deeponet,4,relative_rmse,v,0.9719535708427429,,,
multi-complete,shared_planets,coord_deeponet,4,relative_rmse,asr,0.8544195294380188,,,
multi-complete,shared_planets,coord_deeponet,4,relative_rmse,olr,0.8060773611068726,,,
multi-complete,shared_planets,coord_deeponet,4,relative_acc,surface_temperature,1.0095654726028442,,,
multi-complete,shared_planets,coord_deeponet,4,relative_acc,temperature,1.4003442525863647,,,
multi-complete,shared_planets,coord_deeponet,4,relative_acc,specific_humidity_dex,1.1613510847091675,,,
multi-complete,shared_planets,coord_deeponet,4,relative_acc,cloud_fraction,1.2585115432739258,,,
multi-complete,shared_planets,coord_deeponet,4,relative_acc,u,3.873133659362793,,,
multi-complete,shared_planets,coord_deeponet,4,relative_acc,v,1.1813254356384277,,,
multi-complete,shared_planets,coord_deeponet,4,relative_acc,asr,1.003553032875061,,,
multi-complete,shared_planets,coord_deeponet,4,relative_acc,olr,1.1142915487289429,,,
multi-complete,standard,coord_mlp,0,rmse,surface_temperature,16.7823486328125,results/models/multi-complete/coord_mlp/metrics_standard.json,results/models/multi-complete/coord_mlp/predictions.npz,results/models/multi-complete/coord_mlp/config.json
multi-complete,standard,coord_mlp,0,rmse,temperature,10.600563791063097,results/models/multi-complete/coord_mlp/metrics_standard.json,results/models/multi-complete/coord_mlp/predictions.npz,results/models/multi-complete/coord_mlp/config.json
multi-complete,standard,coord_mlp,0,rmse,specific_humidity_dex,0.6027427315711975,results/models/multi-complete/coord_mlp/metrics_standard.json,results/models/multi-complete/coord_mlp/predictions.npz,results/models/multi-complete/coord_mlp/config.json
multi-complete,standard,coord_mlp,0,rmse,cloud_fraction,0.10891962920626004,results/models/multi-complete/coord_mlp/metrics_standard.json,results/models/multi-complete/coord_mlp/predictions.npz,results/models/multi-complete/coord_mlp/config.json
multi-complete,standard,coord_mlp,0,rmse,u,10.164274295171102,results/models/multi-complete/coord_mlp/metrics_standard.json,results/models/multi-complete/coord_mlp/predictions.npz,results/models/multi-complete/coord_mlp/config.json
multi-complete,standard,coord_mlp,0,rmse,v,4.733104520373875,results/models/multi-complete/coord_mlp/metrics_standard.json,results/models/multi-complete/coord_mlp/predictions.npz,results/models/multi-complete/coord_mlp/config.json
multi-complete,standard,coord_mlp,0,rmse,asr,57.73263168334961,results/models/multi-complete/coord_mlp/metrics_standard.json,results/models/multi-complete/coord_mlp/predictions.npz,results/models/multi-complete/coord_mlp/config.json
multi-complete,standard,coord_mlp,0,rmse,olr,26.59894561767578,results/models/multi-complete/coord_mlp/metrics_standard.json,results/models/multi-complete/coord_mlp/predictions.npz,results/models/multi-complete/coord_mlp/config.json
multi-complete,standard,coord_mlp,0,acc,surface_temperature,0.9054863452911377,results/models/multi-complete/coord_mlp/metrics_standard.json,results/models/multi-complete/coord_mlp/predictions.npz,results/models/multi-complete/coord_mlp/config.json
multi-complete,standard,coord_mlp,0,acc,temperature,0.46530694100591874,results/models/multi-complete/coord_mlp/metrics_standard.json,results/models/multi-complete/coord_mlp/predictions.npz,results/models/multi-complete/coord_mlp/config.json
multi-complete,standard,coord_mlp,0,acc,specific_humidity_dex,0.674121446079678,results/models/multi-complete/coord_mlp/metrics_standard.json,results/models/multi-complete/coord_mlp/predictions.npz,results/models/multi-complete/coord_mlp/config.json
multi-complete,standard,coord_mlp,0,acc,cloud_fraction,0.6480442252424028,results/models/multi-complete/coord_mlp/metrics_standard.json,results/models/multi-complete/coord_mlp/predictions.npz,results/models/multi-complete/coord_mlp/config.json
multi-complete,standard,coord_mlp,0,acc,u,0.604392452372445,results/models/multi-complete/coord_mlp/metrics_standard.json,results/models/multi-complete/coord_mlp/predictions.npz,results/models/multi-complete/coord_mlp/config.json
multi-complete,standard,coord_mlp,0,acc,v,0.643330819076962,results/models/multi-complete/coord_mlp/metrics_standard.json,results/models/multi-complete/coord_mlp/predictions.npz,results/models/multi-complete/coord_mlp/config.json
multi-complete,standard,coord_mlp,0,acc,asr,0.9780742526054382,results/models/multi-complete/coord_mlp/metrics_standard.json,results/models/multi-complete/coord_mlp/predictions.npz,results/models/multi-complete/coord_mlp/config.json
multi-complete,standard,coord_mlp,0,acc,olr,0.732511579990387,results/models/multi-complete/coord_mlp/metrics_standard.json,results/models/multi-complete/coord_mlp/predictions.npz,results/models/multi-complete/coord_mlp/config.json
multi-complete,standard,coord_mlp,0,ramse,surface_temperature,17.90898323059082,results/models/multi-complete/coord_mlp/metrics_standard.json,results/models/multi-complete/coord_mlp/predictions.npz,results/models/multi-complete/coord_mlp/config.json
multi-complete,standard,coord_mlp,0,ramse,temperature,11.571197827657064,results/models/multi-complete/coord_mlp/metrics_standard.json,results/models/multi-complete/coord_mlp/predictions.npz,results/models/multi-complete/coord_mlp/config.json
multi-complete,standard,coord_mlp,0,ramse,specific_humidity_dex,0.6536069214344025,results/models/multi-complete/coord_mlp/metrics_standard.json,results/models/multi-complete/coord_mlp/predictions.npz,results/models/multi-complete/coord_mlp/config.json
multi-complete,standard,coord_mlp,0,ramse,cloud_fraction,0.1309261168870661,results/models/multi-complete/coord_mlp/metrics_standard.json,results/models/multi-complete/coord_mlp/predictions.npz,results/models/multi-complete/coord_mlp/config.json
multi-complete,standard,coord_mlp,0,ramse,u,12.02525912390815,results/models/multi-complete/coord_mlp/metrics_standard.json,results/models/multi-complete/coord_mlp/predictions.npz,results/models/multi-complete/coord_mlp/config.json
multi-complete,standard,coord_mlp,0,ramse,v,5.616615533828735,results/models/multi-complete/coord_mlp/metrics_standard.json,results/models/multi-complete/coord_mlp/predictions.npz,results/models/multi-complete/coord_mlp/config.json
multi-complete,standard,coord_mlp,0,ramse,asr,64.114013671875,results/models/multi-complete/coord_mlp/metrics_standard.json,results/models/multi-complete/coord_mlp/predictions.npz,results/models/multi-complete/coord_mlp/config.json
multi-complete,standard,coord_mlp,0,ramse,olr,29.680776596069336,results/models/multi-complete/coord_mlp/metrics_standard.json,results/models/multi-complete/coord_mlp/predictions.npz,results/models/multi-complete/coord_mlp/config.json
multi-complete,shared_planets,coord_mlp,0,relative_rmse,surface_temperature,1.3237911462783813,results/models/multi-complete/coord_mlp/metrics_shared_planets.json,results/models/multi-complete/coord_mlp/predictions_shared_planets.npz,results/models/multi-complete/coord_mlp/config.json
multi-complete,shared_planets,coord_mlp,0,relative_rmse,temperature,0.8964282870292664,results/models/multi-complete/coord_mlp/metrics_shared_planets.json,results/models/multi-complete/coord_mlp/predictions_shared_planets.npz,results/models/multi-complete/coord_mlp/config.json
multi-complete,shared_planets,coord_mlp,0,relative_rmse,specific_humidity_dex,0.9929633140563965,results/models/multi-complete/coord_mlp/metrics_shared_planets.json,results/models/multi-complete/coord_mlp/predictions_shared_planets.npz,results/models/multi-complete/coord_mlp/config.json
multi-complete,shared_planets,coord_mlp,0,relative_rmse,cloud_fraction,0.7114118933677673,results/models/multi-complete/coord_mlp/metrics_shared_planets.json,results/models/multi-complete/coord_mlp/predictions_shared_planets.npz,results/models/multi-complete/coord_mlp/config.json
multi-complete,shared_planets,coord_mlp,0,relative_rmse,u,0.9234021902084351,results/models/multi-complete/coord_mlp/metrics_shared_planets.json,results/models/multi-complete/coord_mlp/predictions_shared_planets.npz,results/models/multi-complete/coord_mlp/config.json
multi-complete,shared_planets,coord_mlp,0,relative_rmse,v,0.9219703078269958,results/models/multi-complete/coord_mlp/metrics_shared_planets.json,results/models/multi-complete/coord_mlp/predictions_shared_planets.npz,results/models/multi-complete/coord_mlp/config.json
multi-complete,shared_planets,coord_mlp,0,relative_rmse,asr,1.5140979290008545,results/models/multi-complete/coord_mlp/metrics_shared_planets.json,results/models/multi-complete/coord_mlp/predictions_shared_planets.npz,results/models/multi-complete/coord_mlp/config.json
multi-complete,shared_planets,coord_mlp,0,relative_rmse,olr,1.099442958831787,results/models/multi-complete/coord_mlp/metrics_shared_planets.json,results/models/multi-complete/coord_mlp/predictions_shared_planets.npz,results/models/multi-complete/coord_mlp/config.json
multi-complete,shared_planets,coord_mlp,0,relative_acc,surface_temperature,0.9728449583053589,results/models/multi-complete/coord_mlp/metrics_shared_planets.json,results/models/multi-complete/coord_mlp/predictions_shared_planets.npz,results/models/multi-complete/coord_mlp/config.json
multi-complete,shared_planets,coord_mlp,0,relative_acc,temperature,1.1905547380447388,results/models/multi-complete/coord_mlp/metrics_shared_planets.json,results/models/multi-complete/coord_mlp/predictions_shared_planets.npz,results/models/multi-complete/coord_mlp/config.json
multi-complete,shared_planets,coord_mlp,0,relative_acc,specific_humidity_dex,1.014419674873352,results/models/multi-complete/coord_mlp/metrics_shared_planets.json,results/models/multi-complete/coord_mlp/predictions_shared_planets.npz,results/models/multi-complete/coord_mlp/config.json
multi-complete,shared_planets,coord_mlp,0,relative_acc,cloud_fraction,1.2910958528518677,results/models/multi-complete/coord_mlp/metrics_shared_planets.json,results/models/multi-complete/coord_mlp/predictions_shared_planets.npz,results/models/multi-complete/coord_mlp/config.json
multi-complete,shared_planets,coord_mlp,0,relative_acc,u,4.38097620010376,results/models/multi-complete/coord_mlp/metrics_shared_planets.json,results/models/multi-complete/coord_mlp/predictions_shared_planets.npz,results/models/multi-complete/coord_mlp/config.json
multi-complete,shared_planets,coord_mlp,0,relative_acc,v,1.1332173347473145,results/models/multi-complete/coord_mlp/metrics_shared_planets.json,results/models/multi-complete/coord_mlp/predictions_shared_planets.npz,results/models/multi-complete/coord_mlp/config.json
multi-complete,shared_planets,coord_mlp,0,relative_acc,asr,0.9869126677513123,results/models/multi-complete/coord_mlp/metrics_shared_planets.json,results/models/multi-complete/coord_mlp/predictions_shared_planets.npz,results/models/multi-complete/coord_mlp/config.json
multi-complete,shared_planets,coord_mlp,0,relative_acc,olr,1.0127254724502563,results/models/multi-complete/coord_mlp/metrics_shared_planets.json,results/models/multi-complete/coord_mlp/predictions_shared_planets.npz,results/models/multi-complete/coord_mlp/config.json
multi-complete,standard,coord_mlp,1,rmse,surface_temperature,15.838953971862793,,,
multi-complete,standard,coord_mlp,1,rmse,temperature,10.753576808505589,,,
multi-complete,standard,coord_mlp,1,rmse,specific_humidity_dex,0.6158783502048917,,,
multi-complete,standard,coord_mlp,1,rmse,cloud_fraction,0.11252438649535179,,,
multi-complete,standard,coord_mlp,1,rmse,u,10.330617162916395,,,
multi-complete,standard,coord_mlp,1,rmse,v,4.810892396503025,,,
multi-complete,standard,coord_mlp,1,rmse,asr,67.3421401977539,,,
multi-complete,standard,coord_mlp,1,rmse,olr,26.017972946166992,,,
multi-complete,standard,coord_mlp,1,acc,surface_temperature,0.9338909387588501,,,
multi-complete,standard,coord_mlp,1,acc,temperature,0.4807707518339157,,,
multi-complete,standard,coord_mlp,1,acc,specific_humidity_dex,0.7095488243632846,,,
multi-complete,standard,coord_mlp,1,acc,cloud_fraction,0.6484263506200578,,,
multi-complete,standard,coord_mlp,1,acc,u,0.6043999791145325,,,
multi-complete,standard,coord_mlp,1,acc,v,0.6420403983857896,,,
multi-complete,standard,coord_mlp,1,acc,asr,0.9777162075042725,,,
multi-complete,standard,coord_mlp,1,acc,olr,0.7354963421821594,,,
multi-complete,standard,coord_mlp,1,ramse,surface_temperature,16.703283309936523,,,
multi-complete,standard,coord_mlp,1,ramse,temperature,11.594514528910318,,,
multi-complete,standard,coord_mlp,1,ramse,specific_humidity_dex,0.6651376783847809,,,
multi-complete,standard,coord_mlp,1,ramse,cloud_fraction,0.1357322426305877,,,
multi-complete,standard,coord_mlp,1,ramse,u,12.37272146013048,,,
multi-complete,standard,coord_mlp,1,ramse,v,5.808332761128743,,,
multi-complete,standard,coord_mlp,1,ramse,asr,72.51181030273438,,,
multi-complete,standard,coord_mlp,1,ramse,olr,29.051063537597656,,,
multi-complete,shared_planets,coord_mlp,1,relative_rmse,surface_temperature,1.2280442714691162,,,
multi-complete,shared_planets,coord_mlp,1,relative_rmse,temperature,0.884659469127655,,,
multi-complete,shared_planets,coord_mlp,1,relative_rmse,specific_humidity_dex,1.0246455669403076,,,
multi-complete,shared_planets,coord_mlp,1,relative_rmse,cloud_fraction,0.7178045511245728,,,
multi-complete,shared_planets,coord_mlp,1,relative_rmse,u,0.9611155390739441,,,
multi-complete,shared_planets,coord_mlp,1,relative_rmse,v,0.9345394372940063,,,
multi-complete,shared_planets,coord_mlp,1,relative_rmse,asr,1.696272850036621,,,
multi-complete,shared_planets,coord_mlp,1,relative_rmse,olr,1.1330058574676514,,,
multi-complete,shared_planets,coord_mlp,1,relative_acc,surface_temperature,1.0154787302017212,,,
multi-complete,shared_planets,coord_mlp,1,relative_acc,temperature,1.2023886442184448,,,
multi-complete,shared_planets,coord_mlp,1,relative_acc,specific_humidity_dex,1.100708246231079,,,
multi-complete,shared_planets,coord_mlp,1,relative_acc,cloud_fraction,1.2924292087554932,,,
multi-complete,shared_planets,coord_mlp,1,relative_acc,u,4.422626495361328,,,
multi-complete,shared_planets,coord_mlp,1,relative_acc,v,1.1515463590621948,,,
multi-complete,shared_planets,coord_mlp,1,relative_acc,asr,0.9865425825119019,,,
multi-complete,shared_planets,coord_mlp,1,relative_acc,olr,0.9866888523101807,,,
multi-complete,standard,coord_mlp,2,rmse,surface_temperature,16.673194885253906,,,
multi-complete,standard,coord_mlp,2,rmse,temperature,11.092499097188314,,,
multi-complete,standard,coord_mlp,2,rmse,specific_humidity_dex,0.5843306912316216,,,
multi-complete,standard,coord_mlp,2,rmse,cloud_fraction,0.11222971727450688,,,
multi-complete,standard,coord_mlp,2,rmse,u,9.976950433519152,,,
multi-complete,standard,coord_mlp,2,rmse,v,5.032358725865682,,,
multi-complete,standard,coord_mlp,2,rmse,asr,75.73230743408203,,,
multi-complete,standard,coord_mlp,2,rmse,olr,26.08498764038086,,,
multi-complete,standard,coord_mlp,2,acc,surface_temperature,0.9188751578330994,,,
multi-complete,standard,coord_mlp,2,acc,temperature,0.48688893682426876,,,
multi-complete,standard,coord_mlp,2,acc,specific_humidity_dex,0.7225648760795593,,,
multi-complete,standard,coord_mlp,2,acc,cloud_fraction,0.6283372607496049,,,
multi-complete,standard,coord_mlp,2,acc,u,0.5922102100319333,,,
multi-complete,standard,coord_mlp,2,acc,v,0.6275547312365638,,,
multi-complete,standard,coord_mlp,2,acc,asr,0.9729250073432922,,,
multi-complete,standard,coord_mlp,2,acc,olr,0.7521491646766663,,,
multi-complete,standard,coord_mlp,2,ramse,surface_temperature,17.70930290222168,,,
multi-complete,standard,coord_mlp,2,ramse,temperature,11.947224299112955,,,
multi-complete,standard,coord_mlp,2,ramse,specific_humidity_dex,0.6361890898810493,,,
multi-complete,standard,coord_mlp,2,ramse,cloud_fraction,0.1373081695702341,,,
multi-complete,standard,coord_mlp,2,ramse,u,12.03608258565267,,,
multi-complete,standard,coord_mlp,2,ramse,v,6.170170015758938,,,
multi-complete,standard,coord_mlp,2,ramse,asr,81.55789184570312,,,
multi-complete,standard,coord_mlp,2,ramse,olr,29.629959106445312,,,
multi-complete,shared_planets,coord_mlp,2,relative_rmse,surface_temperature,1.2608802318572998,,,
multi-complete,shared_planets,coord_mlp,2,relative_rmse,temperature,0.8881451487541199,,,
multi-complete,shared_planets,coord_mlp,2,relative_rmse,specific_humidity_dex,0.9274582862854004,,,
multi-complete,shared_planets,coord_mlp,2,relative_rmse,cloud_fraction,0.720211386680603,,,
multi-complete,shared_planets,coord_mlp,2,relative_rmse,u,0.9395084977149963,,,
multi-complete,shared_planets,coord_mlp,2,relative_rmse,v,0.9478108286857605,,,
multi-complete,shared_planets,coord_mlp,2,relative_rmse,asr,2.0790088176727295,,,
multi-complete,shared_planets,coord_mlp,2,relative_rmse,olr,1.0755001306533813,,,
multi-complete,shared_planets,coord_mlp,2,relative_acc,surface_temperature,1.0028156042099,,,
multi-complete,shared_planets,coord_mlp,2,relative_acc,temperature,1.3014277219772339,,,
multi-complete,shared_planets,coord_mlp,2,relative_acc,specific_humidity_dex,1.1128284931182861,,,
multi-complete,shared_planets,coord_mlp,2,relative_acc,cloud_fraction,1.2908947467803955,,,
multi-complete,shared_planets,coord_mlp,2,relative_acc,u,4.591034889221191,,,
multi-complete,shared_planets,coord_mlp,2,relative_acc,v,1.1211014986038208,,,
multi-complete,shared_planets,coord_mlp,2,relative_acc,asr,0.9780125617980957,,,
multi-complete,shared_planets,coord_mlp,2,relative_acc,olr,1.0039266347885132,,,
multi-complete,standard,coord_mlp,3,rmse,surface_temperature,16.140026092529297,,,
multi-complete,standard,coord_mlp,3,rmse,temperature,11.318329493204752,,,
multi-complete,standard,coord_mlp,3,rmse,specific_humidity_dex,0.6418079402711656,,,
multi-complete,standard,coord_mlp,3,rmse,cloud_fraction,0.11587790068652895,,,
multi-complete,standard,coord_mlp,3,rmse,u,10.150390121671888,,,
multi-complete,standard,coord_mlp,3,rmse,v,4.871872080696954,,,
multi-complete,standard,coord_mlp,3,rmse,asr,65.67351531982422,,,
multi-complete,standard,coord_mlp,3,rmse,olr,24.856781005859375,,,
multi-complete,standard,coord_mlp,3,acc,surface_temperature,0.9205290079116821,,,
multi-complete,standard,coord_mlp,3,acc,temperature,0.48204974995719063,,,
multi-complete,standard,coord_mlp,3,acc,specific_humidity_dex,0.7323951886759864,,,
multi-complete,standard,coord_mlp,3,acc,cloud_fraction,0.6371519201331668,,,
multi-complete,standard,coord_mlp,3,acc,u,0.6205819282266829,,,
multi-complete,standard,coord_mlp,3,acc,v,0.625871373547448,,,
multi-complete,standard,coord_mlp,3,acc,asr,0.9721695184707642,,,
multi-complete,standard,coord_mlp,3,acc,olr,0.7535436153411865,,,
multi-complete,standard,coord_mlp,3,ramse,surface_temperature,17.159584045410156,,,
multi-complete,standard,coord_mlp,3,ramse,temperature,12.152264065212673,,,
multi-complete,standard,coord_mlp,3,ramse,specific_humidity_dex,0.6845197512043847,,,
multi-complete,standard,coord_mlp,3,ramse,cloud_fraction,0.13996935511628786,,,
multi-complete,standard,coord_mlp,3,ramse,u,12.275590631696913,,,
multi-complete,standard,coord_mlp,3,ramse,v,5.936580260594686,,,
multi-complete,standard,coord_mlp,3,ramse,asr,71.65826416015625,,,
multi-complete,standard,coord_mlp,3,ramse,olr,27.778329849243164,,,
multi-complete,shared_planets,coord_mlp,3,relative_rmse,surface_temperature,1.2186228036880493,,,
multi-complete,shared_planets,coord_mlp,3,relative_rmse,temperature,0.8656048774719238,,,
multi-complete,shared_planets,coord_mlp,3,relative_rmse,specific_humidity_dex,1.072176218032837,,,
multi-complete,shared_planets,coord_mlp,3,relative_rmse,cloud_fraction,0.7491791248321533,,,
multi-complete,shared_planets,coord_mlp,3,relative_rmse,u,0.9734677076339722,,,
multi-complete,shared_planets,coord_mlp,3,relative_rmse,v,0.9377482533454895,,,
multi-complete,shared_planets,coord_mlp,3,relative_rmse,asr,1.7254670858383179,,,
multi-complete,shared_planets,coord_mlp,3,relative_rmse,olr,1.0179756879806519,,,
multi-complete,shared_planets,coord_mlp,3,relative_acc,surface_temperature,1.0064942836761475,,,
multi-complete,shared_planets,coord_mlp,3,relative_acc,temperature,1.2403838634490967,,,
multi-complete,shared_planets,coord_mlp,3,relative_acc,specific_humidity_dex,1.1396445035934448,,,
multi-complete,shared_planets,coord_mlp,3,relative_acc,cloud_fraction,1.288688063621521,,,
multi-complete,shared_planets,coord_mlp,3,relative_acc,u,4.406107425689697,,,
multi-complete,shared_planets,coord_mlp,3,relative_acc,v,1.1364344358444214,,,
multi-complete,shared_planets,coord_mlp,3,relative_acc,asr,0.9830583333969116,,,
multi-complete,shared_planets,coord_mlp,3,relative_acc,olr,1.0222870111465454,,,
multi-complete,standard,coord_mlp,4,rmse,surface_temperature,17.881635665893555,,,
multi-complete,standard,coord_mlp,4,rmse,temperature,13.426737785339355,,,
multi-complete,standard,coord_mlp,4,rmse,specific_humidity_dex,0.6566751831107669,,,
multi-complete,standard,coord_mlp,4,rmse,cloud_fraction,0.10903369221422407,,,
multi-complete,standard,coord_mlp,4,rmse,u,10.072085301081339,,,
multi-complete,standard,coord_mlp,4,rmse,v,4.992636177274916,,,
multi-complete,standard,coord_mlp,4,rmse,asr,76.36003875732422,,,
multi-complete,standard,coord_mlp,4,rmse,olr,27.29863929748535,,,
multi-complete,standard,coord_mlp,4,acc,surface_temperature,0.9101778864860535,,,
multi-complete,standard,coord_mlp,4,acc,temperature,0.47030001216464573,,,
multi-complete,standard,coord_mlp,4,acc,specific_humidity_dex,0.7024801472822825,,,
multi-complete,standard,coord_mlp,4,acc,cloud_fraction,0.6554547316498227,,,
multi-complete,standard,coord_mlp,4,acc,u,0.6101654138829973,,,
multi-complete,standard,coord_mlp,4,acc,v,0.6199989351961348,,,
multi-complete,standard,coord_mlp,4,acc,asr,0.965440571308136,,,
multi-complete,standard,coord_mlp,4,acc,olr,0.7330266833305359,,,
multi-complete,standard,coord_mlp,4,ramse,surface_temperature,18.941688537597656,,,
multi-complete,standard,coord_mlp,4,ramse,temperature,14.22080029381646,,,
multi-complete,standard,coord_mlp,4,ramse,specific_humidity_dex,0.7046288748582205,,,
multi-complete,standard,coord_mlp,4,ramse,cloud_fraction,0.13297357534368834,,,
multi-complete,standard,coord_mlp,4,ramse,u,12.181827174292671,,,
multi-complete,standard,coord_mlp,4,ramse,v,6.105912897321913,,,
multi-complete,standard,coord_mlp,4,ramse,asr,82.9898910522461,,,
multi-complete,standard,coord_mlp,4,ramse,olr,30.385583877563477,,,
multi-complete,shared_planets,coord_mlp,4,relative_rmse,surface_temperature,1.4572126865386963,,,
multi-complete,shared_planets,coord_mlp,4,relative_rmse,temperature,1.1981602907180786,,,
multi-complete,shared_planets,coord_mlp,4,relative_rmse,specific_humidity_dex,1.1936100721359253,,,
multi-complete,shared_planets,coord_mlp,4,relative_rmse,cloud_fraction,0.7052185535430908,,,
multi-complete,shared_planets,coord_mlp,4,relative_rmse,u,0.9404798150062561,,,
multi-complete,shared_planets,coord_mlp,4,relative_rmse,v,0.9475401639938354,,,
multi-complete,shared_planets,coord_mlp,4,relative_rmse,asr,2.02394700050354,,,
multi-complete,shared_planets,coord_mlp,4,relative_rmse,olr,1.1101173162460327,,,
multi-complete,shared_planets,coord_mlp,4,relative_acc,surface_temperature,0.9825044274330139,,,
multi-complete,shared_planets,coord_mlp,4,relative_acc,temperature,1.169153094291687,,,
multi-complete,shared_planets,coord_mlp,4,relative_acc,specific_humidity_dex,1.0671911239624023,,,
multi-complete,shared_planets,coord_mlp,4,relative_acc,cloud_fraction,1.3111094236373901,,,
multi-complete,shared_planets,coord_mlp,4,relative_acc,u,4.205694675445557,,,
multi-complete,shared_planets,coord_mlp,4,relative_acc,v,1.1106568574905396,,,
multi-complete,shared_planets,coord_mlp,4,relative_acc,asr,0.9711087942123413,,,
multi-complete,shared_planets,coord_mlp,4,relative_acc,olr,1.0009913444519043,,,
multi-complete,standard,gplfr,0,rmse,surface_temperature,9.730849266052246,results/models/multi-complete/gplfr/metrics_standard.json,results/models/multi-complete/gplfr/predictions.npz,results/models/multi-complete/gplfr/config.json
multi-complete,standard,gplfr,0,rmse,temperature,8.144811312357584,results/models/multi-complete/gplfr/metrics_standard.json,results/models/multi-complete/gplfr/predictions.npz,results/models/multi-complete/gplfr/config.json
multi-complete,standard,gplfr,0,rmse,specific_humidity_dex,0.40335754884613884,results/models/multi-complete/gplfr/metrics_standard.json,results/models/multi-complete/gplfr/predictions.npz,results/models/multi-complete/gplfr/config.json
multi-complete,standard,gplfr,0,rmse,cloud_fraction,0.08173966283599536,results/models/multi-complete/gplfr/metrics_standard.json,results/models/multi-complete/gplfr/predictions.npz,results/models/multi-complete/gplfr/config.json
multi-complete,standard,gplfr,0,rmse,u,8.192544539769491,results/models/multi-complete/gplfr/metrics_standard.json,results/models/multi-complete/gplfr/predictions.npz,results/models/multi-complete/gplfr/config.json
multi-complete,standard,gplfr,0,rmse,v,4.050169044070774,results/models/multi-complete/gplfr/metrics_standard.json,results/models/multi-complete/gplfr/predictions.npz,results/models/multi-complete/gplfr/config.json
multi-complete,standard,gplfr,0,rmse,asr,22.14569854736328,results/models/multi-complete/gplfr/metrics_standard.json,results/models/multi-complete/gplfr/predictions.npz,results/models/multi-complete/gplfr/config.json
multi-complete,standard,gplfr,0,rmse,olr,15.449631690979004,results/models/multi-complete/gplfr/metrics_standard.json,results/models/multi-complete/gplfr/predictions.npz,results/models/multi-complete/gplfr/config.json
multi-complete,standard,gplfr,0,acc,surface_temperature,0.9722144603729248,results/models/multi-complete/gplfr/metrics_standard.json,results/models/multi-complete/gplfr/predictions.npz,results/models/multi-complete/gplfr/config.json
multi-complete,standard,gplfr,0,acc,temperature,0.7011972996923659,results/models/multi-complete/gplfr/metrics_standard.json,results/models/multi-complete/gplfr/predictions.npz,results/models/multi-complete/gplfr/config.json
multi-complete,standard,gplfr,0,acc,specific_humidity_dex,0.8498134613037109,results/models/multi-complete/gplfr/metrics_standard.json,results/models/multi-complete/gplfr/predictions.npz,results/models/multi-complete/gplfr/config.json
multi-complete,standard,gplfr,0,acc,cloud_fraction,0.7556723157564799,results/models/multi-complete/gplfr/metrics_standard.json,results/models/multi-complete/gplfr/predictions.npz,results/models/multi-complete/gplfr/config.json
multi-complete,standard,gplfr,0,acc,u,0.7420301106241014,results/models/multi-complete/gplfr/metrics_standard.json,results/models/multi-complete/gplfr/predictions.npz,results/models/multi-complete/gplfr/config.json
multi-complete,standard,gplfr,0,acc,v,0.7044226394759284,results/models/multi-complete/gplfr/metrics_standard.json,results/models/multi-complete/gplfr/predictions.npz,results/models/multi-complete/gplfr/config.json
multi-complete,standard,gplfr,0,acc,asr,0.996769905090332,results/models/multi-complete/gplfr/metrics_standard.json,results/models/multi-complete/gplfr/predictions.npz,results/models/multi-complete/gplfr/config.json
multi-complete,standard,gplfr,0,acc,olr,0.8947253823280334,results/models/multi-complete/gplfr/metrics_standard.json,results/models/multi-complete/gplfr/predictions.npz,results/models/multi-complete/gplfr/config.json
multi-complete,standard,gplfr,0,ramse,surface_temperature,9.935306549072266,results/models/multi-complete/gplfr/metrics_standard.json,results/models/multi-complete/gplfr/predictions.npz,results/models/multi-complete/gplfr/config.json
multi-complete,standard,gplfr,0,ramse,temperature,8.437315199110243,results/models/multi-complete/gplfr/metrics_standard.json,results/models/multi-complete/gplfr/predictions.npz,results/models/multi-complete/gplfr/config.json
multi-complete,standard,gplfr,0,ramse,specific_humidity_dex,0.4213634464475844,results/models/multi-complete/gplfr/metrics_standard.json,results/models/multi-complete/gplfr/predictions.npz,results/models/multi-complete/gplfr/config.json
multi-complete,standard,gplfr,0,ramse,cloud_fraction,0.09416667289204067,results/models/multi-complete/gplfr/metrics_standard.json,results/models/multi-complete/gplfr/predictions.npz,results/models/multi-complete/gplfr/config.json
multi-complete,standard,gplfr,0,ramse,u,9.738373385535347,results/models/multi-complete/gplfr/metrics_standard.json,results/models/multi-complete/gplfr/predictions.npz,results/models/multi-complete/gplfr/config.json
multi-complete,standard,gplfr,0,ramse,v,4.830436838997735,results/models/multi-complete/gplfr/metrics_standard.json,results/models/multi-complete/gplfr/predictions.npz,results/models/multi-complete/gplfr/config.json
multi-complete,standard,gplfr,0,ramse,asr,23.53392791748047,results/models/multi-complete/gplfr/metrics_standard.json,results/models/multi-complete/gplfr/predictions.npz,results/models/multi-complete/gplfr/config.json
multi-complete,standard,gplfr,0,ramse,olr,16.53032684326172,results/models/multi-complete/gplfr/metrics_standard.json,results/models/multi-complete/gplfr/predictions.npz,results/models/multi-complete/gplfr/config.json
multi-complete,standard,gplfr,0,energy_score,surface_temperature,7.980602741241455,results/models/multi-complete/gplfr/metrics_standard.json,results/models/multi-complete/gplfr/predictions.npz,results/models/multi-complete/gplfr/config.json
multi-complete,standard,gplfr,0,energy_score,temperature,6.647984875573052,results/models/multi-complete/gplfr/metrics_standard.json,results/models/multi-complete/gplfr/predictions.npz,results/models/multi-complete/gplfr/config.json
multi-complete,standard,gplfr,0,energy_score,specific_humidity_dex,0.3383440441555447,results/models/multi-complete/gplfr/metrics_standard.json,results/models/multi-complete/gplfr/predictions.npz,results/models/multi-complete/gplfr/config.json
multi-complete,standard,gplfr,0,energy_score,cloud_fraction,0.06227227755718761,results/models/multi-complete/gplfr/metrics_standard.json,results/models/multi-complete/gplfr/predictions.npz,results/models/multi-complete/gplfr/config.json
multi-complete,standard,gplfr,0,energy_score,u,6.343578788969252,results/models/multi-complete/gplfr/metrics_standard.json,results/models/multi-complete/gplfr/predictions.npz,results/models/multi-complete/gplfr/config.json
multi-complete,standard,gplfr,0,energy_score,v,3.1073116858800254,results/models/multi-complete/gplfr/metrics_standard.json,results/models/multi-complete/gplfr/predictions.npz,results/models/multi-complete/gplfr/config.json
multi-complete,standard,gplfr,0,energy_score,asr,18.31644058227539,results/models/multi-complete/gplfr/metrics_standard.json,results/models/multi-complete/gplfr/predictions.npz,results/models/multi-complete/gplfr/config.json
multi-complete,standard,gplfr,0,energy_score,olr,12.20738410949707,results/models/multi-complete/gplfr/metrics_standard.json,results/models/multi-complete/gplfr/predictions.npz,results/models/multi-complete/gplfr/config.json
multi-complete,standard,gplfr,0,spread_skill_ratio,surface_temperature,1.0942453145980835,results/models/multi-complete/gplfr/metrics_standard.json,results/models/multi-complete/gplfr/predictions.npz,results/models/multi-complete/gplfr/config.json
multi-complete,standard,gplfr,0,spread_skill_ratio,temperature,0.9891227748658922,results/models/multi-complete/gplfr/metrics_standard.json,results/models/multi-complete/gplfr/predictions.npz,results/models/multi-complete/gplfr/config.json
multi-complete,standard,gplfr,0,spread_skill_ratio,specific_humidity_dex,1.2013487418492634,results/models/multi-complete/gplfr/metrics_standard.json,results/models/multi-complete/gplfr/predictions.npz,results/models/multi-complete/gplfr/config.json
multi-complete,standard,gplfr,0,spread_skill_ratio,cloud_fraction,1.1725735929277208,results/models/multi-complete/gplfr/metrics_standard.json,results/models/multi-complete/gplfr/predictions.npz,results/models/multi-complete/gplfr/config.json
multi-complete,standard,gplfr,0,spread_skill_ratio,u,0.672693649927775,results/models/multi-complete/gplfr/metrics_standard.json,results/models/multi-complete/gplfr/predictions.npz,results/models/multi-complete/gplfr/config.json
multi-complete,standard,gplfr,0,spread_skill_ratio,v,0.8283009462886386,results/models/multi-complete/gplfr/metrics_standard.json,results/models/multi-complete/gplfr/predictions.npz,results/models/multi-complete/gplfr/config.json
multi-complete,standard,gplfr,0,spread_skill_ratio,asr,1.0666159391403198,results/models/multi-complete/gplfr/metrics_standard.json,results/models/multi-complete/gplfr/predictions.npz,results/models/multi-complete/gplfr/config.json
multi-complete,standard,gplfr,0,spread_skill_ratio,olr,1.121254324913025,results/models/multi-complete/gplfr/metrics_standard.json,results/models/multi-complete/gplfr/predictions.npz,results/models/multi-complete/gplfr/config.json
multi-complete,shared_planets,gplfr,0,relative_rmse,surface_temperature,0.7875787615776062,results/models/multi-complete/gplfr/metrics_shared_planets.json,results/models/multi-complete/gplfr/predictions_shared_planets.npz,results/models/multi-complete/gplfr/config.json
multi-complete,shared_planets,gplfr,0,relative_rmse,temperature,0.6961178779602051,results/models/multi-complete/gplfr/metrics_shared_planets.json,results/models/multi-complete/gplfr/predictions_shared_planets.npz,results/models/multi-complete/gplfr/config.json
multi-complete,shared_planets,gplfr,0,relative_rmse,specific_humidity_dex,0.6978994011878967,results/models/multi-complete/gplfr/metrics_shared_planets.json,results/models/multi-complete/gplfr/predictions_shared_planets.npz,results/models/multi-complete/gplfr/config.json
multi-complete,shared_planets,gplfr,0,relative_rmse,cloud_fraction,0.5667399168014526,results/models/multi-complete/gplfr/metrics_shared_planets.json,results/models/multi-complete/gplfr/predictions_shared_planets.npz,results/models/multi-complete/gplfr/config.json
multi-complete,shared_planets,gplfr,0,relative_rmse,u,0.783589780330658,results/models/multi-complete/gplfr/metrics_shared_planets.json,results/models/multi-complete/gplfr/predictions_shared_planets.npz,results/models/multi-complete/gplfr/config.json
multi-complete,shared_planets,gplfr,0,relative_rmse,v,0.7696391344070435,results/models/multi-complete/gplfr/metrics_shared_planets.json,results/models/multi-complete/gplfr/predictions_shared_planets.npz,results/models/multi-complete/gplfr/config.json
multi-complete,shared_planets,gplfr,0,relative_rmse,asr,0.6000022292137146,results/models/multi-complete/gplfr/metrics_shared_planets.json,results/models/multi-complete/gplfr/predictions_shared_planets.npz,results/models/multi-complete/gplfr/config.json
multi-complete,shared_planets,gplfr,0,relative_rmse,olr,0.6380904912948608,results/models/multi-complete/gplfr/metrics_shared_planets.json,results/models/multi-complete/gplfr/predictions_shared_planets.npz,results/models/multi-complete/gplfr/config.json
multi-complete,shared_planets,gplfr,0,relative_acc,surface_temperature,1.0495890378952026,results/models/multi-complete/gplfr/metrics_shared_planets.json,results/models/multi-complete/gplfr/predictions_shared_planets.npz,results/models/multi-complete/gplfr/config.json
multi-complete,shared_planets,gplfr,0,relative_acc,temperature,1.6630651950836182,results/models/multi-complete/gplfr/metrics_shared_planets.json,results/models/multi-complete/gplfr/predictions_shared_planets.npz,results/models/multi-complete/gplfr/config.json
multi-complete,shared_planets,gplfr,0,relative_acc,specific_humidity_dex,1.2819619178771973,results/models/multi-complete/gplfr/metrics_shared_planets.json,results/models/multi-complete/gplfr/predictions_shared_planets.npz,results/models/multi-complete/gplfr/config.json
multi-complete,shared_planets,gplfr,0,relative_acc,cloud_fraction,1.4229494333267212,results/models/multi-complete/gplfr/metrics_shared_planets.json,results/models/multi-complete/gplfr/predictions_shared_planets.npz,results/models/multi-complete/gplfr/config.json
multi-complete,shared_planets,gplfr,0,relative_acc,u,4.586854934692383,results/models/multi-complete/gplfr/metrics_shared_planets.json,results/models/multi-complete/gplfr/predictions_shared_planets.npz,results/models/multi-complete/gplfr/config.json
multi-complete,shared_planets,gplfr,0,relative_acc,v,1.3425354957580566,results/models/multi-complete/gplfr/metrics_shared_planets.json,results/models/multi-complete/gplfr/predictions_shared_planets.npz,results/models/multi-complete/gplfr/config.json
multi-complete,shared_planets,gplfr,0,relative_acc,asr,1.0052367448806763,results/models/multi-complete/gplfr/metrics_shared_planets.json,results/models/multi-complete/gplfr/predictions_shared_planets.npz,results/models/multi-complete/gplfr/config.json
multi-complete,shared_planets,gplfr,0,relative_acc,olr,1.175355076789856,results/models/multi-complete/gplfr/metrics_shared_planets.json,results/models/multi-complete/gplfr/predictions_shared_planets.npz,results/models/multi-complete/gplfr/config.json
multi-complete,shared_planets,gplfr,0,relative_energy_score,surface_temperature,0.6672393083572388,results/models/multi-complete/gplfr/metrics_shared_planets.json,results/models/multi-complete/gplfr/predictions_shared_planets.npz,results/models/multi-complete/gplfr/config.json
multi-complete,shared_planets,gplfr,0,relative_energy_score,temperature,0.5801669359207153,results/models/multi-complete/gplfr/metrics_shared_planets.json,results/models/multi-complete/gplfr/predictions_shared_planets.npz,results/models/multi-complete/gplfr/config.json
multi-complete,shared_planets,gplfr,0,relative_energy_score,specific_humidity_dex,0.5867024064064026,results/models/multi-complete/gplfr/metrics_shared_planets.json,results/models/multi-complete/gplfr/predictions_shared_planets.npz,results/models/multi-complete/gplfr/config.json
multi-complete,shared_planets,gplfr,0,relative_energy_score,cloud_fraction,0.4320218861103058,results/models/multi-complete/gplfr/metrics_shared_planets.json,results/models/multi-complete/gplfr/predictions_shared_planets.npz,results/models/multi-complete/gplfr/config.json
multi-complete,shared_planets,gplfr,0,relative_energy_score,u,0.6007698774337769,results/models/multi-complete/gplfr/metrics_shared_planets.json,results/models/multi-complete/gplfr/predictions_shared_planets.npz,results/models/multi-complete/gplfr/config.json
multi-complete,shared_planets,gplfr,0,relative_energy_score,v,0.595770537853241,results/models/multi-complete/gplfr/metrics_shared_planets.json,results/models/multi-complete/gplfr/predictions_shared_planets.npz,results/models/multi-complete/gplfr/config.json
multi-complete,shared_planets,gplfr,0,relative_energy_score,asr,0.48388510942459106,results/models/multi-complete/gplfr/metrics_shared_planets.json,results/models/multi-complete/gplfr/predictions_shared_planets.npz,results/models/multi-complete/gplfr/config.json
multi-complete,shared_planets,gplfr,0,relative_energy_score,olr,0.505771815776825,results/models/multi-complete/gplfr/metrics_shared_planets.json,results/models/multi-complete/gplfr/predictions_shared_planets.npz,results/models/multi-complete/gplfr/config.json
multi-complete,standard,gplfr,1,rmse,surface_temperature,9.922606468200684,,,
multi-complete,standard,gplfr,1,rmse,temperature,8.20875957277086,,,
multi-complete,standard,gplfr,1,rmse,specific_humidity_dex,0.407389051384396,,,
multi-complete,standard,gplfr,1,rmse,cloud_fraction,0.08146594713131587,,,
multi-complete,standard,gplfr,1,rmse,u,8.340911918216282,,,
multi-complete,standard,gplfr,1,rmse,v,4.09652394718594,,,
multi-complete,standard,gplfr,1,rmse,asr,22.316791534423828,,,
multi-complete,standard,gplfr,1,rmse,olr,15.655269622802734,,,
multi-complete,standard,gplfr,1,acc,surface_temperature,0.9725567102432251,,,
multi-complete,standard,gplfr,1,acc,temperature,0.6926494836807251,,,
multi-complete,standard,gplfr,1,acc,specific_humidity_dex,0.8447340991761949,,,
multi-complete,standard,gplfr,1,acc,cloud_fraction,0.7573878897560967,,,
multi-complete,standard,gplfr,1,acc,u,0.7403281198607551,,,
multi-complete,standard,gplfr,1,acc,v,0.70217365026474,,,
multi-complete,standard,gplfr,1,acc,asr,0.9967811107635498,,,
multi-complete,standard,gplfr,1,acc,olr,0.8911023139953613,,,
multi-complete,standard,gplfr,1,ramse,surface_temperature,10.129573822021484,,,
multi-complete,standard,gplfr,1,ramse,temperature,8.507805877261692,,,
multi-complete,standard,gplfr,1,ramse,specific_humidity_dex,0.42625470293892753,,,
multi-complete,standard,gplfr,1,ramse,cloud_fraction,0.09372652818759282,,,
multi-complete,standard,gplfr,1,ramse,u,9.972221189075047,,,
multi-complete,standard,gplfr,1,ramse,v,4.89532995223999,,,
multi-complete,standard,gplfr,1,ramse,asr,23.738656997680664,,,
multi-complete,standard,gplfr,1,ramse,olr,16.786365509033203,,,
multi-complete,standard,gplfr,1,energy_score,surface_temperature,8.15539836883545,,,
multi-complete,standard,gplfr,1,energy_score,temperature,6.745770984225803,,,
multi-complete,standard,gplfr,1,energy_score,specific_humidity_dex,0.34457821316189235,,,
multi-complete,standard,gplfr,1,energy_score,cloud_fraction,0.06170533183548185,,,
multi-complete,standard,gplfr,1,energy_score,u,6.4325941403706866,,,
multi-complete,standard,gplfr,1,energy_score,v,3.1526423030429416,,,
multi-complete,standard,gplfr,1,energy_score,asr,18.36824607849121,,,
multi-complete,standard,gplfr,1,energy_score,olr,12.38050651550293,,,
multi-complete,standard,gplfr,1,spread_skill_ratio,surface_temperature,1.1201714277267456,,,
multi-complete,standard,gplfr,1,spread_skill_ratio,temperature,0.9871039191881815,,,
multi-complete,standard,gplfr,1,spread_skill_ratio,specific_humidity_dex,1.199535025490655,,,
multi-complete,standard,gplfr,1,spread_skill_ratio,cloud_fraction,1.2110936244328816,,,
multi-complete,standard,gplfr,1,spread_skill_ratio,u,0.6805940469106039,,,
multi-complete,standard,gplfr,1,spread_skill_ratio,v,0.8309912350442674,,,
multi-complete,standard,gplfr,1,spread_skill_ratio,asr,1.1288537979125977,,,
multi-complete,standard,gplfr,1,spread_skill_ratio,olr,1.153289556503296,,,
multi-complete,shared_planets,gplfr,1,relative_rmse,surface_temperature,0.8080975413322449,,,
multi-complete,shared_planets,gplfr,1,relative_rmse,temperature,0.6910355091094971,,,
multi-complete,shared_planets,gplfr,1,relative_rmse,specific_humidity_dex,0.6985030770301819,,,
multi-complete,shared_planets,gplfr,1,relative_rmse,cloud_fraction,0.5646952390670776,,,
multi-complete,shared_planets,gplfr,1,relative_rmse,u,0.8111726641654968,,,
multi-complete,shared_planets,gplfr,1,relative_rmse,v,0.7904688715934753,,,
multi-complete,shared_planets,gplfr,1,relative_rmse,asr,0.6045782566070557,,,
multi-complete,shared_planets,gplfr,1,relative_rmse,olr,0.6490802764892578,,,
multi-complete,shared_planets,gplfr,1,relative_acc,surface_temperature,1.0499306917190552,,,
multi-complete,shared_planets,gplfr,1,relative_acc,temperature,1.6278449296951294,,,
multi-complete,shared_planets,gplfr,1,relative_acc,specific_humidity_dex,1.2633308172225952,,,
multi-complete,shared_planets,gplfr,1,relative_acc,cloud_fraction,1.4315487146377563,,,
multi-complete,shared_planets,gplfr,1,relative_acc,u,4.468286514282227,,,
multi-complete,shared_planets,gplfr,1,relative_acc,v,1.336778163909912,,,
multi-complete,shared_planets,gplfr,1,relative_acc,asr,1.0052688121795654,,,
multi-complete,shared_planets,gplfr,1,relative_acc,olr,1.1722456216812134,,,
multi-complete,shared_planets,gplfr,1,relative_energy_score,surface_temperature,0.690208911895752,,,
multi-complete,shared_planets,gplfr,1,relative_energy_score,temperature,0.5857847929000854,,,
multi-complete,shared_planets,gplfr,1,relative_energy_score,specific_humidity_dex,0.5957695841789246,,,
multi-complete,shared_planets,gplfr,1,relative_energy_score,cloud_fraction,0.4245870113372803,,,
multi-complete,shared_planets,gplfr,1,relative_energy_score,u,0.6187654733657837,,,
multi-complete,shared_planets,gplfr,1,relative_energy_score,v,0.611213743686676,,,
multi-complete,shared_planets,gplfr,1,relative_energy_score,asr,0.49137237668037415,,,
multi-complete,shared_planets,gplfr,1,relative_energy_score,olr,0.5179842710494995,,,
multi-complete,standard,gplfr,2,rmse,surface_temperature,9.784348487854004,,,
multi-complete,standard,gplfr,2,rmse,temperature,8.159074465433756,,,
multi-complete,standard,gplfr,2,rmse,specific_humidity_dex,0.40416162543826634,,,
multi-complete,standard,gplfr,2,rmse,cloud_fraction,0.08195212442013952,,,
multi-complete,standard,gplfr,2,rmse,u,8.24232890870836,,,
multi-complete,standard,gplfr,2,rmse,v,4.09137389394972,,,
multi-complete,standard,gplfr,2,rmse,asr,22.17966079711914,,,
multi-complete,standard,gplfr,2,rmse,olr,15.542970657348633,,,
multi-complete,standard,gplfr,2,acc,surface_temperature,0.9717944860458374,,,
multi-complete,standard,gplfr,2,acc,temperature,0.7002641922897763,,,
multi-complete,standard,gplfr,2,acc,specific_humidity_dex,0.8488499124844869,,,
multi-complete,standard,gplfr,2,acc,cloud_fraction,0.7544956935776604,,,
multi-complete,standard,gplfr,2,acc,u,0.7391741805606418,,,
multi-complete,standard,gplfr,2,acc,v,0.701198097732332,,,
multi-complete,standard,gplfr,2,acc,asr,0.996737539768219,,,
multi-complete,standard,gplfr,2,acc,olr,0.8933321833610535,,,
multi-complete,standard,gplfr,2,ramse,surface_temperature,9.99484920501709,,,
multi-complete,standard,gplfr,2,ramse,temperature,8.452235804663765,,,
multi-complete,standard,gplfr,2,ramse,specific_humidity_dex,0.42243621746699017,,,
multi-complete,standard,gplfr,2,ramse,cloud_fraction,0.09443151164386007,,,
multi-complete,standard,gplfr,2,ramse,u,9.823036458757189,,,
multi-complete,standard,gplfr,2,ramse,v,4.8828882111443415,,,
multi-complete,standard,gplfr,2,ramse,asr,23.60108184814453,,,
multi-complete,standard,gplfr,2,ramse,olr,16.645999908447266,,,
multi-complete,standard,gplfr,2,energy_score,surface_temperature,8.009319305419922,,,
multi-complete,standard,gplfr,2,energy_score,temperature,6.67178037431505,,,
multi-complete,standard,gplfr,2,energy_score,specific_humidity_dex,0.3405163238445918,,,
multi-complete,standard,gplfr,2,energy_score,cloud_fraction,0.06302381141318215,,,
multi-complete,standard,gplfr,2,energy_score,u,6.345344411002265,,,
multi-complete,standard,gplfr,2,energy_score,v,3.117828369140625,,,
multi-complete,standard,gplfr,2,energy_score,asr,18.46049690246582,,,
multi-complete,standard,gplfr,2,energy_score,olr,12.335363388061523,,,
multi-complete,standard,gplfr,2,spread_skill_ratio,surface_temperature,1.1303280591964722,,,
multi-complete,standard,gplfr,2,spread_skill_ratio,temperature,0.993596249156528,,,
multi-complete,standard,gplfr,2,spread_skill_ratio,specific_humidity_dex,1.2282737493515015,,,
multi-complete,standard,gplfr,2,spread_skill_ratio,cloud_fraction,1.2072090572781033,,,
multi-complete,standard,gplfr,2,spread_skill_ratio,u,0.6884472237692939,,,
multi-complete,standard,gplfr,2,spread_skill_ratio,v,0.8463150991333855,,,
multi-complete,standard,gplfr,2,spread_skill_ratio,asr,1.1145658493041992,,,
multi-complete,standard,gplfr,2,spread_skill_ratio,olr,1.14531409740448,,,
multi-complete,shared_planets,gplfr,2,relative_rmse,surface_temperature,0.7916538715362549,,,
multi-complete,shared_planets,gplfr,2,relative_rmse,temperature,0.689843475818634,,,
multi-complete,shared_planets,gplfr,2,relative_rmse,specific_humidity_dex,0.6973530054092407,,,
multi-complete,shared_planets,gplfr,2,relative_rmse,cloud_fraction,0.5674980282783508,,,
multi-complete,shared_planets,gplfr,2,relative_rmse,u,0.7909323573112488,,,
multi-complete,shared_planets,gplfr,2,relative_rmse,v,0.7822985053062439,,,
multi-complete,shared_planets,gplfr,2,relative_rmse,asr,0.6009804010391235,,,
multi-complete,shared_planets,gplfr,2,relative_rmse,olr,0.6400038003921509,,,
multi-complete,shared_planets,gplfr,2,relative_acc,surface_temperature,1.0488864183425903,,,
multi-complete,shared_planets,gplfr,2,relative_acc,temperature,1.664649248123169,,,
multi-complete,shared_planets,gplfr,2,relative_acc,specific_humidity_dex,1.2763863801956177,,,
multi-complete,shared_planets,gplfr,2,relative_acc,cloud_fraction,1.4223895072937012,,,
multi-complete,shared_planets,gplfr,2,relative_acc,u,4.518075942993164,,,
multi-complete,shared_planets,gplfr,2,relative_acc,v,1.3310893774032593,,,
multi-complete,shared_planets,gplfr,2,relative_acc,asr,1.005198359489441,,,
multi-complete,shared_planets,gplfr,2,relative_acc,olr,1.174885630607605,,,
multi-complete,shared_planets,gplfr,2,relative_energy_score,surface_temperature,0.6757259964942932,,,
multi-complete,shared_planets,gplfr,2,relative_energy_score,temperature,0.5752859711647034,,,
multi-complete,shared_planets,gplfr,2,relative_energy_score,specific_humidity_dex,0.5918260812759399,,,
multi-complete,shared_planets,gplfr,2,relative_energy_score,cloud_fraction,0.43639251589775085,,,
multi-complete,shared_planets,gplfr,2,relative_energy_score,u,0.603622317314148,,,
multi-complete,shared_planets,gplfr,2,relative_energy_score,v,0.6007694602012634,,,
multi-complete,shared_planets,gplfr,2,relative_energy_score,asr,0.49066418409347534,,,
multi-complete,shared_planets,gplfr,2,relative_energy_score,olr,0.5129302144050598,,,
multi-complete,standard,gplfr,3,rmse,surface_temperature,9.7564058303833,,,
multi-complete,standard,gplfr,3,rmse,temperature,8.114708688524034,,,
multi-complete,standard,gplfr,3,rmse,specific_humidity_dex,0.40137626727422077,,,
multi-complete,standard,gplfr,3,rmse,cloud_fraction,0.0813136456741227,,,
multi-complete,standard,gplfr,3,rmse,u,8.178677850299412,,,
multi-complete,standard,gplfr,3,rmse,v,4.03223631117079,,,
multi-complete,standard,gplfr,3,rmse,asr,21.965662002563477,,,
multi-complete,standard,gplfr,3,rmse,olr,15.490784645080566,,,
multi-complete,standard,gplfr,3,acc,surface_temperature,0.9724586606025696,,,
multi-complete,standard,gplfr,3,acc,temperature,0.7037476963467069,,,
multi-complete,standard,gplfr,3,acc,specific_humidity_dex,0.851025296582116,,,
multi-complete,standard,gplfr,3,acc,cloud_fraction,0.757292906443278,,,
multi-complete,standard,gplfr,3,acc,u,0.7459798720147874,,,
multi-complete,standard,gplfr,3,acc,v,0.7054848008685641,,,
multi-complete,standard,gplfr,3,acc,asr,0.9968018531799316,,,
multi-complete,standard,gplfr,3,acc,olr,0.8925092220306396,,,
multi-complete,standard,gplfr,3,ramse,surface_temperature,9.958789825439453,,,
multi-complete,standard,gplfr,3,ramse,temperature,8.4052029715644,,,
multi-complete,standard,gplfr,3,ramse,specific_humidity_dex,0.41935128304693436,,,
multi-complete,standard,gplfr,3,ramse,cloud_fraction,0.09374918540318807,,,
multi-complete,standard,gplfr,3,ramse,u,9.736368232303196,,,
multi-complete,standard,gplfr,3,ramse,v,4.819297499126858,,,
multi-complete,standard,gplfr,3,ramse,asr,23.328222274780273,,,
multi-complete,standard,gplfr,3,ramse,olr,16.593246459960938,,,
multi-complete,standard,gplfr,3,energy_score,surface_temperature,7.990368366241455,,,
multi-complete,standard,gplfr,3,energy_score,temperature,6.636725319756402,,,
multi-complete,standard,gplfr,3,energy_score,specific_humidity_dex,0.33935789598359,,,
multi-complete,standard,gplfr,3,energy_score,cloud_fraction,0.062100835144519806,,,
multi-complete,standard,gplfr,3,energy_score,u,6.3145309289296465,,,
multi-complete,standard,gplfr,3,energy_score,v,3.091939833429125,,,
multi-complete,standard,gplfr,3,energy_score,asr,18.21160125732422,,,
multi-complete,standard,gplfr,3,energy_score,olr,12.256781578063965,,,
multi-complete,standard,gplfr,3,spread_skill_ratio,surface_temperature,1.118855357170105,,,
multi-complete,standard,gplfr,3,spread_skill_ratio,temperature,0.9967193073696561,,,
multi-complete,standard,gplfr,3,spread_skill_ratio,specific_humidity_dex,1.22165052096049,,,
multi-complete,standard,gplfr,3,spread_skill_ratio,cloud_fraction,1.1960004435645208,,,
multi-complete,standard,gplfr,3,spread_skill_ratio,u,0.681657784514957,,,
multi-complete,standard,gplfr,3,spread_skill_ratio,v,0.836525539557139,,,
multi-complete,standard,gplfr,3,spread_skill_ratio,asr,1.096937656402588,,,
multi-complete,standard,gplfr,3,spread_skill_ratio,olr,1.1209131479263306,,,
multi-complete,shared_planets,gplfr,3,relative_rmse,surface_temperature,0.7715896964073181,,,
multi-complete,shared_planets,gplfr,3,relative_rmse,temperature,0.6773754954338074,,,
multi-complete,shared_planets,gplfr,3,relative_rmse,specific_humidity_dex,0.685932457447052,,,
multi-complete,shared_planets,gplfr,3,relative_rmse,cloud_fraction,0.5637953281402588,,,
multi-complete,shared_planets,gplfr,3,relative_rmse,u,0.7819969654083252,,,
multi-complete,shared_planets,gplfr,3,relative_rmse,v,0.7694422602653503,,,
multi-complete,shared_planets,gplfr,3,relative_rmse,asr,0.5934774875640869,,,
multi-complete,shared_planets,gplfr,3,relative_rmse,olr,0.6334452033042908,,,
multi-complete,shared_planets,gplfr,3,relative_acc,surface_temperature,1.0489979982376099,,,
multi-complete,shared_planets,gplfr,3,relative_acc,temperature,1.6650640964508057,,,
multi-complete,shared_planets,gplfr,3,relative_acc,specific_humidity_dex,1.277375340461731,,,
multi-complete,shared_planets,gplfr,3,relative_acc,cloud_fraction,1.4238193035125732,,,
multi-complete,shared_planets,gplfr,3,relative_acc,u,4.5244855880737305,,,
multi-complete,shared_planets,gplfr,3,relative_acc,v,1.345360279083252,,,
multi-complete,shared_planets,gplfr,3,relative_acc,asr,1.0052732229232788,,,
multi-complete,shared_planets,gplfr,3,relative_acc,olr,1.1739976406097412,,,
multi-complete,shared_planets,gplfr,3,relative_energy_score,surface_temperature,0.6635470390319824,,,
multi-complete,shared_planets,gplfr,3,relative_energy_score,temperature,0.5728998780250549,,,
multi-complete,shared_planets,gplfr,3,relative_energy_score,specific_humidity_dex,0.5861051678657532,,,
multi-complete,shared_planets,gplfr,3,relative_energy_score,cloud_fraction,0.42924782633781433,,,
multi-complete,shared_planets,gplfr,3,relative_energy_score,u,0.5969812870025635,,,
multi-complete,shared_planets,gplfr,3,relative_energy_score,v,0.5959745049476624,,,
multi-complete,shared_planets,gplfr,3,relative_energy_score,asr,0.48228803277015686,,,
multi-complete,shared_planets,gplfr,3,relative_energy_score,olr,0.5075164437294006,,,
multi-complete,standard,gplfr,4,rmse,surface_temperature,9.743576049804688,,,
multi-complete,standard,gplfr,4,rmse,temperature,8.09095123079088,,,
multi-complete,standard,gplfr,4,rmse,specific_humidity_dex,0.4025355776151021,,,
multi-complete,standard,gplfr,4,rmse,cloud_fraction,0.081454589135117,,,
multi-complete,standard,gplfr,4,rmse,u,8.232799688975016,,,
multi-complete,standard,gplfr,4,rmse,v,4.080736292733087,,,
multi-complete,standard,gplfr,4,rmse,asr,22.09668731689453,,,
multi-complete,standard,gplfr,4,rmse,olr,15.545249938964844,,,
multi-complete,standard,gplfr,4,acc,surface_temperature,0.972597599029541,,,
multi-complete,standard,gplfr,4,acc,temperature,0.7035078207651774,,,
multi-complete,standard,gplfr,4,acc,specific_humidity_dex,0.8461464113659329,,,
multi-complete,standard,gplfr,4,acc,cloud_fraction,0.7563779354095459,,,
multi-complete,standard,gplfr,4,acc,u,0.7424586812655131,,,
multi-complete,standard,gplfr,4,acc,v,0.7018452684084574,,,
multi-complete,standard,gplfr,4,acc,asr,0.9967625141143799,,,
multi-complete,standard,gplfr,4,acc,olr,0.8923589587211609,,,
multi-complete,standard,gplfr,4,ramse,surface_temperature,9.948287963867188,,,
multi-complete,standard,gplfr,4,ramse,temperature,8.38623899883694,,,
multi-complete,standard,gplfr,4,ramse,specific_humidity_dex,0.42080731524361503,,,
multi-complete,standard,gplfr,4,ramse,cloud_fraction,0.0939171810944875,,,
multi-complete,standard,gplfr,4,ramse,u,9.766612450281778,,,
multi-complete,standard,gplfr,4,ramse,v,4.877673440509373,,,
multi-complete,standard,gplfr,4,ramse,asr,23.507408142089844,,,
multi-complete,standard,gplfr,4,ramse,olr,16.658763885498047,,,
multi-complete,standard,gplfr,4,energy_score,surface_temperature,8.01352310180664,,,
multi-complete,standard,gplfr,4,energy_score,temperature,6.651983949873182,,,
multi-complete,standard,gplfr,4,energy_score,specific_humidity_dex,0.34171313875251347,,,
multi-complete,standard,gplfr,4,energy_score,cloud_fraction,0.06220555222696728,,,
multi-complete,standard,gplfr,4,energy_score,u,6.359283261828953,,,
multi-complete,standard,gplfr,4,energy_score,v,3.1321491797765098,,,
multi-complete,standard,gplfr,4,energy_score,asr,18.37782859802246,,,
multi-complete,standard,gplfr,4,energy_score,olr,12.325311660766602,,,
multi-complete,standard,gplfr,4,spread_skill_ratio,surface_temperature,1.1021915674209595,,,
multi-complete,standard,gplfr,4,spread_skill_ratio,temperature,1.0111123190985785,,,
multi-complete,standard,gplfr,4,spread_skill_ratio,specific_humidity_dex,1.2200814088185628,,,
multi-complete,standard,gplfr,4,spread_skill_ratio,cloud_fraction,1.2056933376524184,,,
multi-complete,standard,gplfr,4,spread_skill_ratio,u,0.687589512930976,,,
multi-complete,standard,gplfr,4,spread_skill_ratio,v,0.8430092864566379,,,
multi-complete,standard,gplfr,4,spread_skill_ratio,asr,1.1130977869033813,,,
multi-complete,standard,gplfr,4,spread_skill_ratio,olr,1.1529074907302856,,,
multi-complete,shared_planets,gplfr,4,relative_rmse,surface_temperature,0.7824228405952454,,,
multi-complete,shared_planets,gplfr,4,relative_rmse,temperature,0.682218074798584,,,
multi-complete,shared_planets,gplfr,4,relative_rmse,specific_humidity_dex,0.6901590824127197,,,
multi-complete,shared_planets,gplfr,4,relative_rmse,cloud_fraction,0.5655776262283325,,,
multi-complete,shared_planets,gplfr,4,relative_rmse,u,0.7918878793716431,,,
multi-complete,shared_planets,gplfr,4,relative_rmse,v,0.7840045690536499,,,
multi-complete,shared_planets,gplfr,4,relative_rmse,asr,0.6006786823272705,,,
multi-complete,shared_planets,gplfr,4,relative_rmse,olr,0.6422433257102966,,,
multi-complete,shared_planets,gplfr,4,relative_acc,surface_temperature,1.050126075744629,,,
multi-complete,shared_planets,gplfr,4,relative_acc,temperature,1.6611499786376953,,,
multi-complete,shared_planets,gplfr,4,relative_acc,specific_humidity_dex,1.2700815200805664,,,
multi-complete,shared_planets,gplfr,4,relative_acc,cloud_fraction,1.4240764379501343,,,
multi-complete,shared_planets,gplfr,4,relative_acc,u,4.494311332702637,,,
multi-complete,shared_planets,gplfr,4,relative_acc,v,1.3404444456100464,,,
multi-complete,shared_planets,gplfr,4,relative_acc,asr,1.0052287578582764,,,
multi-complete,shared_planets,gplfr,4,relative_acc,olr,1.1726611852645874,,,
multi-complete,shared_planets,gplfr,4,relative_energy_score,surface_temperature,0.6667028665542603,,,
multi-complete,shared_planets,gplfr,4,relative_energy_score,temperature,0.5763934850692749,,,
multi-complete,shared_planets,gplfr,4,relative_energy_score,specific_humidity_dex,0.5969111323356628,,,
multi-complete,shared_planets,gplfr,4,relative_energy_score,cloud_fraction,0.42965975403785706,,,
multi-complete,shared_planets,gplfr,4,relative_energy_score,u,0.6071107387542725,,,
multi-complete,shared_planets,gplfr,4,relative_energy_score,v,0.6087210774421692,,,
multi-complete,shared_planets,gplfr,4,relative_energy_score,asr,0.4878475069999695,,,
multi-complete,shared_planets,gplfr,4,relative_energy_score,olr,0.510141134262085,,,
multi-complete,standard,knn,0,rmse,surface_temperature,19.577972412109375,results/models/multi-complete/knn/metrics_standard.json,results/models/multi-complete/knn/predictions.npz,results/models/multi-complete/knn/config.json
multi-complete,standard,knn,0,rmse,temperature,15.217071215311686,results/models/multi-complete/knn/metrics_standard.json,results/models/multi-complete/knn/predictions.npz,results/models/multi-complete/knn/config.json
multi-complete,standard,knn,0,rmse,specific_humidity_dex,0.765385799937778,results/models/multi-complete/knn/metrics_standard.json,results/models/multi-complete/knn/predictions.npz,results/models/multi-complete/knn/config.json
multi-complete,standard,knn,0,rmse,cloud_fraction,0.10743875842955378,results/models/multi-complete/knn/metrics_standard.json,results/models/multi-complete/knn/predictions.npz,results/models/multi-complete/knn/config.json
multi-complete,standard,knn,0,rmse,u,10.163873778449165,results/models/multi-complete/knn/metrics_standard.json,results/models/multi-complete/knn/predictions.npz,results/models/multi-complete/knn/config.json
multi-complete,standard,knn,0,rmse,v,4.900258488125271,results/models/multi-complete/knn/metrics_standard.json,results/models/multi-complete/knn/predictions.npz,results/models/multi-complete/knn/config.json
multi-complete,standard,knn,0,rmse,asr,31.460647583007812,results/models/multi-complete/knn/metrics_standard.json,results/models/multi-complete/knn/predictions.npz,results/models/multi-complete/knn/config.json
multi-complete,standard,knn,0,rmse,olr,23.77284812927246,results/models/multi-complete/knn/metrics_standard.json,results/models/multi-complete/knn/predictions.npz,results/models/multi-complete/knn/config.json
multi-complete,standard,knn,0,acc,surface_temperature,0.9654809832572937,results/models/multi-complete/knn/metrics_standard.json,results/models/multi-complete/knn/predictions.npz,results/models/multi-complete/knn/config.json
multi-complete,standard,knn,0,acc,temperature,0.6342694527573056,results/models/multi-complete/knn/metrics_standard.json,results/models/multi-complete/knn/predictions.npz,results/models/multi-complete/knn/config.json
multi-complete,standard,knn,0,acc,specific_humidity_dex,0.8136130902502272,results/models/multi-complete/knn/metrics_standard.json,results/models/multi-complete/knn/predictions.npz,results/models/multi-complete/knn/config.json
multi-complete,standard,knn,0,acc,cloud_fraction,0.6779088874657949,results/models/multi-complete/knn/metrics_standard.json,results/models/multi-complete/knn/predictions.npz,results/models/multi-complete/knn/config.json
multi-complete,standard,knn,0,acc,u,0.6570837994416555,results/models/multi-complete/knn/metrics_standard.json,results/models/multi-complete/knn/predictions.npz,results/models/multi-complete/knn/config.json
multi-complete,standard,knn,0,acc,v,0.646983289056354,results/models/multi-complete/knn/metrics_standard.json,results/models/multi-complete/knn/predictions.npz,results/models/multi-complete/knn/config.json
multi-complete,standard,knn,0,acc,asr,0.9949024319648743,results/models/multi-complete/knn/metrics_standard.json,results/models/multi-complete/knn/predictions.npz,results/models/multi-complete/knn/config.json
multi-complete,standard,knn,0,acc,olr,0.8208117485046387,results/models/multi-complete/knn/metrics_standard.json,results/models/multi-complete/knn/predictions.npz,results/models/multi-complete/knn/config.json
multi-complete,standard,knn,0,ramse,surface_temperature,19.871597290039062,results/models/multi-complete/knn/metrics_standard.json,results/models/multi-complete/knn/predictions.npz,results/models/multi-complete/knn/config.json
multi-complete,standard,knn,0,ramse,temperature,15.570583555433485,results/models/multi-complete/knn/metrics_standard.json,results/models/multi-complete/knn/predictions.npz,results/models/multi-complete/knn/config.json
multi-complete,standard,knn,0,ramse,specific_humidity_dex,0.7851608528031243,results/models/multi-complete/knn/metrics_standard.json,results/models/multi-complete/knn/predictions.npz,results/models/multi-complete/knn/config.json
multi-complete,standard,knn,0,ramse,cloud_fraction,0.1267471309337351,results/models/multi-complete/knn/metrics_standard.json,results/models/multi-complete/knn/predictions.npz,results/models/multi-complete/knn/config.json
multi-complete,standard,knn,0,ramse,u,12.372562726338705,results/models/multi-complete/knn/metrics_standard.json,results/models/multi-complete/knn/predictions.npz,results/models/multi-complete/knn/config.json
multi-complete,standard,knn,0,ramse,v,6.034983237584432,results/models/multi-complete/knn/metrics_standard.json,results/models/multi-complete/knn/predictions.npz,results/models/multi-complete/knn/config.json
multi-complete,standard,knn,0,ramse,asr,33.45427703857422,results/models/multi-complete/knn/metrics_standard.json,results/models/multi-complete/knn/predictions.npz,results/models/multi-complete/knn/config.json
multi-complete,standard,knn,0,ramse,olr,26.431556701660156,results/models/multi-complete/knn/metrics_standard.json,results/models/multi-complete/knn/predictions.npz,results/models/multi-complete/knn/config.json
multi-complete,shared_planets,knn,0,relative_rmse,surface_temperature,1.4447541236877441,results/models/multi-complete/knn/metrics_shared_planets.json,results/models/multi-complete/knn/predictions_shared_planets.npz,results/models/multi-complete/knn/config.json
multi-complete,shared_planets,knn,0,relative_rmse,temperature,1.317431926727295,results/models/multi-complete/knn/metrics_shared_planets.json,results/models/multi-complete/knn/predictions_shared_planets.npz,results/models/multi-complete/knn/config.json
multi-complete,shared_planets,knn,0,relative_rmse,specific_humidity_dex,1.2735644578933716,results/models/multi-complete/knn/metrics_shared_planets.json,results/models/multi-complete/knn/predictions_shared_planets.npz,results/models/multi-complete/knn/config.json
multi-complete,shared_planets,knn,0,relative_rmse,cloud_fraction,0.7476211190223694,results/models/multi-complete/knn/metrics_shared_planets.json,results/models/multi-complete/knn/predictions_shared_planets.npz,results/models/multi-complete/knn/config.json
multi-complete,shared_planets,knn,0,relative_rmse,u,0.9740294814109802,results/models/multi-complete/knn/metrics_shared_planets.json,results/models/multi-complete/knn/predictions_shared_planets.npz,results/models/multi-complete/knn/config.json
multi-complete,shared_planets,knn,0,relative_rmse,v,0.9296975135803223,results/models/multi-complete/knn/metrics_shared_planets.json,results/models/multi-complete/knn/predictions_shared_planets.npz,results/models/multi-complete/knn/config.json
multi-complete,shared_planets,knn,0,relative_rmse,asr,0.853394627571106,results/models/multi-complete/knn/metrics_shared_planets.json,results/models/multi-complete/knn/predictions_shared_planets.npz,results/models/multi-complete/knn/config.json
multi-complete,shared_planets,knn,0,relative_rmse,olr,0.9735067486763,results/models/multi-complete/knn/metrics_shared_planets.json,results/models/multi-complete/knn/predictions_shared_planets.npz,results/models/multi-complete/knn/config.json
multi-complete,shared_planets,knn,0,relative_acc,surface_temperature,1.0399224758148193,results/models/multi-complete/knn/metrics_shared_planets.json,results/models/multi-complete/knn/predictions_shared_planets.npz,results/models/multi-complete/knn/config.json
multi-complete,shared_planets,knn,0,relative_acc,temperature,1.6339424848556519,results/models/multi-complete/knn/metrics_shared_planets.json,results/models/multi-complete/knn/predictions_shared_planets.npz,results/models/multi-complete/knn/config.json
multi-complete,shared_planets,knn,0,relative_acc,specific_humidity_dex,1.2437727451324463,results/models/multi-complete/knn/metrics_shared_planets.json,results/models/multi-complete/knn/predictions_shared_planets.npz,results/models/multi-complete/knn/config.json
multi-complete,shared_planets,knn,0,relative_acc,cloud_fraction,1.2991242408752441,results/models/multi-complete/knn/metrics_shared_planets.json,results/models/multi-complete/knn/predictions_shared_planets.npz,results/models/multi-complete/knn/config.json
multi-complete,shared_planets,knn,0,relative_acc,u,4.291323661804199,results/models/multi-complete/knn/metrics_shared_planets.json,results/models/multi-complete/knn/predictions_shared_planets.npz,results/models/multi-complete/knn/config.json
multi-complete,shared_planets,knn,0,relative_acc,v,1.155815601348877,results/models/multi-complete/knn/metrics_shared_planets.json,results/models/multi-complete/knn/predictions_shared_planets.npz,results/models/multi-complete/knn/config.json
multi-complete,shared_planets,knn,0,relative_acc,asr,1.0034050941467285,results/models/multi-complete/knn/metrics_shared_planets.json,results/models/multi-complete/knn/predictions_shared_planets.npz,results/models/multi-complete/knn/config.json
multi-complete,shared_planets,knn,0,relative_acc,olr,1.0610970258712769,results/models/multi-complete/knn/metrics_shared_planets.json,results/models/multi-complete/knn/predictions_shared_planets.npz,results/models/multi-complete/knn/config.json
multi-complete,standard,pca_gbt,0,rmse,surface_temperature,13.123454093933105,results/models/multi-complete/pca_gbt/metrics_standard.json,results/models/multi-complete/pca_gbt/predictions.npz,results/models/multi-complete/pca_gbt/config.json
multi-complete,standard,pca_gbt,0,rmse,temperature,10.025472852918837,results/models/multi-complete/pca_gbt/metrics_standard.json,results/models/multi-complete/pca_gbt/predictions.npz,results/models/multi-complete/pca_gbt/config.json
multi-complete,standard,pca_gbt,0,rmse,specific_humidity_dex,0.5135170287556119,results/models/multi-complete/pca_gbt/metrics_standard.json,results/models/multi-complete/pca_gbt/predictions.npz,results/models/multi-complete/pca_gbt/config.json
multi-complete,standard,pca_gbt,0,rmse,cloud_fraction,0.09099237124125163,results/models/multi-complete/pca_gbt/metrics_standard.json,results/models/multi-complete/pca_gbt/predictions.npz,results/models/multi-complete/pca_gbt/config.json
multi-complete,standard,pca_gbt,0,rmse,u,8.959893703460693,results/models/multi-complete/pca_gbt/metrics_standard.json,results/models/multi-complete/pca_gbt/predictions.npz,results/models/multi-complete/pca_gbt/config.json
multi-complete,standard,pca_gbt,0,rmse,v,4.469169272316827,results/models/multi-complete/pca_gbt/metrics_standard.json,results/models/multi-complete/pca_gbt/predictions.npz,results/models/multi-complete/pca_gbt/config.json
multi-complete,standard,pca_gbt,0,rmse,asr,26.175758361816406,results/models/multi-complete/pca_gbt/metrics_standard.json,results/models/multi-complete/pca_gbt/predictions.npz,results/models/multi-complete/pca_gbt/config.json
multi-complete,standard,pca_gbt,0,rmse,olr,19.12456512451172,results/models/multi-complete/pca_gbt/metrics_standard.json,results/models/multi-complete/pca_gbt/predictions.npz,results/models/multi-complete/pca_gbt/config.json
multi-complete,standard,pca_gbt,0,acc,surface_temperature,0.959563136100769,results/models/multi-complete/pca_gbt/metrics_standard.json,results/models/multi-complete/pca_gbt/predictions.npz,results/models/multi-complete/pca_gbt/config.json
multi-complete,standard,pca_gbt,0,acc,temperature,0.6422090232372284,results/models/multi-complete/pca_gbt/metrics_standard.json,results/models/multi-complete/pca_gbt/predictions.npz,results/models/multi-complete/pca_gbt/config.json
multi-complete,standard,pca_gbt,0,acc,specific_humidity_dex,0.8128402431805929,results/models/multi-complete/pca_gbt/metrics_standard.json,results/models/multi-complete/pca_gbt/predictions.npz,results/models/multi-complete/pca_gbt/config.json
multi-complete,standard,pca_gbt,0,acc,cloud_fraction,0.7191563480430179,results/models/multi-complete/pca_gbt/metrics_standard.json,results/models/multi-complete/pca_gbt/predictions.npz,results/models/multi-complete/pca_gbt/config.json
multi-complete,standard,pca_gbt,0,acc,u,0.6772597663932376,results/models/multi-complete/pca_gbt/metrics_standard.json,results/models/multi-complete/pca_gbt/predictions.npz,results/models/multi-complete/pca_gbt/config.json
multi-complete,standard,pca_gbt,0,acc,v,0.6489001082049476,results/models/multi-complete/pca_gbt/metrics_standard.json,results/models/multi-complete/pca_gbt/predictions.npz,results/models/multi-complete/pca_gbt/config.json
multi-complete,standard,pca_gbt,0,acc,asr,0.9963695406913757,results/models/multi-complete/pca_gbt/metrics_standard.json,results/models/multi-complete/pca_gbt/predictions.npz,results/models/multi-complete/pca_gbt/config.json
multi-complete,standard,pca_gbt,0,acc,olr,0.8563331961631775,results/models/multi-complete/pca_gbt/metrics_standard.json,results/models/multi-complete/pca_gbt/predictions.npz,results/models/multi-complete/pca_gbt/config.json
multi-complete,standard,pca_gbt,0,ramse,surface_temperature,13.377137184143066,results/models/multi-complete/pca_gbt/metrics_standard.json,results/models/multi-complete/pca_gbt/predictions.npz,results/models/multi-complete/pca_gbt/config.json
multi-complete,standard,pca_gbt,0,ramse,temperature,10.326051817999947,results/models/multi-complete/pca_gbt/metrics_standard.json,results/models/multi-complete/pca_gbt/predictions.npz,results/models/multi-complete/pca_gbt/config.json
multi-complete,standard,pca_gbt,0,ramse,specific_humidity_dex,0.5376285910606384,results/models/multi-complete/pca_gbt/metrics_standard.json,results/models/multi-complete/pca_gbt/predictions.npz,results/models/multi-complete/pca_gbt/config.json
multi-complete,standard,pca_gbt,0,ramse,cloud_fraction,0.10487975883815023,results/models/multi-complete/pca_gbt/metrics_standard.json,results/models/multi-complete/pca_gbt/predictions.npz,results/models/multi-complete/pca_gbt/config.json
multi-complete,standard,pca_gbt,0,ramse,u,10.83794519636366,results/models/multi-complete/pca_gbt/metrics_standard.json,results/models/multi-complete/pca_gbt/predictions.npz,results/models/multi-complete/pca_gbt/config.json
multi-complete,standard,pca_gbt,0,ramse,v,5.4274928834703235,results/models/multi-complete/pca_gbt/metrics_standard.json,results/models/multi-complete/pca_gbt/predictions.npz,results/models/multi-complete/pca_gbt/config.json
multi-complete,standard,pca_gbt,0,ramse,asr,27.764970779418945,results/models/multi-complete/pca_gbt/metrics_standard.json,results/models/multi-complete/pca_gbt/predictions.npz,results/models/multi-complete/pca_gbt/config.json
multi-complete,standard,pca_gbt,0,ramse,olr,20.618206024169922,results/models/multi-complete/pca_gbt/metrics_standard.json,results/models/multi-complete/pca_gbt/predictions.npz,results/models/multi-complete/pca_gbt/config.json
multi-complete,shared_planets,pca_gbt,0,relative_rmse,surface_temperature,1.0821243524551392,results/models/multi-complete/pca_gbt/metrics_shared_planets.json,results/models/multi-complete/pca_gbt/predictions_shared_planets.npz,results/models/multi-complete/pca_gbt/config.json
multi-complete,shared_planets,pca_gbt,0,relative_rmse,temperature,0.8850519061088562,results/models/multi-complete/pca_gbt/metrics_shared_planets.json,results/models/multi-complete/pca_gbt/predictions_shared_planets.npz,results/models/multi-complete/pca_gbt/config.json
multi-complete,shared_planets,pca_gbt,0,relative_rmse,specific_humidity_dex,0.8512558341026306,results/models/multi-complete/pca_gbt/metrics_shared_planets.json,results/models/multi-complete/pca_gbt/predictions_shared_planets.npz,results/models/multi-complete/pca_gbt/config.json
multi-complete,shared_planets,pca_gbt,0,relative_rmse,cloud_fraction,0.6303596496582031,results/models/multi-complete/pca_gbt/metrics_shared_planets.json,results/models/multi-complete/pca_gbt/predictions_shared_planets.npz,results/models/multi-complete/pca_gbt/config.json
multi-complete,shared_planets,pca_gbt,0,relative_rmse,u,0.8831031322479248,results/models/multi-complete/pca_gbt/metrics_shared_planets.json,results/models/multi-complete/pca_gbt/predictions_shared_planets.npz,results/models/multi-complete/pca_gbt/config.json
multi-complete,shared_planets,pca_gbt,0,relative_rmse,v,0.8681239485740662,results/models/multi-complete/pca_gbt/metrics_shared_planets.json,results/models/multi-complete/pca_gbt/predictions_shared_planets.npz,results/models/multi-complete/pca_gbt/config.json
multi-complete,shared_planets,pca_gbt,0,relative_rmse,asr,0.7098767161369324,results/models/multi-complete/pca_gbt/metrics_shared_planets.json,results/models/multi-complete/pca_gbt/predictions_shared_planets.npz,results/models/multi-complete/pca_gbt/config.json
multi-complete,shared_planets,pca_gbt,0,relative_rmse,olr,0.7772526144981384,results/models/multi-complete/pca_gbt/metrics_shared_planets.json,results/models/multi-complete/pca_gbt/predictions_shared_planets.npz,results/models/multi-complete/pca_gbt/config.json
multi-complete,shared_planets,pca_gbt,0,relative_acc,surface_temperature,1.0318855047225952,results/models/multi-complete/pca_gbt/metrics_shared_planets.json,results/models/multi-complete/pca_gbt/predictions_shared_planets.npz,results/models/multi-complete/pca_gbt/config.json
multi-complete,shared_planets,pca_gbt,0,relative_acc,temperature,1.4951903820037842,results/models/multi-complete/pca_gbt/metrics_shared_planets.json,results/models/multi-complete/pca_gbt/predictions_shared_planets.npz,results/models/multi-complete/pca_gbt/config.json
multi-complete,shared_planets,pca_gbt,0,relative_acc,specific_humidity_dex,1.2087769508361816,results/models/multi-complete/pca_gbt/metrics_shared_planets.json,results/models/multi-complete/pca_gbt/predictions_shared_planets.npz,results/models/multi-complete/pca_gbt/config.json
multi-complete,shared_planets,pca_gbt,0,relative_acc,cloud_fraction,1.364163875579834,results/models/multi-complete/pca_gbt/metrics_shared_planets.json,results/models/multi-complete/pca_gbt/predictions_shared_planets.npz,results/models/multi-complete/pca_gbt/config.json
multi-complete,shared_planets,pca_gbt,0,relative_acc,u,4.304737091064453,results/models/multi-complete/pca_gbt/metrics_shared_planets.json,results/models/multi-complete/pca_gbt/predictions_shared_planets.npz,results/models/multi-complete/pca_gbt/config.json
multi-complete,shared_planets,pca_gbt,0,relative_acc,v,1.1581454277038574,results/models/multi-complete/pca_gbt/metrics_shared_planets.json,results/models/multi-complete/pca_gbt/predictions_shared_planets.npz,results/models/multi-complete/pca_gbt/config.json
multi-complete,shared_planets,pca_gbt,0,relative_acc,asr,1.004947304725647,results/models/multi-complete/pca_gbt/metrics_shared_planets.json,results/models/multi-complete/pca_gbt/predictions_shared_planets.npz,results/models/multi-complete/pca_gbt/config.json
multi-complete,shared_planets,pca_gbt,0,relative_acc,olr,1.1082838773727417,results/models/multi-complete/pca_gbt/metrics_shared_planets.json,results/models/multi-complete/pca_gbt/predictions_shared_planets.npz,results/models/multi-complete/pca_gbt/config.json
multi-complete,standard,pca_gbt,1,rmse,surface_temperature,12.394142150878906,,,
multi-complete,standard,pca_gbt,1,rmse,temperature,9.674817191229927,,,
multi-complete,standard,pca_gbt,1,rmse,specific_humidity_dex,0.5020931396219466,,,
multi-complete,standard,pca_gbt,1,rmse,cloud_fraction,0.09209415813287099,,,
multi-complete,standard,pca_gbt,1,rmse,u,8.936896827485826,,,
multi-complete,standard,pca_gbt,1,rmse,v,4.370943440331353,,,
multi-complete,standard,pca_gbt,1,rmse,asr,27.019845962524414,,,
multi-complete,standard,pca_gbt,1,rmse,olr,19.231914520263672,,,
multi-complete,standard,pca_gbt,1,acc,surface_temperature,0.9564881324768066,,,
multi-complete,standard,pca_gbt,1,acc,temperature,0.6452572676870558,,,
multi-complete,standard,pca_gbt,1,acc,specific_humidity_dex,0.8119368718730079,,,
multi-complete,standard,pca_gbt,1,acc,cloud_fraction,0.7219580544365777,,,
multi-complete,standard,pca_gbt,1,acc,u,0.6889886723624336,,,
multi-complete,standard,pca_gbt,1,acc,v,0.6598799096213447,,,
multi-complete,standard,pca_gbt,1,acc,asr,0.9962693452835083,,,
multi-complete,standard,pca_gbt,1,acc,olr,0.8528066873550415,,,
multi-complete,standard,pca_gbt,1,ramse,surface_temperature,12.655072212219238,,,
multi-complete,standard,pca_gbt,1,ramse,temperature,9.982073995802137,,,
multi-complete,standard,pca_gbt,1,ramse,specific_humidity_dex,0.525840636756685,,,
multi-complete,standard,pca_gbt,1,ramse,cloud_fraction,0.10616008068124454,,,
multi-complete,standard,pca_gbt,1,ramse,u,10.816841761271158,,,
multi-complete,standard,pca_gbt,1,ramse,v,5.294439580705431,,,
multi-complete,standard,pca_gbt,1,ramse,asr,28.743661880493164,,,
multi-complete,standard,pca_gbt,1,ramse,olr,21.039939880371094,,,
multi-complete,shared_planets,pca_gbt,1,relative_rmse,surface_temperature,0.983066737651825,,,
multi-complete,shared_planets,pca_gbt,1,relative_rmse,temperature,0.8696755170822144,,,
multi-complete,shared_planets,pca_gbt,1,relative_rmse,specific_humidity_dex,0.8301714062690735,,,
multi-complete,shared_planets,pca_gbt,1,relative_rmse,cloud_fraction,0.634006917476654,,,
multi-complete,shared_planets,pca_gbt,1,relative_rmse,u,0.8756698369979858,,,
multi-complete,shared_planets,pca_gbt,1,relative_rmse,v,0.8598490357398987,,,
multi-complete,shared_planets,pca_gbt,1,relative_rmse,asr,0.6976764798164368,,,
multi-complete,shared_planets,pca_gbt,1,relative_rmse,olr,0.7623624205589294,,,
multi-complete,shared_planets,pca_gbt,1,relative_acc,surface_temperature,1.033983588218689,,,
multi-complete,shared_planets,pca_gbt,1,relative_acc,temperature,1.510998249053955,,,
multi-complete,shared_planets,pca_gbt,1,relative_acc,specific_humidity_dex,1.2211865186691284,,,
multi-complete,shared_planets,pca_gbt,1,relative_acc,cloud_fraction,1.3857654333114624,,,
multi-complete,shared_planets,pca_gbt,1,relative_acc,u,4.299400329589844,,,
multi-complete,shared_planets,pca_gbt,1,relative_acc,v,1.1995126008987427,,,
multi-complete,shared_planets,pca_gbt,1,relative_acc,asr,1.0049022436141968,,,
multi-complete,shared_planets,pca_gbt,1,relative_acc,olr,1.1208059787750244,,,
multi-complete,standard,pca_gbt,2,rmse,surface_temperature,12.465831756591797,,,
multi-complete,standard,pca_gbt,2,rmse,temperature,9.941358354356554,,,
multi-complete,standard,pca_gbt,2,rmse,specific_humidity_dex,0.5080322259002261,,,
multi-complete,standard,pca_gbt,2,rmse,cloud_fraction,0.0913541308707661,,,
multi-complete,standard,pca_gbt,2,rmse,u,8.992962413363987,,,
multi-complete,standard,pca_gbt,2,rmse,v,4.439006699456109,,,
multi-complete,standard,pca_gbt,2,rmse,asr,26.756511688232422,,,
multi-complete,standard,pca_gbt,2,rmse,olr,19.31595230102539,,,
multi-complete,standard,pca_gbt,2,acc,surface_temperature,0.9619978666305542,,,
multi-complete,standard,pca_gbt,2,acc,temperature,0.6466029981772105,,,
multi-complete,standard,pca_gbt,2,acc,specific_humidity_dex,0.803926643398073,,,
multi-complete,standard,pca_gbt,2,acc,cloud_fraction,0.7178605761792924,,,
multi-complete,standard,pca_gbt,2,acc,u,0.6896844042672051,,,
multi-complete,standard,pca_gbt,2,acc,v,0.6609132786591848,,,
multi-complete,standard,pca_gbt,2,acc,asr,0.996070146560669,,,
multi-complete,standard,pca_gbt,2,acc,olr,0.8432679176330566,,,
multi-complete,standard,pca_gbt,2,ramse,surface_temperature,12.70871353149414,,,
multi-complete,standard,pca_gbt,2,ramse,temperature,10.254924774169922,,,
multi-complete,standard,pca_gbt,2,ramse,specific_humidity_dex,0.531039469771915,,,
multi-complete,standard,pca_gbt,2,ramse,cloud_fraction,0.10539930644962522,,,
multi-complete,standard,pca_gbt,2,ramse,u,10.812735027737087,,,
multi-complete,standard,pca_gbt,2,ramse,v,5.378739092085096,,,
multi-complete,standard,pca_gbt,2,ramse,asr,28.441883087158203,,,
multi-complete,standard,pca_gbt,2,ramse,olr,21.03624725341797,,,
multi-complete,shared_planets,pca_gbt,2,relative_rmse,surface_temperature,1.0611218214035034,,,
multi-complete,shared_planets,pca_gbt,2,relative_rmse,temperature,0.9006379842758179,,,
multi-complete,shared_planets,pca_gbt,2,relative_rmse,specific_humidity_dex,0.8617660403251648,,,
multi-complete,shared_planets,pca_gbt,2,relative_rmse,cloud_fraction,0.6373245120048523,,,
multi-complete,shared_planets,pca_gbt,2,relative_rmse,u,0.8644677996635437,,,
multi-complete,shared_planets,pca_gbt,2,relative_rmse,v,0.8450647592544556,,,
multi-complete,shared_planets,pca_gbt,2,relative_rmse,asr,0.7171093225479126,,,
multi-complete,shared_planets,pca_gbt,2,relative_rmse,olr,0.7470373511314392,,,
multi-complete,shared_planets,pca_gbt,2,relative_acc,surface_temperature,1.0381909608840942,,,
multi-complete,shared_planets,pca_gbt,2,relative_acc,temperature,1.5143053531646729,,,
multi-complete,shared_planets,pca_gbt,2,relative_acc,specific_humidity_dex,1.199209451675415,,,
multi-complete,shared_planets,pca_gbt,2,relative_acc,cloud_fraction,1.3482383489608765,,,
multi-complete,shared_planets,pca_gbt,2,relative_acc,u,4.308617115020752,,,
multi-complete,shared_planets,pca_gbt,2,relative_acc,v,1.217775821685791,,,
multi-complete,shared_planets,pca_gbt,2,relative_acc,asr,1.004583477973938,,,
multi-complete,shared_planets,pca_gbt,2,relative_acc,olr,1.0987919569015503,,,
multi-complete,standard,pca_gbt,3,rmse,surface_temperature,12.481524467468262,,,
multi-complete,standard,pca_gbt,3,rmse,temperature,9.791647911071777,,,
multi-complete,standard,pca_gbt,3,rmse,specific_humidity_dex,0.5009356704023149,,,
multi-complete,standard,pca_gbt,3,rmse,cloud_fraction,0.09120565983984205,,,
multi-complete,standard,pca_gbt,3,rmse,u,8.698890368143717,,,
multi-complete,standard,pca_gbt,3,rmse,v,4.366581545935737,,,
multi-complete,standard,pca_gbt,3,rmse,asr,26.233623504638672,,,
multi-complete,standard,pca_gbt,3,rmse,olr,18.855134963989258,,,
multi-complete,standard,pca_gbt,3,acc,surface_temperature,0.9640565514564514,,,
multi-complete,standard,pca_gbt,3,acc,temperature,0.6515526374181112,,,
multi-complete,standard,pca_gbt,3,acc,specific_humidity_dex,0.8126336303022172,,,
multi-complete,standard,pca_gbt,3,acc,cloud_fraction,0.7181191080146365,,,
multi-complete,standard,pca_gbt,3,acc,u,0.692740281422933,,,
multi-complete,standard,pca_gbt,3,acc,v,0.6602363950676389,,,
multi-complete,standard,pca_gbt,3,acc,asr,0.9963428974151611,,,
multi-complete,standard,pca_gbt,3,acc,olr,0.8583128452301025,,,
multi-complete,standard,pca_gbt,3,ramse,surface_temperature,12.720024108886719,,,
multi-complete,standard,pca_gbt,3,ramse,temperature,10.094242095947266,,,
multi-complete,standard,pca_gbt,3,ramse,specific_humidity_dex,0.5252274539735582,,,
multi-complete,standard,pca_gbt,3,ramse,cloud_fraction,0.10517305922177103,,,
multi-complete,standard,pca_gbt,3,ramse,u,10.49062474568685,,,
multi-complete,standard,pca_gbt,3,ramse,v,5.300761063893636,,,
multi-complete,standard,pca_gbt,3,ramse,asr,27.7373104095459,,,
multi-complete,standard,pca_gbt,3,ramse,olr,20.466373443603516,,,
multi-complete,shared_planets,pca_gbt,3,relative_rmse,surface_temperature,1.0247557163238525,,,
multi-complete,shared_planets,pca_gbt,3,relative_rmse,temperature,0.8485869765281677,,,
multi-complete,shared_planets,pca_gbt,3,relative_rmse,specific_humidity_dex,0.8232206702232361,,,
multi-complete,shared_planets,pca_gbt,3,relative_rmse,cloud_fraction,0.6401512622833252,,,
multi-complete,shared_planets,pca_gbt,3,relative_rmse,u,0.8392217755317688,,,
multi-complete,shared_planets,pca_gbt,3,relative_rmse,v,0.8254089951515198,,,
multi-complete,shared_planets,pca_gbt,3,relative_rmse,asr,0.6718662977218628,,,
multi-complete,shared_planets,pca_gbt,3,relative_rmse,olr,0.7680268883705139,,,
multi-complete,shared_planets,pca_gbt,3,relative_acc,surface_temperature,1.042136788368225,,,
multi-complete,shared_planets,pca_gbt,3,relative_acc,temperature,1.5401852130889893,,,
multi-complete,shared_planets,pca_gbt,3,relative_acc,specific_humidity_dex,1.2098872661590576,,,
multi-complete,shared_planets,pca_gbt,3,relative_acc,cloud_fraction,1.3647257089614868,,,
multi-complete,shared_planets,pca_gbt,3,relative_acc,u,4.261280536651611,,,
multi-complete,shared_planets,pca_gbt,3,relative_acc,v,1.2107861042022705,,,
multi-complete,shared_planets,pca_gbt,3,relative_acc,asr,1.0049587488174438,,,
multi-complete,shared_planets,pca_gbt,3,relative_acc,olr,1.124498963356018,,,
multi-complete,standard,pca_gbt,4,rmse,surface_temperature,12.47089958190918,,,
multi-complete,standard,pca_gbt,4,rmse,temperature,10.044878111945259,,,
multi-complete,standard,pca_gbt,4,rmse,specific_humidity_dex,0.5058668951193491,,,
multi-complete,standard,pca_gbt,4,rmse,cloud_fraction,0.09086905792355537,,,
multi-complete,standard,pca_gbt,4,rmse,u,9.018344110912746,,,
multi-complete,standard,pca_gbt,4,rmse,v,4.524374961853027,,,
multi-complete,standard,pca_gbt,4,rmse,asr,26.075841903686523,,,
multi-complete,standard,pca_gbt,4,rmse,olr,18.603431701660156,,,
multi-complete,standard,pca_gbt,4,acc,surface_temperature,0.9682062268257141,,,
multi-complete,standard,pca_gbt,4,acc,temperature,0.6372416185008155,,,
multi-complete,standard,pca_gbt,4,acc,specific_humidity_dex,0.809657312101788,,,
multi-complete,standard,pca_gbt,4,acc,cloud_fraction,0.7200232876671685,,,
multi-complete,standard,pca_gbt,4,acc,u,0.6657759381665124,,,
multi-complete,standard,pca_gbt,4,acc,v,0.6388362579875522,,,
multi-complete,standard,pca_gbt,4,acc,asr,0.9963750839233398,,,
multi-complete,standard,pca_gbt,4,acc,olr,0.8613367676734924,,,
multi-complete,standard,pca_gbt,4,ramse,surface_temperature,12.729259490966797,,,
multi-complete,standard,pca_gbt,4,ramse,temperature,10.360462188720703,,,
multi-complete,standard,pca_gbt,4,ramse,specific_humidity_dex,0.5283790032068888,,,
multi-complete,standard,pca_gbt,4,ramse,cloud_fraction,0.10484908769528072,,,
multi-complete,standard,pca_gbt,4,ramse,u,10.948616955015394,,,
multi-complete,standard,pca_gbt,4,ramse,v,5.502405246098836,,,
multi-complete,standard,pca_gbt,4,ramse,asr,27.5843563079834,,,
multi-complete,standard,pca_gbt,4,ramse,olr,20.10822105407715,,,
multi-complete,shared_planets,pca_gbt,4,relative_rmse,surface_temperature,0.9024489521980286,,,
multi-complete,shared_planets,pca_gbt,4,relative_rmse,temperature,0.8671921491622925,,,
multi-complete,shared_planets,pca_gbt,4,relative_rmse,specific_humidity_dex,0.8210778832435608,,,
multi-complete,shared_planets,pca_gbt,4,relative_rmse,cloud_fraction,0.6318677067756653,,,
multi-complete,shared_planets,pca_gbt,4,relative_rmse,u,0.8512681126594543,,,
multi-complete,shared_planets,pca_gbt,4,relative_rmse,v,0.8550362586975098,,,
multi-complete,shared_planets,pca_gbt,4,relative_rmse,asr,0.6943563222885132,,,
multi-complete,shared_planets,pca_gbt,4,relative_rmse,olr,0.7622244954109192,,,
multi-complete,shared_planets,pca_gbt,4,relative_acc,surface_temperature,1.0439025163650513,,,
multi-complete,shared_planets,pca_gbt,4,relative_acc,temperature,1.4954543113708496,,,
multi-complete,shared_planets,pca_gbt,4,relative_acc,specific_humidity_dex,1.2177125215530396,,,
multi-complete,shared_planets,pca_gbt,4,relative_acc,cloud_fraction,1.3895372152328491,,,
multi-complete,shared_planets,pca_gbt,4,relative_acc,u,4.24207067489624,,,
multi-complete,shared_planets,pca_gbt,4,relative_acc,v,1.1354198455810547,,,
multi-complete,shared_planets,pca_gbt,4,relative_acc,asr,1.00509512424469,,,
multi-complete,shared_planets,pca_gbt,4,relative_acc,olr,1.1424130201339722,,,
multi-complete,standard,pca_mlp,0,rmse,surface_temperature,12.31664752960205,results/models/multi-complete/pca_mlp/metrics_standard.json,results/models/multi-complete/pca_mlp/predictions.npz,results/models/multi-complete/pca_mlp/config.json
multi-complete,standard,pca_mlp,0,rmse,temperature,9.678202841016981,results/models/multi-complete/pca_mlp/metrics_standard.json,results/models/multi-complete/pca_mlp/predictions.npz,results/models/multi-complete/pca_mlp/config.json
multi-complete,standard,pca_mlp,0,rmse,specific_humidity_dex,0.4985785981019338,results/models/multi-complete/pca_mlp/metrics_standard.json,results/models/multi-complete/pca_mlp/predictions.npz,results/models/multi-complete/pca_mlp/config.json
multi-complete,standard,pca_mlp,0,rmse,cloud_fraction,0.09338073887758785,results/models/multi-complete/pca_mlp/metrics_standard.json,results/models/multi-complete/pca_mlp/predictions.npz,results/models/multi-complete/pca_mlp/config.json
multi-complete,standard,pca_mlp,0,rmse,u,9.435050593482124,results/models/multi-complete/pca_mlp/metrics_standard.json,results/models/multi-complete/pca_mlp/predictions.npz,results/models/multi-complete/pca_mlp/config.json
multi-complete,standard,pca_mlp,0,rmse,v,4.6210536691877575,results/models/multi-complete/pca_mlp/metrics_standard.json,results/models/multi-complete/pca_mlp/predictions.npz,results/models/multi-complete/pca_mlp/config.json
multi-complete,standard,pca_mlp,0,rmse,asr,25.370885848999023,results/models/multi-complete/pca_mlp/metrics_standard.json,results/models/multi-complete/pca_mlp/predictions.npz,results/models/multi-complete/pca_mlp/config.json
multi-complete,standard,pca_mlp,0,rmse,olr,18.65996742248535,results/models/multi-complete/pca_mlp/metrics_standard.json,results/models/multi-complete/pca_mlp/predictions.npz,results/models/multi-complete/pca_mlp/config.json
multi-complete,standard,pca_mlp,0,acc,surface_temperature,0.941484272480011,results/models/multi-complete/pca_mlp/metrics_standard.json,results/models/multi-complete/pca_mlp/predictions.npz,results/models/multi-complete/pca_mlp/config.json
multi-complete,standard,pca_mlp,0,acc,temperature,0.6580848197142283,results/models/multi-complete/pca_mlp/metrics_standard.json,results/models/multi-complete/pca_mlp/predictions.npz,results/models/multi-complete/pca_mlp/config.json
multi-complete,standard,pca_mlp,0,acc,specific_humidity_dex,0.8119600945048862,results/models/multi-complete/pca_mlp/metrics_standard.json,results/models/multi-complete/pca_mlp/predictions.npz,results/models/multi-complete/pca_mlp/config.json
multi-complete,standard,pca_mlp,0,acc,cloud_fraction,0.7251313726107279,results/models/multi-complete/pca_mlp/metrics_standard.json,results/models/multi-complete/pca_mlp/predictions.npz,results/models/multi-complete/pca_mlp/config.json
multi-complete,standard,pca_mlp,0,acc,u,0.678119937578837,results/models/multi-complete/pca_mlp/metrics_standard.json,results/models/multi-complete/pca_mlp/predictions.npz,results/models/multi-complete/pca_mlp/config.json
multi-complete,standard,pca_mlp,0,acc,v,0.6540153324604034,results/models/multi-complete/pca_mlp/metrics_standard.json,results/models/multi-complete/pca_mlp/predictions.npz,results/models/multi-complete/pca_mlp/config.json
multi-complete,standard,pca_mlp,0,acc,asr,0.9961483478546143,results/models/multi-complete/pca_mlp/metrics_standard.json,results/models/multi-complete/pca_mlp/predictions.npz,results/models/multi-complete/pca_mlp/config.json
multi-complete,standard,pca_mlp,0,acc,olr,0.8508525490760803,results/models/multi-complete/pca_mlp/metrics_standard.json,results/models/multi-complete/pca_mlp/predictions.npz,results/models/multi-complete/pca_mlp/config.json
multi-complete,standard,pca_mlp,0,ramse,surface_temperature,12.645742416381836,results/models/multi-complete/pca_mlp/metrics_standard.json,results/models/multi-complete/pca_mlp/predictions.npz,results/models/multi-complete/pca_mlp/config.json
multi-complete,standard,pca_mlp,0,ramse,temperature,10.017369906107584,results/models/multi-complete/pca_mlp/metrics_standard.json,results/models/multi-complete/pca_mlp/predictions.npz,results/models/multi-complete/pca_mlp/config.json
multi-complete,standard,pca_mlp,0,ramse,specific_humidity_dex,0.5221513145499759,results/models/multi-complete/pca_mlp/metrics_standard.json,results/models/multi-complete/pca_mlp/predictions.npz,results/models/multi-complete/pca_mlp/config.json
multi-complete,standard,pca_mlp,0,ramse,cloud_fraction,0.1073351109193431,results/models/multi-complete/pca_mlp/metrics_standard.json,results/models/multi-complete/pca_mlp/predictions.npz,results/models/multi-complete/pca_mlp/config.json
multi-complete,standard,pca_mlp,0,ramse,u,11.261592812008328,results/models/multi-complete/pca_mlp/metrics_standard.json,results/models/multi-complete/pca_mlp/predictions.npz,results/models/multi-complete/pca_mlp/config.json
multi-complete,standard,pca_mlp,0,ramse,v,5.57971387439304,results/models/multi-complete/pca_mlp/metrics_standard.json,results/models/multi-complete/pca_mlp/predictions.npz,results/models/multi-complete/pca_mlp/config.json
multi-complete,standard,pca_mlp,0,ramse,asr,27.182584762573242,results/models/multi-complete/pca_mlp/metrics_standard.json,results/models/multi-complete/pca_mlp/predictions.npz,results/models/multi-complete/pca_mlp/config.json
multi-complete,standard,pca_mlp,0,ramse,olr,20.31695556640625,results/models/multi-complete/pca_mlp/metrics_standard.json,results/models/multi-complete/pca_mlp/predictions.npz,results/models/multi-complete/pca_mlp/config.json
multi-complete,shared_planets,pca_mlp,0,relative_rmse,surface_temperature,1.0135687589645386,results/models/multi-complete/pca_mlp/metrics_shared_planets.json,results/models/multi-complete/pca_mlp/predictions_shared_planets.npz,results/models/multi-complete/pca_mlp/config.json
multi-complete,shared_planets,pca_mlp,0,relative_rmse,temperature,0.8963498473167419,results/models/multi-complete/pca_mlp/metrics_shared_planets.json,results/models/multi-complete/pca_mlp/predictions_shared_planets.npz,results/models/multi-complete/pca_mlp/config.json
multi-complete,shared_planets,pca_mlp,0,relative_rmse,specific_humidity_dex,0.8091801404953003,results/models/multi-complete/pca_mlp/metrics_shared_planets.json,results/models/multi-complete/pca_mlp/predictions_shared_planets.npz,results/models/multi-complete/pca_mlp/config.json
multi-complete,shared_planets,pca_mlp,0,relative_rmse,cloud_fraction,0.6168109774589539,results/models/multi-complete/pca_mlp/metrics_shared_planets.json,results/models/multi-complete/pca_mlp/predictions_shared_planets.npz,results/models/multi-complete/pca_mlp/config.json
multi-complete,shared_planets,pca_mlp,0,relative_rmse,u,0.927740216255188,results/models/multi-complete/pca_mlp/metrics_shared_planets.json,results/models/multi-complete/pca_mlp/predictions_shared_planets.npz,results/models/multi-complete/pca_mlp/config.json
multi-complete,shared_planets,pca_mlp,0,relative_rmse,v,0.9062680602073669,results/models/multi-complete/pca_mlp/metrics_shared_planets.json,results/models/multi-complete/pca_mlp/predictions_shared_planets.npz,results/models/multi-complete/pca_mlp/config.json
multi-complete,shared_planets,pca_mlp,0,relative_rmse,asr,0.6908493638038635,results/models/multi-complete/pca_mlp/metrics_shared_planets.json,results/models/multi-complete/pca_mlp/predictions_shared_planets.npz,results/models/multi-complete/pca_mlp/config.json
multi-complete,shared_planets,pca_mlp,0,relative_rmse,olr,0.7868077754974365,results/models/multi-complete/pca_mlp/metrics_shared_planets.json,results/models/multi-complete/pca_mlp/predictions_shared_planets.npz,results/models/multi-complete/pca_mlp/config.json
multi-complete,shared_planets,pca_mlp,0,relative_acc,surface_temperature,1.018587589263916,results/models/multi-complete/pca_mlp/metrics_shared_planets.json,results/models/multi-complete/pca_mlp/predictions_shared_planets.npz,results/models/multi-complete/pca_mlp/config.json
multi-complete,shared_planets,pca_mlp,0,relative_acc,temperature,1.545180082321167,results/models/multi-complete/pca_mlp/metrics_shared_planets.json,results/models/multi-complete/pca_mlp/predictions_shared_planets.npz,results/models/multi-complete/pca_mlp/config.json
multi-complete,shared_planets,pca_mlp,0,relative_acc,specific_humidity_dex,1.2182308435440063,results/models/multi-complete/pca_mlp/metrics_shared_planets.json,results/models/multi-complete/pca_mlp/predictions_shared_planets.npz,results/models/multi-complete/pca_mlp/config.json
multi-complete,shared_planets,pca_mlp,0,relative_acc,cloud_fraction,1.3770281076431274,results/models/multi-complete/pca_mlp/metrics_shared_planets.json,results/models/multi-complete/pca_mlp/predictions_shared_planets.npz,results/models/multi-complete/pca_mlp/config.json
multi-complete,shared_planets,pca_mlp,0,relative_acc,u,4.175065040588379,results/models/multi-complete/pca_mlp/metrics_shared_planets.json,results/models/multi-complete/pca_mlp/predictions_shared_planets.npz,results/models/multi-complete/pca_mlp/config.json
multi-complete,shared_planets,pca_mlp,0,relative_acc,v,1.1633838415145874,results/models/multi-complete/pca_mlp/metrics_shared_planets.json,results/models/multi-complete/pca_mlp/predictions_shared_planets.npz,results/models/multi-complete/pca_mlp/config.json
multi-complete,shared_planets,pca_mlp,0,relative_acc,asr,1.0046824216842651,results/models/multi-complete/pca_mlp/metrics_shared_planets.json,results/models/multi-complete/pca_mlp/predictions_shared_planets.npz,results/models/multi-complete/pca_mlp/config.json
multi-complete,shared_planets,pca_mlp,0,relative_acc,olr,1.1465542316436768,results/models/multi-complete/pca_mlp/metrics_shared_planets.json,results/models/multi-complete/pca_mlp/predictions_shared_planets.npz,results/models/multi-complete/pca_mlp/config.json
multi-complete,standard,pca_mlp,1,rmse,surface_temperature,12.006725311279297,,,
multi-complete,standard,pca_mlp,1,rmse,temperature,9.002360343933105,,,
multi-complete,standard,pca_mlp,1,rmse,specific_humidity_dex,0.5018805265426636,,,
multi-complete,standard,pca_mlp,1,rmse,cloud_fraction,0.09332028445270327,,,
multi-complete,standard,pca_mlp,1,rmse,u,9.524442195892334,,,
multi-complete,standard,pca_mlp,1,rmse,v,4.704648627175225,,,
multi-complete,standard,pca_mlp,1,rmse,asr,25.22096824645996,,,
multi-complete,standard,pca_mlp,1,rmse,olr,18.41117286682129,,,
multi-complete,standard,pca_mlp,1,acc,surface_temperature,0.9365906715393066,,,
multi-complete,standard,pca_mlp,1,acc,temperature,0.659324997001224,,,
multi-complete,standard,pca_mlp,1,acc,specific_humidity_dex,0.7991970876852671,,,
multi-complete,standard,pca_mlp,1,acc,cloud_fraction,0.7240299317571852,,,
multi-complete,standard,pca_mlp,1,acc,u,0.6714998284975687,,,
multi-complete,standard,pca_mlp,1,acc,v,0.6496217879984114,,,
multi-complete,standard,pca_mlp,1,acc,asr,0.996134877204895,,,
multi-complete,standard,pca_mlp,1,acc,olr,0.8392015099525452,,,
multi-complete,standard,pca_mlp,1,ramse,surface_temperature,12.36721134185791,,,
multi-complete,standard,pca_mlp,1,ramse,temperature,9.366884231567383,,,
multi-complete,standard,pca_mlp,1,ramse,specific_humidity_dex,0.5268321633338928,,,
multi-complete,standard,pca_mlp,1,ramse,cloud_fraction,0.1073716166946623,,,
multi-complete,standard,pca_mlp,1,ramse,u,11.35823122660319,,,
multi-complete,standard,pca_mlp,1,ramse,v,5.722403579288059,,,
multi-complete,standard,pca_mlp,1,ramse,asr,26.918479919433594,,,
multi-complete,standard,pca_mlp,1,ramse,olr,20.225772857666016,,,
multi-complete,shared_planets,pca_mlp,1,relative_rmse,surface_temperature,0.9584487080574036,,,
multi-complete,shared_planets,pca_mlp,1,relative_rmse,temperature,0.7728860378265381,,,
multi-complete,shared_planets,pca_mlp,1,relative_rmse,specific_humidity_dex,0.7948371767997742,,,
multi-complete,shared_planets,pca_mlp,1,relative_rmse,cloud_fraction,0.6262508630752563,,,
multi-complete,shared_planets,pca_mlp,1,relative_rmse,u,0.923919141292572,,,
multi-complete,shared_planets,pca_mlp,1,relative_rmse,v,0.9256370067596436,,,
multi-complete,shared_planets,pca_mlp,1,relative_rmse,asr,0.6703722476959229,,,
multi-complete,shared_planets,pca_mlp,1,relative_rmse,olr,0.7501970529556274,,,
multi-complete,shared_planets,pca_mlp,1,relative_acc,surface_temperature,1.0151760578155518,,,
multi-complete,shared_planets,pca_mlp,1,relative_acc,temperature,1.530307650566101,,,
multi-complete,shared_planets,pca_mlp,1,relative_acc,specific_humidity_dex,1.2001869678497314,,,
multi-complete,shared_planets,pca_mlp,1,relative_acc,cloud_fraction,1.3694648742675781,,,
multi-complete,shared_planets,pca_mlp,1,relative_acc,u,4.097164154052734,,,
multi-complete,shared_planets,pca_mlp,1,relative_acc,v,1.1576865911483765,,,
multi-complete,shared_planets,pca_mlp,1,relative_acc,asr,1.0047869682312012,,,
multi-complete,shared_planets,pca_mlp,1,relative_acc,olr,1.1325206756591797,,,
multi-complete,standard,pca_mlp,2,rmse,surface_temperature,12.597088813781738,,,
multi-complete,standard,pca_mlp,2,rmse,temperature,9.45973014831543,,,
multi-complete,standard,pca_mlp,2,rmse,specific_humidity_dex,0.5122325652175479,,,
multi-complete,standard,pca_mlp,2,rmse,cloud_fraction,0.09437696304586199,,,
multi-complete,standard,pca_mlp,2,rmse,u,9.640000131395128,,,
multi-complete,standard,pca_mlp,2,rmse,v,4.707904789182875,,,
multi-complete,standard,pca_mlp,2,rmse,asr,26.350072860717773,,,
multi-complete,standard,pca_mlp,2,rmse,olr,18.799097061157227,,,
multi-complete,standard,pca_mlp,2,acc,surface_temperature,0.9387398958206177,,,
multi-complete,standard,pca_mlp,2,acc,temperature,0.65922901696629,,,
multi-complete,standard,pca_mlp,2,acc,specific_humidity_dex,0.8058086832364401,,,
multi-complete,standard,pca_mlp,2,acc,cloud_fraction,0.7263166771994697,,,
multi-complete,standard,pca_mlp,2,acc,u,0.6685915092627207,,,
multi-complete,standard,pca_mlp,2,acc,v,0.6510575910409292,,,
multi-complete,standard,pca_mlp,2,acc,asr,0.996164858341217,,,
multi-complete,standard,pca_mlp,2,acc,olr,0.8417466878890991,,,
multi-complete,standard,pca_mlp,2,ramse,surface_temperature,12.920525550842285,,,
multi-complete,standard,pca_mlp,2,ramse,temperature,9.803036583794487,,,
multi-complete,standard,pca_mlp,2,ramse,specific_humidity_dex,0.5357763767242432,,,
multi-complete,standard,pca_mlp,2,ramse,cloud_fraction,0.10843732208013535,,,
multi-complete,standard,pca_mlp,2,ramse,u,11.591894255744087,,,
multi-complete,standard,pca_mlp,2,ramse,v,5.696732574039036,,,
multi-complete,standard,pca_mlp,2,ramse,asr,28.07798194885254,,,
multi-complete,standard,pca_mlp,2,ramse,olr,20.422748565673828,,,
multi-complete,shared_planets,pca_mlp,2,relative_rmse,surface_temperature,1.016151785850525,,,
multi-complete,shared_planets,pca_mlp,2,relative_rmse,temperature,0.8269431591033936,,,
multi-complete,shared_planets,pca_mlp,2,relative_rmse,specific_humidity_dex,0.8269543051719666,,,
multi-complete,shared_planets,pca_mlp,2,relative_rmse,cloud_fraction,0.6287394762039185,,,
multi-complete,shared_planets,pca_mlp,2,relative_rmse,u,0.9327198266983032,,,
multi-complete,shared_planets,pca_mlp,2,relative_rmse,v,0.9118195176124573,,,
multi-complete,shared_planets,pca_mlp,2,relative_rmse,asr,0.7103379368782043,,,
multi-complete,shared_planets,pca_mlp,2,relative_rmse,olr,0.7623853087425232,,,
multi-complete,shared_planets,pca_mlp,2,relative_acc,surface_temperature,1.0232019424438477,,,
multi-complete,shared_planets,pca_mlp,2,relative_acc,temperature,1.534783959388733,,,
multi-complete,shared_planets,pca_mlp,2,relative_acc,specific_humidity_dex,1.2068150043487549,,,
multi-complete,shared_planets,pca_mlp,2,relative_acc,cloud_fraction,1.39873468875885,,,
multi-complete,shared_planets,pca_mlp,2,relative_acc,u,4.043402194976807,,,
multi-complete,shared_planets,pca_mlp,2,relative_acc,v,1.1463526487350464,,,
multi-complete,shared_planets,pca_mlp,2,relative_acc,asr,1.0048575401306152,,,
multi-complete,shared_planets,pca_mlp,2,relative_acc,olr,1.1375962495803833,,,
multi-complete,standard,pca_mlp,3,rmse,surface_temperature,12.53846549987793,,,
multi-complete,standard,pca_mlp,3,rmse,temperature,9.934495608011881,,,
multi-complete,standard,pca_mlp,3,rmse,specific_humidity_dex,0.5188338789674971,,,
multi-complete,standard,pca_mlp,3,rmse,cloud_fraction,0.093676062921683,,,
multi-complete,standard,pca_mlp,3,rmse,u,9.62285139825609,,,
multi-complete,standard,pca_mlp,3,rmse,v,4.619978136486477,,,
multi-complete,standard,pca_mlp,3,rmse,asr,25.594484329223633,,,
multi-complete,standard,pca_mlp,3,rmse,olr,18.506290435791016,,,
multi-complete,standard,pca_mlp,3,acc,surface_temperature,0.9369426965713501,,,
multi-complete,standard,pca_mlp,3,acc,temperature,0.6585768494341109,,,
multi-complete,standard,pca_mlp,3,acc,specific_humidity_dex,0.801680220497979,,,
multi-complete,standard,pca_mlp,3,acc,cloud_fraction,0.7263689637184143,,,
multi-complete,standard,pca_mlp,3,acc,u,0.6770355668332841,,,
multi-complete,standard,pca_mlp,3,acc,v,0.6516982515652975,,,
multi-complete,standard,pca_mlp,3,acc,asr,0.9962343573570251,,,
multi-complete,standard,pca_mlp,3,acc,olr,0.8472012877464294,,,
multi-complete,standard,pca_mlp,3,ramse,surface_temperature,12.857794761657715,,,
multi-complete,standard,pca_mlp,3,ramse,temperature,10.27739471859402,,,
multi-complete,standard,pca_mlp,3,ramse,specific_humidity_dex,0.5429688460297055,,,
multi-complete,standard,pca_mlp,3,ramse,cloud_fraction,0.1074995208117697,,,
multi-complete,standard,pca_mlp,3,ramse,u,11.42972363366021,,,
multi-complete,standard,pca_mlp,3,ramse,v,5.552056603961521,,,
multi-complete,standard,pca_mlp,3,ramse,asr,27.26354217529297,,,
multi-complete,standard,pca_mlp,3,ramse,olr,20.09858512878418,,,
multi-complete,shared_planets,pca_mlp,3,relative_rmse,surface_temperature,1.0843535661697388,,,
multi-complete,shared_planets,pca_mlp,3,relative_rmse,temperature,0.9210104942321777,,,
multi-complete,shared_planets,pca_mlp,3,relative_rmse,specific_humidity_dex,0.89469313621521,,,
multi-complete,shared_planets,pca_mlp,3,relative_rmse,cloud_fraction,0.623004674911499,,,
multi-complete,shared_planets,pca_mlp,3,relative_rmse,u,0.9644569754600525,,,
multi-complete,shared_planets,pca_mlp,3,relative_rmse,v,0.9035215973854065,,,
multi-complete,shared_planets,pca_mlp,3,relative_rmse,asr,0.6860984563827515,,,
multi-complete,shared_planets,pca_mlp,3,relative_rmse,olr,0.7669269442558289,,,
multi-complete,shared_planets,pca_mlp,3,relative_acc,surface_temperature,1.0146989822387695,,,
multi-complete,shared_planets,pca_mlp,3,relative_acc,temperature,1.5205360651016235,,,
multi-complete,shared_planets,pca_mlp,3,relative_acc,specific_humidity_dex,1.1975866556167603,,,
multi-complete,shared_planets,pca_mlp,3,relative_acc,cloud_fraction,1.394128680229187,,,
multi-complete,shared_planets,pca_mlp,3,relative_acc,u,4.111364841461182,,,
multi-complete,shared_planets,pca_mlp,3,relative_acc,v,1.1712965965270996,,,
multi-complete,shared_planets,pca_mlp,3,relative_acc,asr,1.004921555519104,,,
multi-complete,shared_planets,pca_mlp,3,relative_acc,olr,1.1355855464935303,,,
multi-complete,standard,pca_mlp,4,rmse,surface_temperature,12.318581581115723,,,
multi-complete,standard,pca_mlp,4,rmse,temperature,9.280692842271593,,,
multi-complete,standard,pca_mlp,4,rmse,specific_humidity_dex,0.498688280582428,,,
multi-complete,standard,pca_mlp,4,rmse,cloud_fraction,0.09313201614552075,,,
multi-complete,standard,pca_mlp,4,rmse,u,9.61741312344869,,,
multi-complete,standard,pca_mlp,4,rmse,v,4.668703105714586,,,
multi-complete,standard,pca_mlp,4,rmse,asr,24.95769691467285,,,
multi-complete,standard,pca_mlp,4,rmse,olr,18.243349075317383,,,
multi-complete,standard,pca_mlp,4,acc,surface_temperature,0.9368681311607361,,,
multi-complete,standard,pca_mlp,4,acc,temperature,0.6473409103022681,,,
multi-complete,standard,pca_mlp,4,acc,specific_humidity_dex,0.8034611675474379,,,
multi-complete,standard,pca_mlp,4,acc,cloud_fraction,0.7240693105591668,,,
multi-complete,standard,pca_mlp,4,acc,u,0.6666760146617889,,,
multi-complete,standard,pca_mlp,4,acc,v,0.6458065079318153,,,
multi-complete,standard,pca_mlp,4,acc,asr,0.9961179494857788,,,
multi-complete,standard,pca_mlp,4,acc,olr,0.84280925989151,,,
multi-complete,standard,pca_mlp,4,ramse,surface_temperature,12.644493103027344,,,
multi-complete,standard,pca_mlp,4,ramse,temperature,9.640214496188694,,,
multi-complete,standard,pca_mlp,4,ramse,specific_humidity_dex,0.522767037153244,,,
multi-complete,standard,pca_mlp,4,ramse,cloud_fraction,0.10722477692696783,,,
multi-complete,standard,pca_mlp,4,ramse,u,11.468272103203667,,,
multi-complete,standard,pca_mlp,4,ramse,v,5.643326494428846,,,
multi-complete,standard,pca_mlp,4,ramse,asr,26.767831802368164,,,
multi-complete,standard,pca_mlp,4,ramse,olr,19.947498321533203,,,
multi-complete,shared_planets,pca_mlp,4,relative_rmse,surface_temperature,0.9704983234405518,,,
multi-complete,shared_planets,pca_mlp,4,relative_rmse,temperature,0.8331906795501709,,,
multi-complete,shared_planets,pca_mlp,4,relative_rmse,specific_humidity_dex,0.8001481294631958,,,
multi-complete,shared_planets,pca_mlp,4,relative_rmse,cloud_fraction,0.6180720925331116,,,
multi-complete,shared_planets,pca_mlp,4,relative_rmse,u,0.9503448605537415,,,
multi-complete,shared_planets,pca_mlp,4,relative_rmse,v,0.9231470227241516,,,
multi-complete,shared_planets,pca_mlp,4,relative_rmse,asr,0.6726537942886353,,,
multi-complete,shared_planets,pca_mlp,4,relative_rmse,olr,0.7378209233283997,,,
multi-complete,shared_planets,pca_mlp,4,relative_acc,surface_temperature,1.0204347372055054,,,
multi-complete,shared_planets,pca_mlp,4,relative_acc,temperature,1.512126088142395,,,
multi-complete,shared_planets,pca_mlp,4,relative_acc,specific_humidity_dex,1.211480736732483,,,
multi-complete,shared_planets,pca_mlp,4,relative_acc,cloud_fraction,1.3816155195236206,,,
multi-complete,shared_planets,pca_mlp,4,relative_acc,u,4.058880805969238,,,
multi-complete,shared_planets,pca_mlp,4,relative_acc,v,1.1575829982757568,,,
multi-complete,shared_planets,pca_mlp,4,relative_acc,asr,1.004724383354187,,,
multi-complete,shared_planets,pca_mlp,4,relative_acc,olr,1.1389939785003662,,,
multi-complete,standard,pca_ridge,0,rmse,surface_temperature,16.213733673095703,results/models/multi-complete/pca_ridge/metrics_standard.json,results/models/multi-complete/pca_ridge/predictions.npz,results/models/multi-complete/pca_ridge/config.json
multi-complete,standard,pca_ridge,0,rmse,temperature,13.654728359646267,results/models/multi-complete/pca_ridge/metrics_standard.json,results/models/multi-complete/pca_ridge/predictions.npz,results/models/multi-complete/pca_ridge/config.json
multi-complete,standard,pca_ridge,0,rmse,specific_humidity_dex,0.6523392167356279,results/models/multi-complete/pca_ridge/metrics_standard.json,results/models/multi-complete/pca_ridge/predictions.npz,results/models/multi-complete/pca_ridge/config.json
multi-complete,standard,pca_ridge,0,rmse,cloud_fraction,0.11479802636636628,results/models/multi-complete/pca_ridge/metrics_standard.json,results/models/multi-complete/pca_ridge/predictions.npz,results/models/multi-complete/pca_ridge/config.json
multi-complete,standard,pca_ridge,0,rmse,u,11.784483856625027,results/models/multi-complete/pca_ridge/metrics_standard.json,results/models/multi-complete/pca_ridge/predictions.npz,results/models/multi-complete/pca_ridge/config.json
multi-complete,standard,pca_ridge,0,rmse,v,5.281858656141493,results/models/multi-complete/pca_ridge/metrics_standard.json,results/models/multi-complete/pca_ridge/predictions.npz,results/models/multi-complete/pca_ridge/config.json
multi-complete,standard,pca_ridge,0,rmse,asr,32.164276123046875,results/models/multi-complete/pca_ridge/metrics_standard.json,results/models/multi-complete/pca_ridge/predictions.npz,results/models/multi-complete/pca_ridge/config.json
multi-complete,standard,pca_ridge,0,rmse,olr,24.0283203125,results/models/multi-complete/pca_ridge/metrics_standard.json,results/models/multi-complete/pca_ridge/predictions.npz,results/models/multi-complete/pca_ridge/config.json
multi-complete,standard,pca_ridge,0,acc,surface_temperature,0.9655753374099731,results/models/multi-complete/pca_ridge/metrics_standard.json,results/models/multi-complete/pca_ridge/predictions.npz,results/models/multi-complete/pca_ridge/config.json
multi-complete,standard,pca_ridge,0,acc,temperature,0.487446849544843,results/models/multi-complete/pca_ridge/metrics_standard.json,results/models/multi-complete/pca_ridge/predictions.npz,results/models/multi-complete/pca_ridge/config.json
multi-complete,standard,pca_ridge,0,acc,specific_humidity_dex,0.8000617954466078,results/models/multi-complete/pca_ridge/metrics_standard.json,results/models/multi-complete/pca_ridge/predictions.npz,results/models/multi-complete/pca_ridge/config.json
multi-complete,standard,pca_ridge,0,acc,cloud_fraction,0.6547026038169861,results/models/multi-complete/pca_ridge/metrics_standard.json,results/models/multi-complete/pca_ridge/predictions.npz,results/models/multi-complete/pca_ridge/config.json
multi-complete,standard,pca_ridge,0,acc,u,0.6095254586802589,results/models/multi-complete/pca_ridge/metrics_standard.json,results/models/multi-complete/pca_ridge/predictions.npz,results/models/multi-complete/pca_ridge/config.json
multi-complete,standard,pca_ridge,0,acc,v,0.6291938457224104,results/models/multi-complete/pca_ridge/metrics_standard.json,results/models/multi-complete/pca_ridge/predictions.npz,results/models/multi-complete/pca_ridge/config.json
multi-complete,standard,pca_ridge,0,acc,asr,0.9956196546554565,results/models/multi-complete/pca_ridge/metrics_standard.json,results/models/multi-complete/pca_ridge/predictions.npz,results/models/multi-complete/pca_ridge/config.json
multi-complete,standard,pca_ridge,0,acc,olr,0.8239115476608276,results/models/multi-complete/pca_ridge/metrics_standard.json,results/models/multi-complete/pca_ridge/predictions.npz,results/models/multi-complete/pca_ridge/config.json
multi-complete,standard,pca_ridge,0,ramse,surface_temperature,16.513559341430664,results/models/multi-complete/pca_ridge/metrics_standard.json,results/models/multi-complete/pca_ridge/predictions.npz,results/models/multi-complete/pca_ridge/config.json
multi-complete,standard,pca_ridge,0,ramse,temperature,14.051657888624403,results/models/multi-complete/pca_ridge/metrics_standard.json,results/models/multi-complete/pca_ridge/predictions.npz,results/models/multi-complete/pca_ridge/config.json
multi-complete,standard,pca_ridge,0,ramse,specific_humidity_dex,0.6783849861886766,results/models/multi-complete/pca_ridge/metrics_standard.json,results/models/multi-complete/pca_ridge/predictions.npz,results/models/multi-complete/pca_ridge/config.json
multi-complete,standard,pca_ridge,0,ramse,cloud_fraction,0.13349736233552298,results/models/multi-complete/pca_ridge/metrics_standard.json,results/models/multi-complete/pca_ridge/predictions.npz,results/models/multi-complete/pca_ridge/config.json
multi-complete,standard,pca_ridge,0,ramse,u,14.152244991726345,results/models/multi-complete/pca_ridge/metrics_standard.json,results/models/multi-complete/pca_ridge/predictions.npz,results/models/multi-complete/pca_ridge/config.json
multi-complete,standard,pca_ridge,0,ramse,v,6.369026528464423,results/models/multi-complete/pca_ridge/metrics_standard.json,results/models/multi-complete/pca_ridge/predictions.npz,results/models/multi-complete/pca_ridge/config.json
multi-complete,standard,pca_ridge,0,ramse,asr,33.96530532836914,results/models/multi-complete/pca_ridge/metrics_standard.json,results/models/multi-complete/pca_ridge/predictions.npz,results/models/multi-complete/pca_ridge/config.json
multi-complete,standard,pca_ridge,0,ramse,olr,26.01255226135254,results/models/multi-complete/pca_ridge/metrics_standard.json,results/models/multi-complete/pca_ridge/predictions.npz,results/models/multi-complete/pca_ridge/config.json
multi-complete,shared_planets,pca_ridge,0,relative_rmse,surface_temperature,1.3151476383209229,results/models/multi-complete/pca_ridge/metrics_shared_planets.json,results/models/multi-complete/pca_ridge/predictions_shared_planets.npz,results/models/multi-complete/pca_ridge/config.json
multi-complete,shared_planets,pca_ridge,0,relative_rmse,temperature,1.118369460105896,results/models/multi-complete/pca_ridge/metrics_shared_planets.json,results/models/multi-complete/pca_ridge/predictions_shared_planets.npz,results/models/multi-complete/pca_ridge/config.json
multi-complete,shared_planets,pca_ridge,0,relative_rmse,specific_humidity_dex,1.072640061378479,results/models/multi-complete/pca_ridge/metrics_shared_planets.json,results/models/multi-complete/pca_ridge/predictions_shared_planets.npz,results/models/multi-complete/pca_ridge/config.json
multi-complete,shared_planets,pca_ridge,0,relative_rmse,cloud_fraction,0.7123755812644958,results/models/multi-complete/pca_ridge/metrics_shared_planets.json,results/models/multi-complete/pca_ridge/predictions_shared_planets.npz,results/models/multi-complete/pca_ridge/config.json
multi-complete,shared_planets,pca_ridge,0,relative_rmse,u,1.1296186447143555,results/models/multi-complete/pca_ridge/metrics_shared_planets.json,results/models/multi-complete/pca_ridge/predictions_shared_planets.npz,results/models/multi-complete/pca_ridge/config.json
multi-complete,shared_planets,pca_ridge,0,relative_rmse,v,0.9619936943054199,results/models/multi-complete/pca_ridge/metrics_shared_planets.json,results/models/multi-complete/pca_ridge/predictions_shared_planets.npz,results/models/multi-complete/pca_ridge/config.json
multi-complete,shared_planets,pca_ridge,0,relative_rmse,asr,0.8124312162399292,results/models/multi-complete/pca_ridge/metrics_shared_planets.json,results/models/multi-complete/pca_ridge/predictions_shared_planets.npz,results/models/multi-complete/pca_ridge/config.json
multi-complete,shared_planets,pca_ridge,0,relative_rmse,olr,0.9876002073287964,results/models/multi-complete/pca_ridge/metrics_shared_planets.json,results/models/multi-complete/pca_ridge/predictions_shared_planets.npz,results/models/multi-complete/pca_ridge/config.json
multi-complete,shared_planets,pca_ridge,0,relative_acc,surface_temperature,1.0441426038742065,results/models/multi-complete/pca_ridge/metrics_shared_planets.json,results/models/multi-complete/pca_ridge/predictions_shared_planets.npz,results/models/multi-complete/pca_ridge/config.json
multi-complete,shared_planets,pca_ridge,0,relative_acc,temperature,1.2042659521102905,results/models/multi-complete/pca_ridge/metrics_shared_planets.json,results/models/multi-complete/pca_ridge/predictions_shared_planets.npz,results/models/multi-complete/pca_ridge/config.json
multi-complete,shared_planets,pca_ridge,0,relative_acc,specific_humidity_dex,1.2301877737045288,results/models/multi-complete/pca_ridge/metrics_shared_planets.json,results/models/multi-complete/pca_ridge/predictions_shared_planets.npz,results/models/multi-complete/pca_ridge/config.json
multi-complete,shared_planets,pca_ridge,0,relative_acc,cloud_fraction,1.3152459859848022,results/models/multi-complete/pca_ridge/metrics_shared_planets.json,results/models/multi-complete/pca_ridge/predictions_shared_planets.npz,results/models/multi-complete/pca_ridge/config.json
multi-complete,shared_planets,pca_ridge,0,relative_acc,u,4.336588382720947,results/models/multi-complete/pca_ridge/metrics_shared_planets.json,results/models/multi-complete/pca_ridge/predictions_shared_planets.npz,results/models/multi-complete/pca_ridge/config.json
multi-complete,shared_planets,pca_ridge,0,relative_acc,v,1.214065670967102,results/models/multi-complete/pca_ridge/metrics_shared_planets.json,results/models/multi-complete/pca_ridge/predictions_shared_planets.npz,results/models/multi-complete/pca_ridge/config.json
multi-complete,shared_planets,pca_ridge,0,relative_acc,asr,1.0048893690109253,results/models/multi-complete/pca_ridge/metrics_shared_planets.json,results/models/multi-complete/pca_ridge/predictions_shared_planets.npz,results/models/multi-complete/pca_ridge/config.json
multi-complete,shared_planets,pca_ridge,0,relative_acc,olr,1.1154990196228027,results/models/multi-complete/pca_ridge/metrics_shared_planets.json,results/models/multi-complete/pca_ridge/predictions_shared_planets.npz,results/models/multi-complete/pca_ridge/config.json
multi-complete,standard,ppca_icm,0,rmse,surface_temperature,11.19845962524414,results/models/multi-complete/ppca_icm/metrics_standard.json,results/models/multi-complete/ppca_icm/predictions.npz,results/models/multi-complete/ppca_icm/config.json
multi-complete,standard,ppca_icm,0,rmse,temperature,9.59494505988227,results/models/multi-complete/ppca_icm/metrics_standard.json,results/models/multi-complete/ppca_icm/predictions.npz,results/models/multi-complete/ppca_icm/config.json
multi-complete,standard,ppca_icm,0,rmse,specific_humidity_dex,0.4594350258509318,results/models/multi-complete/ppca_icm/metrics_standard.json,results/models/multi-complete/ppca_icm/predictions.npz,results/models/multi-complete/ppca_icm/config.json
multi-complete,standard,ppca_icm,0,rmse,cloud_fraction,0.08782717088858287,results/models/multi-complete/ppca_icm/metrics_standard.json,results/models/multi-complete/ppca_icm/predictions.npz,results/models/multi-complete/ppca_icm/config.json
multi-complete,standard,ppca_icm,0,rmse,u,8.632474422454834,results/models/multi-complete/ppca_icm/metrics_standard.json,results/models/multi-complete/ppca_icm/predictions.npz,results/models/multi-complete/ppca_icm/config.json
multi-complete,standard,ppca_icm,0,rmse,v,4.220714039272732,results/models/multi-complete/ppca_icm/metrics_standard.json,results/models/multi-complete/ppca_icm/predictions.npz,results/models/multi-complete/ppca_icm/config.json
multi-complete,standard,ppca_icm,0,rmse,asr,26.115436553955078,results/models/multi-complete/ppca_icm/metrics_standard.json,results/models/multi-complete/ppca_icm/predictions.npz,results/models/multi-complete/ppca_icm/config.json
multi-complete,standard,ppca_icm,0,rmse,olr,18.169906616210938,results/models/multi-complete/ppca_icm/metrics_standard.json,results/models/multi-complete/ppca_icm/predictions.npz,results/models/multi-complete/ppca_icm/config.json
multi-complete,standard,ppca_icm,0,acc,surface_temperature,0.9726523160934448,results/models/multi-complete/ppca_icm/metrics_standard.json,results/models/multi-complete/ppca_icm/predictions.npz,results/models/multi-complete/ppca_icm/config.json
multi-complete,standard,ppca_icm,0,acc,temperature,0.6633215745290121,results/models/multi-complete/ppca_icm/metrics_standard.json,results/models/multi-complete/ppca_icm/predictions.npz,results/models/multi-complete/ppca_icm/config.json
multi-complete,standard,ppca_icm,0,acc,specific_humidity_dex,0.8346795505947537,results/models/multi-complete/ppca_icm/metrics_standard.json,results/models/multi-complete/ppca_icm/predictions.npz,results/models/multi-complete/ppca_icm/config.json
multi-complete,standard,ppca_icm,0,acc,cloud_fraction,0.7355659339163039,results/models/multi-complete/ppca_icm/metrics_standard.json,results/models/multi-complete/ppca_icm/predictions.npz,results/models/multi-complete/ppca_icm/config.json
multi-complete,standard,ppca_icm,0,acc,u,0.7228677140341865,results/models/multi-complete/ppca_icm/metrics_standard.json,results/models/multi-complete/ppca_icm/predictions.npz,results/models/multi-complete/ppca_icm/config.json
multi-complete,standard,ppca_icm,0,acc,v,0.683945831325319,results/models/multi-complete/ppca_icm/metrics_standard.json,results/models/multi-complete/ppca_icm/predictions.npz,results/models/multi-complete/ppca_icm/config.json
multi-complete,standard,ppca_icm,0,acc,asr,0.9962651133537292,results/models/multi-complete/ppca_icm/metrics_standard.json,results/models/multi-complete/ppca_icm/predictions.npz,results/models/multi-complete/ppca_icm/config.json
multi-complete,standard,ppca_icm,0,acc,olr,0.8651459217071533,results/models/multi-complete/ppca_icm/metrics_standard.json,results/models/multi-complete/ppca_icm/predictions.npz,results/models/multi-complete/ppca_icm/config.json
multi-complete,standard,ppca_icm,0,ramse,surface_temperature,11.462922096252441,results/models/multi-complete/ppca_icm/metrics_standard.json,results/models/multi-complete/ppca_icm/predictions.npz,results/models/multi-complete/ppca_icm/config.json
multi-complete,standard,ppca_icm,0,ramse,temperature,9.92789755927192,results/models/multi-complete/ppca_icm/metrics_standard.json,results/models/multi-complete/ppca_icm/predictions.npz,results/models/multi-complete/ppca_icm/config.json
multi-complete,standard,ppca_icm,0,ramse,specific_humidity_dex,0.4816383123397827,results/models/multi-complete/ppca_icm/metrics_standard.json,results/models/multi-complete/ppca_icm/predictions.npz,results/models/multi-complete/ppca_icm/config.json
multi-complete,standard,ppca_icm,0,ramse,cloud_fraction,0.101410956432422,results/models/multi-complete/ppca_icm/metrics_standard.json,results/models/multi-complete/ppca_icm/predictions.npz,results/models/multi-complete/ppca_icm/config.json
multi-complete,standard,ppca_icm,0,ramse,u,10.249012125862969,results/models/multi-complete/ppca_icm/metrics_standard.json,results/models/multi-complete/ppca_icm/predictions.npz,results/models/multi-complete/ppca_icm/config.json
multi-complete,standard,ppca_icm,0,ramse,v,5.06624452273051,results/models/multi-complete/ppca_icm/metrics_standard.json,results/models/multi-complete/ppca_icm/predictions.npz,results/models/multi-complete/ppca_icm/config.json
multi-complete,standard,ppca_icm,0,ramse,asr,27.91143226623535,results/models/multi-complete/ppca_icm/metrics_standard.json,results/models/multi-complete/ppca_icm/predictions.npz,results/models/multi-complete/ppca_icm/config.json
multi-complete,standard,ppca_icm,0,ramse,olr,19.57210350036621,results/models/multi-complete/ppca_icm/metrics_standard.json,results/models/multi-complete/ppca_icm/predictions.npz,results/models/multi-complete/ppca_icm/config.json
multi-complete,standard,ppca_icm,0,energy_score,surface_temperature,8.73499584197998,results/models/multi-complete/ppca_icm/metrics_standard.json,results/models/multi-complete/ppca_icm/predictions.npz,results/models/multi-complete/ppca_icm/config.json
multi-complete,standard,ppca_icm,0,energy_score,temperature,7.669638209872776,results/models/multi-complete/ppca_icm/metrics_standard.json,results/models/multi-complete/ppca_icm/predictions.npz,results/models/multi-complete/ppca_icm/config.json
multi-complete,standard,ppca_icm,0,energy_score,specific_humidity_dex,0.3556734886434343,results/models/multi-complete/ppca_icm/metrics_standard.json,results/models/multi-complete/ppca_icm/predictions.npz,results/models/multi-complete/ppca_icm/config.json
multi-complete,standard,ppca_icm,0,energy_score,cloud_fraction,0.07060797678099738,results/models/multi-complete/ppca_icm/metrics_standard.json,results/models/multi-complete/ppca_icm/predictions.npz,results/models/multi-complete/ppca_icm/config.json
multi-complete,standard,ppca_icm,0,energy_score,u,7.269776238335504,results/models/multi-complete/ppca_icm/metrics_standard.json,results/models/multi-complete/ppca_icm/predictions.npz,results/models/multi-complete/ppca_icm/config.json
multi-complete,standard,ppca_icm,0,energy_score,v,3.4755261739095054,results/models/multi-complete/ppca_icm/metrics_standard.json,results/models/multi-complete/ppca_icm/predictions.npz,results/models/multi-complete/ppca_icm/config.json
multi-complete,standard,ppca_icm,0,energy_score,asr,20.696880340576172,results/models/multi-complete/ppca_icm/metrics_standard.json,results/models/multi-complete/ppca_icm/predictions.npz,results/models/multi-complete/ppca_icm/config.json
multi-complete,standard,ppca_icm,0,energy_score,olr,14.104959487915039,results/models/multi-complete/ppca_icm/metrics_standard.json,results/models/multi-complete/ppca_icm/predictions.npz,results/models/multi-complete/ppca_icm/config.json
multi-complete,standard,ppca_icm,0,spread_skill_ratio,surface_temperature,0.6278761029243469,results/models/multi-complete/ppca_icm/metrics_standard.json,results/models/multi-complete/ppca_icm/predictions.npz,results/models/multi-complete/ppca_icm/config.json
multi-complete,standard,ppca_icm,0,spread_skill_ratio,temperature,0.5330354207091861,results/models/multi-complete/ppca_icm/metrics_standard.json,results/models/multi-complete/ppca_icm/predictions.npz,results/models/multi-complete/ppca_icm/config.json
multi-complete,standard,ppca_icm,0,spread_skill_ratio,specific_humidity_dex,0.6962316168679131,results/models/multi-complete/ppca_icm/metrics_standard.json,results/models/multi-complete/ppca_icm/predictions.npz,results/models/multi-complete/ppca_icm/config.json
multi-complete,standard,ppca_icm,0,spread_skill_ratio,cloud_fraction,0.3789978325366974,results/models/multi-complete/ppca_icm/metrics_standard.json,results/models/multi-complete/ppca_icm/predictions.npz,results/models/multi-complete/ppca_icm/config.json
multi-complete,standard,ppca_icm,0,spread_skill_ratio,u,0.285539953245057,results/models/multi-complete/ppca_icm/metrics_standard.json,results/models/multi-complete/ppca_icm/predictions.npz,results/models/multi-complete/ppca_icm/config.json
multi-complete,standard,ppca_icm,0,spread_skill_ratio,v,0.34280197156800163,results/models/multi-complete/ppca_icm/metrics_standard.json,results/models/multi-complete/ppca_icm/predictions.npz,results/models/multi-complete/ppca_icm/config.json
multi-complete,standard,ppca_icm,0,spread_skill_ratio,asr,0.3997899889945984,results/models/multi-complete/ppca_icm/metrics_standard.json,results/models/multi-complete/ppca_icm/predictions.npz,results/models/multi-complete/ppca_icm/config.json
multi-complete,standard,ppca_icm,0,spread_skill_ratio,olr,0.4930724799633026,results/models/multi-complete/ppca_icm/metrics_standard.json,results/models/multi-complete/ppca_icm/predictions.npz,results/models/multi-complete/ppca_icm/config.json
multi-complete,shared_planets,ppca_icm,0,relative_rmse,surface_temperature,1.0384708642959595,results/models/multi-complete/ppca_icm/metrics_shared_planets.json,results/models/multi-complete/ppca_icm/predictions_shared_planets.npz,results/models/multi-complete/ppca_icm/config.json
multi-complete,shared_planets,ppca_icm,0,relative_rmse,temperature,0.9352042078971863,results/models/multi-complete/ppca_icm/metrics_shared_planets.json,results/models/multi-complete/ppca_icm/predictions_shared_planets.npz,results/models/multi-complete/ppca_icm/config.json
multi-complete,shared_planets,ppca_icm,0,relative_rmse,specific_humidity_dex,0.8526973724365234,results/models/multi-complete/ppca_icm/metrics_shared_planets.json,results/models/multi-complete/ppca_icm/predictions_shared_planets.npz,results/models/multi-complete/ppca_icm/config.json
multi-complete,shared_planets,ppca_icm,0,relative_rmse,cloud_fraction,0.6150582432746887,results/models/multi-complete/ppca_icm/metrics_shared_planets.json,results/models/multi-complete/ppca_icm/predictions_shared_planets.npz,results/models/multi-complete/ppca_icm/config.json
multi-complete,shared_planets,ppca_icm,0,relative_rmse,u,0.8541409373283386,results/models/multi-complete/ppca_icm/metrics_shared_planets.json,results/models/multi-complete/ppca_icm/predictions_shared_planets.npz,results/models/multi-complete/ppca_icm/config.json
multi-complete,shared_planets,ppca_icm,0,relative_rmse,v,0.8122640252113342,results/models/multi-complete/ppca_icm/metrics_shared_planets.json,results/models/multi-complete/ppca_icm/predictions_shared_planets.npz,results/models/multi-complete/ppca_icm/config.json
multi-complete,shared_planets,ppca_icm,0,relative_rmse,asr,0.7374749183654785,results/models/multi-complete/ppca_icm/metrics_shared_planets.json,results/models/multi-complete/ppca_icm/predictions_shared_planets.npz,results/models/multi-complete/ppca_icm/config.json
multi-complete,shared_planets,ppca_icm,0,relative_rmse,olr,0.7962794303894043,results/models/multi-complete/ppca_icm/metrics_shared_planets.json,results/models/multi-complete/ppca_icm/predictions_shared_planets.npz,results/models/multi-complete/ppca_icm/config.json
multi-complete,shared_planets,ppca_icm,0,relative_acc,surface_temperature,1.05392587184906,results/models/multi-complete/ppca_icm/metrics_shared_planets.json,results/models/multi-complete/ppca_icm/predictions_shared_planets.npz,results/models/multi-complete/ppca_icm/config.json
multi-complete,shared_planets,ppca_icm,0,relative_acc,temperature,1.624626636505127,results/models/multi-complete/ppca_icm/metrics_shared_planets.json,results/models/multi-complete/ppca_icm/predictions_shared_planets.npz,results/models/multi-complete/ppca_icm/config.json
multi-complete,shared_planets,ppca_icm,0,relative_acc,specific_humidity_dex,1.2784373760223389,results/models/multi-complete/ppca_icm/metrics_shared_planets.json,results/models/multi-complete/ppca_icm/predictions_shared_planets.npz,results/models/multi-complete/ppca_icm/config.json
multi-complete,shared_planets,ppca_icm,0,relative_acc,cloud_fraction,1.4027342796325684,results/models/multi-complete/ppca_icm/metrics_shared_planets.json,results/models/multi-complete/ppca_icm/predictions_shared_planets.npz,results/models/multi-complete/ppca_icm/config.json
multi-complete,shared_planets,ppca_icm,0,relative_acc,u,5.058389663696289,results/models/multi-complete/ppca_icm/metrics_shared_planets.json,results/models/multi-complete/ppca_icm/predictions_shared_planets.npz,results/models/multi-complete/ppca_icm/config.json
multi-complete,shared_planets,ppca_icm,0,relative_acc,v,1.3230952024459839,results/models/multi-complete/ppca_icm/metrics_shared_planets.json,results/models/multi-complete/ppca_icm/predictions_shared_planets.npz,results/models/multi-complete/ppca_icm/config.json
multi-complete,shared_planets,ppca_icm,0,relative_acc,asr,1.0048081874847412,results/models/multi-complete/ppca_icm/metrics_shared_planets.json,results/models/multi-complete/ppca_icm/predictions_shared_planets.npz,results/models/multi-complete/ppca_icm/config.json
multi-complete,shared_planets,ppca_icm,0,relative_acc,olr,1.1407489776611328,results/models/multi-complete/ppca_icm/metrics_shared_planets.json,results/models/multi-complete/ppca_icm/predictions_shared_planets.npz,results/models/multi-complete/ppca_icm/config.json
multi-complete,shared_planets,ppca_icm,0,relative_energy_score,surface_temperature,0.8107816576957703,results/models/multi-complete/ppca_icm/metrics_shared_planets.json,results/models/multi-complete/ppca_icm/predictions_shared_planets.npz,results/models/multi-complete/ppca_icm/config.json
multi-complete,shared_planets,ppca_icm,0,relative_energy_score,temperature,0.7292055487632751,results/models/multi-complete/ppca_icm/metrics_shared_planets.json,results/models/multi-complete/ppca_icm/predictions_shared_planets.npz,results/models/multi-complete/ppca_icm/config.json
multi-complete,shared_planets,ppca_icm,0,relative_energy_score,specific_humidity_dex,0.6454328894615173,results/models/multi-complete/ppca_icm/metrics_shared_planets.json,results/models/multi-complete/ppca_icm/predictions_shared_planets.npz,results/models/multi-complete/ppca_icm/config.json
multi-complete,shared_planets,ppca_icm,0,relative_energy_score,cloud_fraction,0.4950362741947174,results/models/multi-complete/ppca_icm/metrics_shared_planets.json,results/models/multi-complete/ppca_icm/predictions_shared_planets.npz,results/models/multi-complete/ppca_icm/config.json
multi-complete,shared_planets,ppca_icm,0,relative_energy_score,u,0.7008876204490662,results/models/multi-complete/ppca_icm/metrics_shared_planets.json,results/models/multi-complete/ppca_icm/predictions_shared_planets.npz,results/models/multi-complete/ppca_icm/config.json
multi-complete,shared_planets,ppca_icm,0,relative_energy_score,v,0.6546419858932495,results/models/multi-complete/ppca_icm/metrics_shared_planets.json,results/models/multi-complete/ppca_icm/predictions_shared_planets.npz,results/models/multi-complete/ppca_icm/config.json
multi-complete,shared_planets,ppca_icm,0,relative_energy_score,asr,0.5801184773445129,results/models/multi-complete/ppca_icm/metrics_shared_planets.json,results/models/multi-complete/ppca_icm/predictions_shared_planets.npz,results/models/multi-complete/ppca_icm/config.json
multi-complete,shared_planets,ppca_icm,0,relative_energy_score,olr,0.6204069256782532,results/models/multi-complete/ppca_icm/metrics_shared_planets.json,results/models/multi-complete/ppca_icm/predictions_shared_planets.npz,results/models/multi-complete/ppca_icm/config.json
multi-complete,standard,ppca_icm,1,rmse,surface_temperature,11.200739860534668,,,
multi-complete,standard,ppca_icm,1,rmse,temperature,9.595178816053602,,,
multi-complete,standard,ppca_icm,1,rmse,specific_humidity_dex,0.45955435434977215,,,
multi-complete,standard,ppca_icm,1,rmse,cloud_fraction,0.0878322824007935,,,
multi-complete,standard,ppca_icm,1,rmse,u,8.631443844901192,,,
multi-complete,standard,ppca_icm,1,rmse,v,4.221059322357178,,,
multi-complete,standard,ppca_icm,1,rmse,asr,26.121335983276367,,,
multi-complete,standard,ppca_icm,1,rmse,olr,18.182144165039062,,,
multi-complete,standard,ppca_icm,1,acc,surface_temperature,0.9725902080535889,,,
multi-complete,standard,ppca_icm,1,acc,temperature,0.6635333597660065,,,
multi-complete,standard,ppca_icm,1,acc,specific_humidity_dex,0.8344409995608859,,,
multi-complete,standard,ppca_icm,1,acc,cloud_fraction,0.7355360123846266,,,
multi-complete,standard,ppca_icm,1,acc,u,0.7227762076589797,,,
multi-complete,standard,ppca_icm,1,acc,v,0.6841958827442594,,,
multi-complete,standard,ppca_icm,1,acc,asr,0.9962576627731323,,,
multi-complete,standard,ppca_icm,1,acc,olr,0.865111231803894,,,
multi-complete,standard,ppca_icm,1,ramse,surface_temperature,11.465252876281738,,,
multi-complete,standard,ppca_icm,1,ramse,temperature,9.928019523620605,,,
multi-complete,standard,ppca_icm,1,ramse,specific_humidity_dex,0.48181355661816067,,,
multi-complete,standard,ppca_icm,1,ramse,cloud_fraction,0.1014291714462969,,,
multi-complete,standard,ppca_icm,1,ramse,u,10.246540096071032,,,
multi-complete,standard,ppca_icm,1,ramse,v,5.066320737202962,,,
multi-complete,standard,ppca_icm,1,ramse,asr,27.916322708129883,,,
multi-complete,standard,ppca_icm,1,ramse,olr,19.583402633666992,,,
multi-complete,standard,ppca_icm,1,energy_score,surface_temperature,8.742867469787598,,,
multi-complete,standard,ppca_icm,1,energy_score,temperature,7.633611626095242,,,
multi-complete,standard,ppca_icm,1,energy_score,specific_humidity_dex,0.35574891832139754,,,
multi-complete,standard,ppca_icm,1,energy_score,cloud_fraction,0.07071368479066426,,,
multi-complete,standard,ppca_icm,1,energy_score,u,7.2840735912323,,,
multi-complete,standard,ppca_icm,1,energy_score,v,3.4841438796785145,,,
multi-complete,standard,ppca_icm,1,energy_score,asr,20.76380157470703,,,
multi-complete,standard,ppca_icm,1,energy_score,olr,14.112926483154297,,,
multi-complete,standard,ppca_icm,1,spread_skill_ratio,surface_temperature,0.6308690309524536,,,
multi-complete,standard,ppca_icm,1,spread_skill_ratio,temperature,0.5462299982706705,,,
multi-complete,standard,ppca_icm,1,spread_skill_ratio,specific_humidity_dex,0.6919486125310262,,,
multi-complete,standard,ppca_icm,1,spread_skill_ratio,cloud_fraction,0.3764108353190952,,,
multi-complete,standard,ppca_icm,1,spread_skill_ratio,u,0.282699391245842,,,
multi-complete,standard,ppca_icm,1,spread_skill_ratio,v,0.3464828001128303,,,
multi-complete,standard,ppca_icm,1,spread_skill_ratio,asr,0.3948984444141388,,,
multi-complete,standard,ppca_icm,1,spread_skill_ratio,olr,0.4861495792865753,,,
multi-complete,shared_planets,ppca_icm,1,relative_rmse,surface_temperature,1.0398619174957275,,,
multi-complete,shared_planets,ppca_icm,1,relative_rmse,temperature,0.9356786608695984,,,
multi-complete,shared_planets,ppca_icm,1,relative_rmse,specific_humidity_dex,0.8536124229431152,,,
multi-complete,shared_planets,ppca_icm,1,relative_rmse,cloud_fraction,0.6148744821548462,,,
multi-complete,shared_planets,ppca_icm,1,relative_rmse,u,0.854081928730011,,,
multi-complete,shared_planets,ppca_icm,1,relative_rmse,v,0.8124117851257324,,,
multi-complete,shared_planets,ppca_icm,1,relative_rmse,asr,0.7376213669776917,,,
multi-complete,shared_planets,ppca_icm,1,relative_rmse,olr,0.7976594567298889,,,
multi-complete,shared_planets,ppca_icm,1,relative_acc,surface_temperature,1.0539062023162842,,,
multi-complete,shared_planets,ppca_icm,1,relative_acc,temperature,1.6249966621398926,,,
multi-complete,shared_planets,ppca_icm,1,relative_acc,specific_humidity_dex,1.2786245346069336,,,
multi-complete,shared_planets,ppca_icm,1,relative_acc,cloud_fraction,1.4031953811645508,,,
multi-complete,shared_planets,ppca_icm,1,relative_acc,u,5.060472011566162,,,
multi-complete,shared_planets,ppca_icm,1,relative_acc,v,1.3248703479766846,,,
multi-complete,shared_planets,ppca_icm,1,relative_acc,asr,1.0048049688339233,,,
multi-complete,shared_planets,ppca_icm,1,relative_acc,olr,1.1405036449432373,,,
multi-complete,shared_planets,ppca_icm,1,relative_energy_score,surface_temperature,0.8063127994537354,,,
multi-complete,shared_planets,ppca_icm,1,relative_energy_score,temperature,0.7284855246543884,,,
multi-complete,shared_planets,ppca_icm,1,relative_energy_score,specific_humidity_dex,0.64504075050354,,,
multi-complete,shared_planets,ppca_icm,1,relative_energy_score,cloud_fraction,0.4944392144680023,,,
multi-complete,shared_planets,ppca_icm,1,relative_energy_score,u,0.7039240002632141,,,
multi-complete,shared_planets,ppca_icm,1,relative_energy_score,v,0.6592256426811218,,,
multi-complete,shared_planets,ppca_icm,1,relative_energy_score,asr,0.5814858078956604,,,
multi-complete,shared_planets,ppca_icm,1,relative_energy_score,olr,0.6199086308479309,,,
multi-complete,standard,ppca_icm,2,rmse,surface_temperature,11.212997436523438,,,
multi-complete,standard,ppca_icm,2,rmse,temperature,9.591350237528482,,,
multi-complete,standard,ppca_icm,2,rmse,specific_humidity_dex,0.4595970610777537,,,
multi-complete,standard,ppca_icm,2,rmse,cloud_fraction,0.08780617556638187,,,
multi-complete,standard,ppca_icm,2,rmse,u,8.63088313738505,,,
multi-complete,standard,ppca_icm,2,rmse,v,4.2204517523447675,,,
multi-complete,standard,ppca_icm,2,rmse,asr,26.126949310302734,,,
multi-complete,standard,ppca_icm,2,rmse,olr,18.180166244506836,,,
multi-complete,standard,ppca_icm,2,acc,surface_temperature,0.9725212454795837,,,
multi-complete,standard,ppca_icm,2,acc,temperature,0.6628462970256805,,,
multi-complete,standard,ppca_icm,2,acc,specific_humidity_dex,0.8348422580295138,,,
multi-complete,standard,ppca_icm,2,acc,cloud_fraction,0.7354596787028842,,,
multi-complete,standard,ppca_icm,2,acc,u,0.7230072220166525,,,
multi-complete,standard,ppca_icm,2,acc,v,0.6837480101320479,,,
multi-complete,standard,ppca_icm,2,acc,asr,0.9962684512138367,,,
multi-complete,standard,ppca_icm,2,acc,olr,0.8647541403770447,,,
multi-complete,standard,ppca_icm,2,ramse,surface_temperature,11.479039192199707,,,
multi-complete,standard,ppca_icm,2,ramse,temperature,9.922611554463705,,,
multi-complete,standard,ppca_icm,2,ramse,specific_humidity_dex,0.4816604091061486,,,
multi-complete,standard,ppca_icm,2,ramse,cloud_fraction,0.10136946083770858,,,
multi-complete,standard,ppca_icm,2,ramse,u,10.246469842063057,,,
multi-complete,standard,ppca_icm,2,ramse,v,5.064617289437188,,,
multi-complete,standard,ppca_icm,2,ramse,asr,27.918304443359375,,,
multi-complete,standard,ppca_icm,2,ramse,olr,19.590879440307617,,,
multi-complete,standard,ppca_icm,2,energy_score,surface_temperature,8.724675178527832,,,
multi-complete,standard,ppca_icm,2,energy_score,temperature,7.599998686048719,,,
multi-complete,standard,ppca_icm,2,energy_score,specific_humidity_dex,0.35345766610569423,,,
multi-complete,standard,ppca_icm,2,energy_score,cloud_fraction,0.07072850689291954,,,
multi-complete,standard,ppca_icm,2,energy_score,u,7.251594569947985,,,
multi-complete,standard,ppca_icm,2,energy_score,v,3.4697304434246488,,,
multi-complete,standard,ppca_icm,2,energy_score,asr,20.817440032958984,,,
multi-complete,standard,ppca_icm,2,energy_score,olr,14.231142044067383,,,
multi-complete,standard,ppca_icm,2,spread_skill_ratio,surface_temperature,0.6405279040336609,,,
multi-complete,standard,ppca_icm,2,spread_skill_ratio,temperature,0.5508485403325822,,,
multi-complete,standard,ppca_icm,2,spread_skill_ratio,specific_humidity_dex,0.7153708404964871,,,
multi-complete,standard,ppca_icm,2,spread_skill_ratio,cloud_fraction,0.3774184849527147,,,
multi-complete,standard,ppca_icm,2,spread_skill_ratio,u,0.28887548711564803,,,
multi-complete,standard,ppca_icm,2,spread_skill_ratio,v,0.34535444113943314,,,
multi-complete,standard,ppca_icm,2,spread_skill_ratio,asr,0.40453100204467773,,,
multi-complete,standard,ppca_icm,2,spread_skill_ratio,olr,0.4925896227359772,,,
multi-complete,shared_planets,ppca_icm,2,relative_rmse,surface_temperature,1.0405255556106567,,,
multi-complete,shared_planets,ppca_icm,2,relative_rmse,temperature,0.934666097164154,,,
multi-complete,shared_planets,ppca_icm,2,relative_rmse,specific_humidity_dex,0.8537792563438416,,,
multi-complete,shared_planets,ppca_icm,2,relative_rmse,cloud_fraction,0.615010142326355,,,
multi-complete,shared_planets,ppca_icm,2,relative_rmse,u,0.8541088700294495,,,
multi-complete,shared_planets,ppca_icm,2,relative_rmse,v,0.8126488327980042,,,
multi-complete,shared_planets,ppca_icm,2,relative_rmse,asr,0.7374910116195679,,,
multi-complete,shared_planets,ppca_icm,2,relative_rmse,olr,0.7969114780426025,,,
multi-complete,shared_planets,ppca_icm,2,relative_acc,surface_temperature,1.0536843538284302,,,
multi-complete,shared_planets,ppca_icm,2,relative_acc,temperature,1.6242386102676392,,,
multi-complete,shared_planets,ppca_icm,2,relative_acc,specific_humidity_dex,1.2790051698684692,,,
multi-complete,shared_planets,ppca_icm,2,relative_acc,cloud_fraction,1.40294349193573,,,
multi-complete,shared_planets,ppca_icm,2,relative_acc,u,5.061105251312256,,,
multi-complete,shared_planets,ppca_icm,2,relative_acc,v,1.3217054605484009,,,
multi-complete,shared_planets,ppca_icm,2,relative_acc,asr,1.0048106908798218,,,
multi-complete,shared_planets,ppca_icm,2,relative_acc,olr,1.1399054527282715,,,
multi-complete,shared_planets,ppca_icm,2,relative_energy_score,surface_temperature,0.7899540662765503,,,
multi-complete,shared_planets,ppca_icm,2,relative_energy_score,temperature,0.7135546207427979,,,
multi-complete,shared_planets,ppca_icm,2,relative_energy_score,specific_humidity_dex,0.6287040710449219,,,
multi-complete,shared_planets,ppca_icm,2,relative_energy_score,cloud_fraction,0.495057612657547,,,
multi-complete,shared_planets,ppca_icm,2,relative_energy_score,u,0.7001544833183289,,,
multi-complete,shared_planets,ppca_icm,2,relative_energy_score,v,0.6545417308807373,,,
multi-complete,shared_planets,ppca_icm,2,relative_energy_score,asr,0.5817168951034546,,,
multi-complete,shared_planets,ppca_icm,2,relative_energy_score,olr,0.6189063787460327,,,
multi-complete,standard,ppca_icm,3,rmse,surface_temperature,11.199747085571289,,,
multi-complete,standard,ppca_icm,3,rmse,temperature,9.59698518117269,,,
multi-complete,standard,ppca_icm,3,rmse,specific_humidity_dex,0.4594411618179745,,,
multi-complete,standard,ppca_icm,3,rmse,cloud_fraction,0.08782214009099537,,,
multi-complete,standard,ppca_icm,3,rmse,u,8.633021805021498,,,
multi-complete,standard,ppca_icm,3,rmse,v,4.221546332041423,,,
multi-complete,standard,ppca_icm,3,rmse,asr,26.115266799926758,,,
multi-complete,standard,ppca_icm,3,rmse,olr,18.171281814575195,,,
multi-complete,standard,ppca_icm,3,acc,surface_temperature,0.9726902842521667,,,
multi-complete,standard,ppca_icm,3,acc,temperature,0.6633715364668105,,,
multi-complete,standard,ppca_icm,3,acc,specific_humidity_dex,0.8347024255328708,,,
multi-complete,standard,ppca_icm,3,acc,cloud_fraction,0.735525025261773,,,
multi-complete,standard,ppca_icm,3,acc,u,0.7229082187016805,,,
multi-complete,standard,ppca_icm,3,acc,v,0.6838830908139547,,,
multi-complete,standard,ppca_icm,3,acc,asr,0.9962658882141113,,,
multi-complete,standard,ppca_icm,3,acc,olr,0.8651866912841797,,,
multi-complete,standard,ppca_icm,3,ramse,surface_temperature,11.463811874389648,,,
multi-complete,standard,ppca_icm,3,ramse,temperature,9.929909812079536,,,
multi-complete,standard,ppca_icm,3,ramse,specific_humidity_dex,0.48155535260836285,,,
multi-complete,standard,ppca_icm,3,ramse,cloud_fraction,0.10140724976857503,,,
multi-complete,standard,ppca_icm,3,ramse,u,10.250502109527588,,,
multi-complete,standard,ppca_icm,3,ramse,v,5.067599058151245,,,
multi-complete,standard,ppca_icm,3,ramse,asr,27.91161346435547,,,
multi-complete,standard,ppca_icm,3,ramse,olr,19.573657989501953,,,
multi-complete,standard,ppca_icm,3,energy_score,surface_temperature,8.765286445617676,,,
multi-complete,standard,ppca_icm,3,energy_score,temperature,7.624181535508898,,,
multi-complete,standard,ppca_icm,3,energy_score,specific_humidity_dex,0.35517627331945634,,,
multi-complete,standard,ppca_icm,3,energy_score,cloud_fraction,0.07064875753389464,,,
multi-complete,standard,ppca_icm,3,energy_score,u,7.263153023189968,,,
multi-complete,standard,ppca_icm,3,energy_score,v,3.491098827785916,,,
multi-complete,standard,ppca_icm,3,energy_score,asr,20.81379508972168,,,
multi-complete,standard,ppca_icm,3,energy_score,olr,14.175748825073242,,,
multi-complete,standard,ppca_icm,3,spread_skill_ratio,surface_temperature,0.6269965171813965,,,
multi-complete,standard,ppca_icm,3,spread_skill_ratio,temperature,0.5422927074962192,,,
multi-complete,standard,ppca_icm,3,spread_skill_ratio,specific_humidity_dex,0.6911952628029717,,,
multi-complete,standard,ppca_icm,3,spread_skill_ratio,cloud_fraction,0.37665389974912006,,,
multi-complete,standard,ppca_icm,3,spread_skill_ratio,u,0.28541188273164964,,,
multi-complete,standard,ppca_icm,3,spread_skill_ratio,v,0.3348410493797726,,,
multi-complete,standard,ppca_icm,3,spread_skill_ratio,asr,0.4054442346096039,,,
multi-complete,standard,ppca_icm,3,spread_skill_ratio,olr,0.4863481819629669,,,
multi-complete,shared_planets,ppca_icm,3,relative_rmse,surface_temperature,1.0391719341278076,,,
multi-complete,shared_planets,ppca_icm,3,relative_rmse,temperature,0.935827910900116,,,
multi-complete,shared_planets,ppca_icm,3,relative_rmse,specific_humidity_dex,0.8531453609466553,,,
multi-complete,shared_planets,ppca_icm,3,relative_rmse,cloud_fraction,0.615016520023346,,,
multi-complete,shared_planets,ppca_icm,3,relative_rmse,u,0.8543171286582947,,,
multi-complete,shared_planets,ppca_icm,3,relative_rmse,v,0.8124369978904724,,,
multi-complete,shared_planets,ppca_icm,3,relative_rmse,asr,0.7377445101737976,,,
multi-complete,shared_planets,ppca_icm,3,relative_rmse,olr,0.796505868434906,,,
multi-complete,shared_planets,ppca_icm,3,relative_acc,surface_temperature,1.0539700984954834,,,
multi-complete,shared_planets,ppca_icm,3,relative_acc,temperature,1.6251689195632935,,,
multi-complete,shared_planets,ppca_icm,3,relative_acc,specific_humidity_dex,1.2784664630889893,,,
multi-complete,shared_planets,ppca_icm,3,relative_acc,cloud_fraction,1.4027265310287476,,,
multi-complete,shared_planets,ppca_icm,3,relative_acc,u,5.060683250427246,,,
multi-complete,shared_planets,ppca_icm,3,relative_acc,v,1.3234262466430664,,,
multi-complete,shared_planets,ppca_icm,3,relative_acc,asr,1.0048089027404785,,,
multi-complete,shared_planets,ppca_icm,3,relative_acc,olr,1.140702724456787,,,
multi-complete,shared_planets,ppca_icm,3,relative_energy_score,surface_temperature,0.8067790269851685,,,
multi-complete,shared_planets,ppca_icm,3,relative_energy_score,temperature,0.7250370383262634,,,
multi-complete,shared_planets,ppca_icm,3,relative_energy_score,specific_humidity_dex,0.6372866630554199,,,
multi-complete,shared_planets,ppca_icm,3,relative_energy_score,cloud_fraction,0.49470996856689453,,,
multi-complete,shared_planets,ppca_icm,3,relative_energy_score,u,0.7019709348678589,,,
multi-complete,shared_planets,ppca_icm,3,relative_energy_score,v,0.6593614220619202,,,
multi-complete,shared_planets,ppca_icm,3,relative_energy_score,asr,0.5830852389335632,,,
multi-complete,shared_planets,ppca_icm,3,relative_energy_score,olr,0.6219815015792847,,,
multi-complete,standard,ppca_icm,4,rmse,surface_temperature,11.196474075317383,,,
multi-complete,standard,ppca_icm,4,rmse,temperature,9.586890432569716,,,
multi-complete,standard,ppca_icm,4,rmse,specific_humidity_dex,0.4591115713119507,,,
multi-complete,standard,ppca_icm,4,rmse,cloud_fraction,0.08778362638420528,,,
multi-complete,standard,ppca_icm,4,rmse,u,8.624485386742485,,,
multi-complete,standard,ppca_icm,4,rmse,v,4.221142424477471,,,
multi-complete,standard,ppca_icm,4,rmse,asr,26.107059478759766,,,
multi-complete,standard,ppca_icm,4,rmse,olr,18.169628143310547,,,
multi-complete,standard,ppca_icm,4,acc,surface_temperature,0.9726257920265198,,,
multi-complete,standard,ppca_icm,4,acc,temperature,0.6635178956720564,,,
multi-complete,standard,ppca_icm,4,acc,specific_humidity_dex,0.8345121807522244,,,
multi-complete,standard,ppca_icm,4,acc,cloud_fraction,0.7357459200753106,,,
multi-complete,standard,ppca_icm,4,acc,u,0.7233126958211263,,,
multi-complete,standard,ppca_icm,4,acc,v,0.6842782629860772,,,
multi-complete,standard,ppca_icm,4,acc,asr,0.9962663054466248,,,
multi-complete,standard,ppca_icm,4,acc,olr,0.8650901913642883,,,
multi-complete,standard,ppca_icm,4,ramse,surface_temperature,11.460742950439453,,,
multi-complete,standard,ppca_icm,4,ramse,temperature,9.91586716969808,,,
multi-complete,standard,ppca_icm,4,ramse,specific_humidity_dex,0.48131845394770306,,,
multi-complete,standard,ppca_icm,4,ramse,cloud_fraction,0.10134325010908975,,,
multi-complete,standard,ppca_icm,4,ramse,u,10.24156822098626,,,
multi-complete,standard,ppca_icm,4,ramse,v,5.0666243765089245,,,
multi-complete,standard,ppca_icm,4,ramse,asr,27.902074813842773,,,
multi-complete,standard,ppca_icm,4,ramse,olr,19.570825576782227,,,
multi-complete,standard,ppca_icm,4,energy_score,surface_temperature,8.783315658569336,,,
multi-complete,standard,ppca_icm,4,energy_score,temperature,7.650848388671875,,,
multi-complete,standard,ppca_icm,4,energy_score,specific_humidity_dex,0.3568089140786065,,,
multi-complete,standard,ppca_icm,4,energy_score,cloud_fraction,0.070565907491578,,,
multi-complete,standard,ppca_icm,4,energy_score,u,7.273014280531141,,,
multi-complete,standard,ppca_icm,4,energy_score,v,3.496465179655287,,,
multi-complete,standard,ppca_icm,4,energy_score,asr,20.76974105834961,,,
multi-complete,standard,ppca_icm,4,energy_score,olr,14.202199935913086,,,
multi-complete,standard,ppca_icm,4,spread_skill_ratio,surface_temperature,0.6157196164131165,,,
multi-complete,standard,ppca_icm,4,spread_skill_ratio,temperature,0.5321300427118937,,,
multi-complete,standard,ppca_icm,4,spread_skill_ratio,specific_humidity_dex,0.676285445690155,,,
multi-complete,standard,ppca_icm,4,spread_skill_ratio,cloud_fraction,0.37685927748680115,,,
multi-complete,standard,ppca_icm,4,spread_skill_ratio,u,0.2846689621607463,,,
multi-complete,standard,ppca_icm,4,spread_skill_ratio,v,0.3355359335740407,,,
multi-complete,standard,ppca_icm,4,spread_skill_ratio,asr,0.3998929560184479,,,
multi-complete,standard,ppca_icm,4,spread_skill_ratio,olr,0.48504921793937683,,,
multi-complete,shared_planets,ppca_icm,4,relative_rmse,surface_temperature,1.0392433404922485,,,
multi-complete,shared_planets,ppca_icm,4,relative_rmse,temperature,0.9345842599868774,,,
multi-complete,shared_planets,ppca_icm,4,relative_rmse,specific_humidity_dex,0.8528411984443665,,,
multi-complete,shared_planets,ppca_icm,4,relative_rmse,cloud_fraction,0.6144489049911499,,,
multi-complete,shared_planets,ppca_icm,4,relative_rmse,u,0.8526952862739563,,,
multi-complete,shared_planets,ppca_icm,4,relative_rmse,v,0.8120501041412354,,,
multi-complete,shared_planets,ppca_icm,4,relative_rmse,asr,0.7371422052383423,,,
multi-complete,shared_planets,ppca_icm,4,relative_rmse,olr,0.7962507605552673,,,
multi-complete,shared_planets,ppca_icm,4,relative_acc,surface_temperature,1.0539271831512451,,,
multi-complete,shared_planets,ppca_icm,4,relative_acc,temperature,1.628100037574768,,,
multi-complete,shared_planets,ppca_icm,4,relative_acc,specific_humidity_dex,1.278505563735962,,,
multi-complete,shared_planets,ppca_icm,4,relative_acc,cloud_fraction,1.4040838479995728,,,
multi-complete,shared_planets,ppca_icm,4,relative_acc,u,5.064168930053711,,,
multi-complete,shared_planets,ppca_icm,4,relative_acc,v,1.325137734413147,,,
multi-complete,shared_planets,ppca_icm,4,relative_acc,asr,1.0048171281814575,,,
multi-complete,shared_planets,ppca_icm,4,relative_acc,olr,1.1404582262039185,,,
multi-complete,shared_planets,ppca_icm,4,relative_energy_score,surface_temperature,0.7966082096099854,,,
multi-complete,shared_planets,ppca_icm,4,relative_energy_score,temperature,0.724292516708374,,,
multi-complete,shared_planets,ppca_icm,4,relative_energy_score,specific_humidity_dex,0.637886643409729,,,
multi-complete,shared_planets,ppca_icm,4,relative_energy_score,cloud_fraction,0.4941113591194153,,,
multi-complete,shared_planets,ppca_icm,4,relative_energy_score,u,0.7011758089065552,,,
multi-complete,shared_planets,ppca_icm,4,relative_energy_score,v,0.659500002861023,,,
multi-complete,shared_planets,ppca_icm,4,relative_energy_score,asr,0.5822644829750061,,,
multi-complete,shared_planets,ppca_icm,4,relative_energy_score,olr,0.6195472478866577,,,
multi-complete,standard,sfno,0,rmse,surface_temperature,12.083244323730469,results/models/multi-complete/sfno/metrics_standard.json,results/models/multi-complete/sfno/predictions.npz,results/models/multi-complete/sfno/config.json
multi-complete,standard,sfno,0,rmse,temperature,9.894385973612467,results/models/multi-complete/sfno/metrics_standard.json,results/models/multi-complete/sfno/predictions.npz,results/models/multi-complete/sfno/config.json
multi-complete,standard,sfno,0,rmse,specific_humidity_dex,0.48574598630269367,results/models/multi-complete/sfno/metrics_standard.json,results/models/multi-complete/sfno/predictions.npz,results/models/multi-complete/sfno/config.json
multi-complete,standard,sfno,0,rmse,cloud_fraction,0.09104173133770625,results/models/multi-complete/sfno/metrics_standard.json,results/models/multi-complete/sfno/predictions.npz,results/models/multi-complete/sfno/config.json
multi-complete,standard,sfno,0,rmse,u,8.961228900485569,results/models/multi-complete/sfno/metrics_standard.json,results/models/multi-complete/sfno/predictions.npz,results/models/multi-complete/sfno/config.json
multi-complete,standard,sfno,0,rmse,v,4.267246802647908,results/models/multi-complete/sfno/metrics_standard.json,results/models/multi-complete/sfno/predictions.npz,results/models/multi-complete/sfno/config.json
multi-complete,standard,sfno,0,rmse,asr,30.626667022705078,results/models/multi-complete/sfno/metrics_standard.json,results/models/multi-complete/sfno/predictions.npz,results/models/multi-complete/sfno/config.json
multi-complete,standard,sfno,0,rmse,olr,18.949853897094727,results/models/multi-complete/sfno/metrics_standard.json,results/models/multi-complete/sfno/predictions.npz,results/models/multi-complete/sfno/config.json
multi-complete,standard,sfno,0,acc,surface_temperature,0.9623509645462036,results/models/multi-complete/sfno/metrics_standard.json,results/models/multi-complete/sfno/predictions.npz,results/models/multi-complete/sfno/config.json
multi-complete,standard,sfno,0,acc,temperature,0.5513725959592395,results/models/multi-complete/sfno/metrics_standard.json,results/models/multi-complete/sfno/predictions.npz,results/models/multi-complete/sfno/config.json
multi-complete,standard,sfno,0,acc,specific_humidity_dex,0.7684932251771291,results/models/multi-complete/sfno/metrics_standard.json,results/models/multi-complete/sfno/predictions.npz,results/models/multi-complete/sfno/config.json
multi-complete,standard,sfno,0,acc,cloud_fraction,0.7358409828609891,results/models/multi-complete/sfno/metrics_standard.json,results/models/multi-complete/sfno/predictions.npz,results/models/multi-complete/sfno/config.json
multi-complete,standard,sfno,0,acc,u,0.7144486241870456,results/models/multi-complete/sfno/metrics_standard.json,results/models/multi-complete/sfno/predictions.npz,results/models/multi-complete/sfno/config.json
multi-complete,standard,sfno,0,acc,v,0.6905434131622314,results/models/multi-complete/sfno/metrics_standard.json,results/models/multi-complete/sfno/predictions.npz,results/models/multi-complete/sfno/config.json
multi-complete,standard,sfno,0,acc,asr,0.9951663017272949,results/models/multi-complete/sfno/metrics_standard.json,results/models/multi-complete/sfno/predictions.npz,results/models/multi-complete/sfno/config.json
multi-complete,standard,sfno,0,acc,olr,0.852986752986908,results/models/multi-complete/sfno/metrics_standard.json,results/models/multi-complete/sfno/predictions.npz,results/models/multi-complete/sfno/config.json
multi-complete,standard,sfno,0,ramse,surface_temperature,12.488448143005371,results/models/multi-complete/sfno/metrics_standard.json,results/models/multi-complete/sfno/predictions.npz,results/models/multi-complete/sfno/config.json
multi-complete,standard,sfno,0,ramse,temperature,10.638096703423393,results/models/multi-complete/sfno/metrics_standard.json,results/models/multi-complete/sfno/predictions.npz,results/models/multi-complete/sfno/config.json
multi-complete,standard,sfno,0,ramse,specific_humidity_dex,0.5206276045905219,results/models/multi-complete/sfno/metrics_standard.json,results/models/multi-complete/sfno/predictions.npz,results/models/multi-complete/sfno/config.json
multi-complete,standard,sfno,0,ramse,cloud_fraction,0.10468115574783748,results/models/multi-complete/sfno/metrics_standard.json,results/models/multi-complete/sfno/predictions.npz,results/models/multi-complete/sfno/config.json
multi-complete,standard,sfno,0,ramse,u,10.690903160307142,results/models/multi-complete/sfno/metrics_standard.json,results/models/multi-complete/sfno/predictions.npz,results/models/multi-complete/sfno/config.json
multi-complete,standard,sfno,0,ramse,v,5.101858536402385,results/models/multi-complete/sfno/metrics_standard.json,results/models/multi-complete/sfno/predictions.npz,results/models/multi-complete/sfno/config.json
multi-complete,standard,sfno,0,ramse,asr,32.53375244140625,results/models/multi-complete/sfno/metrics_standard.json,results/models/multi-complete/sfno/predictions.npz,results/models/multi-complete/sfno/config.json
multi-complete,standard,sfno,0,ramse,olr,20.587217330932617,results/models/multi-complete/sfno/metrics_standard.json,results/models/multi-complete/sfno/predictions.npz,results/models/multi-complete/sfno/config.json
multi-complete,shared_planets,sfno,0,relative_rmse,surface_temperature,0.9460274577140808,results/models/multi-complete/sfno/metrics_shared_planets.json,results/models/multi-complete/sfno/predictions_shared_planets.npz,results/models/multi-complete/sfno/config.json
multi-complete,shared_planets,sfno,0,relative_rmse,temperature,0.8713667988777161,results/models/multi-complete/sfno/metrics_shared_planets.json,results/models/multi-complete/sfno/predictions_shared_planets.npz,results/models/multi-complete/sfno/config.json
multi-complete,shared_planets,sfno,0,relative_rmse,specific_humidity_dex,0.7868178486824036,results/models/multi-complete/sfno/metrics_shared_planets.json,results/models/multi-complete/sfno/predictions_shared_planets.npz,results/models/multi-complete/sfno/config.json
multi-complete,shared_planets,sfno,0,relative_rmse,cloud_fraction,0.6293911933898926,results/models/multi-complete/sfno/metrics_shared_planets.json,results/models/multi-complete/sfno/predictions_shared_planets.npz,results/models/multi-complete/sfno/config.json
multi-complete,shared_planets,sfno,0,relative_rmse,u,0.8322733044624329,results/models/multi-complete/sfno/metrics_shared_planets.json,results/models/multi-complete/sfno/predictions_shared_planets.npz,results/models/multi-complete/sfno/config.json
multi-complete,shared_planets,sfno,0,relative_rmse,v,0.7938029170036316,results/models/multi-complete/sfno/metrics_shared_planets.json,results/models/multi-complete/sfno/predictions_shared_planets.npz,results/models/multi-complete/sfno/config.json
multi-complete,shared_planets,sfno,0,relative_rmse,asr,0.8240048289299011,results/models/multi-complete/sfno/metrics_shared_planets.json,results/models/multi-complete/sfno/predictions_shared_planets.npz,results/models/multi-complete/sfno/config.json
multi-complete,shared_planets,sfno,0,relative_rmse,olr,0.805059015750885,results/models/multi-complete/sfno/metrics_shared_planets.json,results/models/multi-complete/sfno/predictions_shared_planets.npz,results/models/multi-complete/sfno/config.json
multi-complete,shared_planets,sfno,0,relative_acc,surface_temperature,1.038143277168274,results/models/multi-complete/sfno/metrics_shared_planets.json,results/models/multi-complete/sfno/predictions_shared_planets.npz,results/models/multi-complete/sfno/config.json
multi-complete,shared_planets,sfno,0,relative_acc,temperature,1.345571756362915,results/models/multi-complete/sfno/metrics_shared_planets.json,results/models/multi-complete/sfno/predictions_shared_planets.npz,results/models/multi-complete/sfno/config.json
multi-complete,shared_planets,sfno,0,relative_acc,specific_humidity_dex,1.1559056043624878,results/models/multi-complete/sfno/metrics_shared_planets.json,results/models/multi-complete/sfno/predictions_shared_planets.npz,results/models/multi-complete/sfno/config.json
multi-complete,shared_planets,sfno,0,relative_acc,cloud_fraction,1.4246279001235962,results/models/multi-complete/sfno/metrics_shared_planets.json,results/models/multi-complete/sfno/predictions_shared_planets.npz,results/models/multi-complete/sfno/config.json
multi-complete,shared_planets,sfno,0,relative_acc,u,4.198129653930664,results/models/multi-complete/sfno/metrics_shared_planets.json,results/models/multi-complete/sfno/predictions_shared_planets.npz,results/models/multi-complete/sfno/config.json
multi-complete,shared_planets,sfno,0,relative_acc,v,1.202917218208313,results/models/multi-complete/sfno/metrics_shared_planets.json,results/models/multi-complete/sfno/predictions_shared_planets.npz,results/models/multi-complete/sfno/config.json
multi-complete,shared_planets,sfno,0,relative_acc,asr,1.0033953189849854,results/models/multi-complete/sfno/metrics_shared_planets.json,results/models/multi-complete/sfno/predictions_shared_planets.npz,results/models/multi-complete/sfno/config.json
multi-complete,shared_planets,sfno,0,relative_acc,olr,1.119178295135498,results/models/multi-complete/sfno/metrics_shared_planets.json,results/models/multi-complete/sfno/predictions_shared_planets.npz,results/models/multi-complete/sfno/config.json
multi-complete,standard,sfno,1,rmse,surface_temperature,13.267021179199219,,,
multi-complete,standard,sfno,1,rmse,temperature,10.455886946784126,,,
multi-complete,standard,sfno,1,rmse,specific_humidity_dex,0.5458013183540769,,,
multi-complete,standard,sfno,1,rmse,cloud_fraction,0.08874074659413761,,,
multi-complete,standard,sfno,1,rmse,u,9.17059620221456,,,
multi-complete,standard,sfno,1,rmse,v,4.095562378565471,,,
multi-complete,standard,sfno,1,rmse,asr,30.764238357543945,,,
multi-complete,standard,sfno,1,rmse,olr,18.262083053588867,,,
multi-complete,standard,sfno,1,acc,surface_temperature,0.9552496671676636,,,
multi-complete,standard,sfno,1,acc,temperature,0.5537759827242957,,,
multi-complete,standard,sfno,1,acc,specific_humidity_dex,0.7664040956232283,,,
multi-complete,standard,sfno,1,acc,cloud_fraction,0.7343063851197561,,,
multi-complete,standard,sfno,1,acc,u,0.7123955289522806,,,
multi-complete,standard,sfno,1,acc,v,0.6966793868276808,,,
multi-complete,standard,sfno,1,acc,asr,0.9953524470329285,,,
multi-complete,standard,sfno,1,acc,olr,0.8675229549407959,,,
multi-complete,standard,sfno,1,ramse,surface_temperature,13.652117729187012,,,
multi-complete,standard,sfno,1,ramse,temperature,11.153539127773708,,,
multi-complete,standard,sfno,1,ramse,specific_humidity_dex,0.5799421403143141,,,
multi-complete,standard,sfno,1,ramse,cloud_fraction,0.10201407223939896,,,
multi-complete,standard,sfno,1,ramse,u,10.989231480492485,,,
multi-complete,standard,sfno,1,ramse,v,4.886216031180488,,,
multi-complete,standard,sfno,1,ramse,asr,32.52196502685547,,,
multi-complete,standard,sfno,1,ramse,olr,19.699785232543945,,,
multi-complete,shared_planets,sfno,1,relative_rmse,surface_temperature,1.2046741247177124,,,
multi-complete,shared_planets,sfno,1,relative_rmse,temperature,0.9326511025428772,,,
multi-complete,shared_planets,sfno,1,relative_rmse,specific_humidity_dex,0.9832682013511658,,,
multi-complete,shared_planets,sfno,1,relative_rmse,cloud_fraction,0.6169138550758362,,,
multi-complete,shared_planets,sfno,1,relative_rmse,u,0.9095076322555542,,,
multi-complete,shared_planets,sfno,1,relative_rmse,v,0.7827744483947754,,,
multi-complete,shared_planets,sfno,1,relative_rmse,asr,0.8382254838943481,,,
multi-complete,shared_planets,sfno,1,relative_rmse,olr,0.7465582489967346,,,
multi-complete,shared_planets,sfno,1,relative_acc,surface_temperature,1.033001184463501,,,
multi-complete,shared_planets,sfno,1,relative_acc,temperature,1.3711637258529663,,,
multi-complete,shared_planets,sfno,1,relative_acc,specific_humidity_dex,1.1624845266342163,,,
multi-complete,shared_planets,sfno,1,relative_acc,cloud_fraction,1.379162311553955,,,
multi-complete,shared_planets,sfno,1,relative_acc,u,4.4371161460876465,,,
multi-complete,shared_planets,sfno,1,relative_acc,v,1.210719108581543,,,
multi-complete,shared_planets,sfno,1,relative_acc,asr,1.0037891864776611,,,
multi-complete,shared_planets,sfno,1,relative_acc,olr,1.1538621187210083,,,
multi-complete,standard,sfno,2,rmse,surface_temperature,12.794351577758789,,,
multi-complete,standard,sfno,2,rmse,temperature,10.877077632480198,,,
multi-complete,standard,sfno,2,rmse,specific_humidity_dex,0.5567153294881185,,,
multi-complete,standard,sfno,2,rmse,cloud_fraction,0.08734740109907256,,,
multi-complete,standard,sfno,2,rmse,u,9.342537191179064,,,
multi-complete,standard,sfno,2,rmse,v,3.9658940633138022,,,
multi-complete,standard,sfno,2,rmse,asr,31.833709716796875,,,
multi-complete,standard,sfno,2,rmse,olr,18.278043746948242,,,
multi-complete,standard,sfno,2,acc,surface_temperature,0.9516137838363647,,,
multi-complete,standard,sfno,2,acc,temperature,0.5456605056921641,,,
multi-complete,standard,sfno,2,acc,specific_humidity_dex,0.7475025057792664,,,
multi-complete,standard,sfno,2,acc,cloud_fraction,0.7307579219341278,,,
multi-complete,standard,sfno,2,acc,u,0.7121236787901984,,,
multi-complete,standard,sfno,2,acc,v,0.6917660468154483,,,
multi-complete,standard,sfno,2,acc,asr,0.9949972629547119,,,
multi-complete,standard,sfno,2,acc,olr,0.8649089932441711,,,
multi-complete,standard,sfno,2,ramse,surface_temperature,13.219223022460938,,,
multi-complete,standard,sfno,2,ramse,temperature,11.589821921454536,,,
multi-complete,standard,sfno,2,ramse,specific_humidity_dex,0.5886955128775703,,,
multi-complete,standard,sfno,2,ramse,cloud_fraction,0.10025371942255232,,,
multi-complete,standard,sfno,2,ramse,u,11.467019955317179,,,
multi-complete,standard,sfno,2,ramse,v,4.696747753355238,,,
multi-complete,standard,sfno,2,ramse,asr,33.61058807373047,,,
multi-complete,standard,sfno,2,ramse,olr,19.622835159301758,,,
multi-complete,shared_planets,sfno,2,relative_rmse,surface_temperature,0.9141795635223389,,,
multi-complete,shared_planets,sfno,2,relative_rmse,temperature,0.9071621894836426,,,
multi-complete,shared_planets,sfno,2,relative_rmse,specific_humidity_dex,0.8657499551773071,,,
multi-complete,shared_planets,sfno,2,relative_rmse,cloud_fraction,0.5869057178497314,,,
multi-complete,shared_planets,sfno,2,relative_rmse,u,0.8300977349281311,,,
multi-complete,shared_planets,sfno,2,relative_rmse,v,0.7579982876777649,,,
multi-complete,shared_planets,sfno,2,relative_rmse,asr,0.8858176469802856,,,
multi-complete,shared_planets,sfno,2,relative_rmse,olr,0.7586350440979004,,,
multi-complete,shared_planets,sfno,2,relative_acc,surface_temperature,1.0326495170593262,,,
multi-complete,shared_planets,sfno,2,relative_acc,temperature,1.3845804929733276,,,
multi-complete,shared_planets,sfno,2,relative_acc,specific_humidity_dex,1.1347661018371582,,,
multi-complete,shared_planets,sfno,2,relative_acc,cloud_fraction,1.4168556928634644,,,
multi-complete,shared_planets,sfno,2,relative_acc,u,4.590362071990967,,,
multi-complete,shared_planets,sfno,2,relative_acc,v,1.2316941022872925,,,
multi-complete,shared_planets,sfno,2,relative_acc,asr,1.0032784938812256,,,
multi-complete,shared_planets,sfno,2,relative_acc,olr,1.146075963973999,,,
multi-complete,standard,sfno,3,rmse,surface_temperature,11.734519958496094,,,
multi-complete,standard,sfno,3,rmse,temperature,10.086558765835232,,,
multi-complete,standard,sfno,3,rmse,specific_humidity_dex,0.4868230190542009,,,
multi-complete,standard,sfno,3,rmse,cloud_fraction,0.08879556796616977,,,
multi-complete,standard,sfno,3,rmse,u,8.800051397747463,,,
multi-complete,standard,sfno,3,rmse,v,3.991163969039917,,,
multi-complete,standard,sfno,3,rmse,asr,30.62667465209961,,,
multi-complete,standard,sfno,3,rmse,olr,17.27149772644043,,,
multi-complete,standard,sfno,3,acc,surface_temperature,0.9528266787528992,,,
multi-complete,standard,sfno,3,acc,temperature,0.5566943503088422,,,
multi-complete,standard,sfno,3,acc,specific_humidity_dex,0.7687510814931657,,,
multi-complete,standard,sfno,3,acc,cloud_fraction,0.7376156449317932,,,
multi-complete,standard,sfno,3,acc,u,0.7194186879528893,,,
multi-complete,standard,sfno,3,acc,v,0.6964539355701871,,,
multi-complete,standard,sfno,3,acc,asr,0.9951070547103882,,,
multi-complete,standard,sfno,3,acc,olr,0.8696393966674805,,,
multi-complete,standard,sfno,3,ramse,surface_temperature,12.139192581176758,,,
multi-complete,standard,sfno,3,ramse,temperature,10.813496589660645,,,
multi-complete,standard,sfno,3,ramse,specific_humidity_dex,0.5206655661265055,,,
multi-complete,standard,sfno,3,ramse,cloud_fraction,0.10188748314976692,,,
multi-complete,standard,sfno,3,ramse,u,10.748550362057156,,,
multi-complete,standard,sfno,3,ramse,v,4.764461119969686,,,
multi-complete,standard,sfno,3,ramse,asr,32.38629150390625,,,
multi-complete,standard,sfno,3,ramse,olr,18.722530364990234,,,
multi-complete,shared_planets,sfno,3,relative_rmse,surface_temperature,0.8759614825248718,,,
multi-complete,shared_planets,sfno,3,relative_rmse,temperature,0.9171793460845947,,,
multi-complete,shared_planets,sfno,3,relative_rmse,specific_humidity_dex,0.8537517189979553,,,
multi-complete,shared_planets,sfno,3,relative_rmse,cloud_fraction,0.6093003153800964,,,
multi-complete,shared_planets,sfno,3,relative_rmse,u,0.8309716582298279,,,
multi-complete,shared_planets,sfno,3,relative_rmse,v,0.7444517016410828,,,
multi-complete,shared_planets,sfno,3,relative_rmse,asr,0.8412166237831116,,,
multi-complete,shared_planets,sfno,3,relative_rmse,olr,0.709030270576477,,,
multi-complete,shared_planets,sfno,3,relative_acc,surface_temperature,1.0362969636917114,,,
multi-complete,shared_planets,sfno,3,relative_acc,temperature,1.3498378992080688,,,
multi-complete,shared_planets,sfno,3,relative_acc,specific_humidity_dex,1.1641470193862915,,,
multi-complete,shared_planets,sfno,3,relative_acc,cloud_fraction,1.4135217666625977,,,
multi-complete,shared_planets,sfno,3,relative_acc,u,4.303764820098877,,,
multi-complete,shared_planets,sfno,3,relative_acc,v,1.2532954216003418,,,
multi-complete,shared_planets,sfno,3,relative_acc,asr,1.0034334659576416,,,
multi-complete,shared_planets,sfno,3,relative_acc,olr,1.1400402784347534,,,
multi-complete,standard,sfno,4,rmse,surface_temperature,11.582052230834961,,,
multi-complete,standard,sfno,4,rmse,temperature,10.66688060760498,,,
multi-complete,standard,sfno,4,rmse,specific_humidity_dex,0.4894273479779561,,,
multi-complete,standard,sfno,4,rmse,cloud_fraction,0.08921826341085964,,,
multi-complete,standard,sfno,4,rmse,u,9.388023747338188,,,
multi-complete,standard,sfno,4,rmse,v,4.301234483718872,,,
multi-complete,standard,sfno,4,rmse,asr,34.645538330078125,,,
multi-complete,standard,sfno,4,rmse,olr,18.92133331298828,,,
multi-complete,standard,sfno,4,acc,surface_temperature,0.9440279006958008,,,
multi-complete,standard,sfno,4,acc,temperature,0.5464598056342866,,,
multi-complete,standard,sfno,4,acc,specific_humidity_dex,0.7566600143909454,,,
multi-complete,standard,sfno,4,acc,cloud_fraction,0.7194652126895057,,,
multi-complete,standard,sfno,4,acc,u,0.6891544295681847,,,
multi-complete,standard,sfno,4,acc,v,0.6785129937860701,,,
multi-complete,standard,sfno,4,acc,asr,0.9950200915336609,,,
multi-complete,standard,sfno,4,acc,olr,0.8587413430213928,,,
multi-complete,standard,sfno,4,ramse,surface_temperature,12.090258598327637,,,
multi-complete,standard,sfno,4,ramse,temperature,11.443700472513834,,,
multi-complete,standard,sfno,4,ramse,specific_humidity_dex,0.5259617335266538,,,
multi-complete,standard,sfno,4,ramse,cloud_fraction,0.10339116387897068,,,
multi-complete,standard,sfno,4,ramse,u,11.570758846071032,,,
multi-complete,standard,sfno,4,ramse,v,5.117911868625217,,,
multi-complete,standard,sfno,4,ramse,asr,36.44593811035156,,,
multi-complete,standard,sfno,4,ramse,olr,20.462522506713867,,,
multi-complete,shared_planets,sfno,4,relative_rmse,surface_temperature,0.9546054601669312,,,
multi-complete,shared_planets,sfno,4,relative_rmse,temperature,0.990804135799408,,,
multi-complete,shared_planets,sfno,4,relative_rmse,specific_humidity_dex,0.8233267068862915,,,
multi-complete,shared_planets,sfno,4,relative_rmse,cloud_fraction,0.6061230301856995,,,
multi-complete,shared_planets,sfno,4,relative_rmse,u,0.8727809190750122,,,
multi-complete,shared_planets,sfno,4,relative_rmse,v,0.7840248346328735,,,
multi-complete,shared_planets,sfno,4,relative_rmse,asr,0.9765546321868896,,,
multi-complete,shared_planets,sfno,4,relative_rmse,olr,0.8152620196342468,,,
multi-complete,shared_planets,sfno,4,relative_acc,surface_temperature,1.0279743671417236,,,
multi-complete,shared_planets,sfno,4,relative_acc,temperature,1.3061593770980835,,,
multi-complete,shared_planets,sfno,4,relative_acc,specific_humidity_dex,1.1432048082351685,,,
multi-complete,shared_planets,sfno,4,relative_acc,cloud_fraction,1.3735060691833496,,,
multi-complete,shared_planets,sfno,4,relative_acc,u,4.371417999267578,,,
multi-complete,shared_planets,sfno,4,relative_acc,v,1.22796630859375,,,
multi-complete,shared_planets,sfno,4,relative_acc,asr,1.003301978111267,,,
multi-complete,shared_planets,sfno,4,relative_acc,olr,1.1173712015151978,,,
multi-complete,standard,train_mean,0,rmse,surface_temperature,23.997161865234375,results/models/multi-complete/train_mean/metrics_standard.json,results/models/multi-complete/train_mean/predictions.npz,results/models/multi-complete/train_mean/config.json
multi-complete,standard,train_mean,0,rmse,temperature,19.316763136121963,results/models/multi-complete/train_mean/metrics_standard.json,results/models/multi-complete/train_mean/predictions.npz,results/models/multi-complete/train_mean/config.json
multi-complete,standard,train_mean,0,rmse,specific_humidity_dex,1.0865782697995503,results/models/multi-complete/train_mean/metrics_standard.json,results/models/multi-complete/train_mean/predictions.npz,results/models/multi-complete/train_mean/config.json
multi-complete,standard,train_mean,0,rmse,cloud_fraction,0.13558389080895317,results/models/multi-complete/train_mean/metrics_standard.json,results/models/multi-complete/train_mean/predictions.npz,results/models/multi-complete/train_mean/config.json
multi-complete,standard,train_mean,0,rmse,u,15.249434206220839,results/models/multi-complete/train_mean/metrics_standard.json,results/models/multi-complete/train_mean/predictions.npz,results/models/multi-complete/train_mean/config.json
multi-complete,standard,train_mean,0,rmse,v,6.14610841539171,results/models/multi-complete/train_mean/metrics_standard.json,results/models/multi-complete/train_mean/predictions.npz,results/models/multi-complete/train_mean/config.json
multi-complete,standard,train_mean,0,rmse,asr,59.66440200805664,results/models/multi-complete/train_mean/metrics_standard.json,results/models/multi-complete/train_mean/predictions.npz,results/models/multi-complete/train_mean/config.json
multi-complete,standard,train_mean,0,rmse,olr,41.234222412109375,results/models/multi-complete/train_mean/metrics_standard.json,results/models/multi-complete/train_mean/predictions.npz,results/models/multi-complete/train_mean/config.json
multi-complete,standard,train_mean,0,acc,surface_temperature,0.9409279227256775,results/models/multi-complete/train_mean/metrics_standard.json,results/models/multi-complete/train_mean/predictions.npz,results/models/multi-complete/train_mean/config.json
multi-complete,standard,train_mean,0,acc,temperature,0.4220661206377877,results/models/multi-complete/train_mean/metrics_standard.json,results/models/multi-complete/train_mean/predictions.npz,results/models/multi-complete/train_mean/config.json
multi-complete,standard,train_mean,0,acc,specific_humidity_dex,0.7265633675787184,results/models/multi-complete/train_mean/metrics_standard.json,results/models/multi-complete/train_mean/predictions.npz,results/models/multi-complete/train_mean/config.json
multi-complete,standard,train_mean,0,acc,cloud_fraction,0.5792710251278348,results/models/multi-complete/train_mean/metrics_standard.json,results/models/multi-complete/train_mean/predictions.npz,results/models/multi-complete/train_mean/config.json
multi-complete,standard,train_mean,0,acc,u,0.5369469755225711,results/models/multi-complete/train_mean/metrics_standard.json,results/models/multi-complete/train_mean/predictions.npz,results/models/multi-complete/train_mean/config.json
multi-complete,standard,train_mean,0,acc,v,0.5552485618326399,results/models/multi-complete/train_mean/metrics_standard.json,results/models/multi-complete/train_mean/predictions.npz,results/models/multi-complete/train_mean/config.json
multi-complete,standard,train_mean,0,acc,asr,0.9942466020584106,results/models/multi-complete/train_mean/metrics_standard.json,results/models/multi-complete/train_mean/predictions.npz,results/models/multi-complete/train_mean/config.json
multi-complete,standard,train_mean,0,acc,olr,0.7143141031265259,results/models/multi-complete/train_mean/metrics_standard.json,results/models/multi-complete/train_mean/predictions.npz,results/models/multi-complete/train_mean/config.json
multi-complete,standard,train_mean,0,ramse,surface_temperature,24.52923583984375,results/models/multi-complete/train_mean/metrics_standard.json,results/models/multi-complete/train_mean/predictions.npz,results/models/multi-complete/train_mean/config.json
multi-complete,standard,train_mean,0,ramse,temperature,19.801396052042644,results/models/multi-complete/train_mean/metrics_standard.json,results/models/multi-complete/train_mean/predictions.npz,results/models/multi-complete/train_mean/config.json
multi-complete,standard,train_mean,0,ramse,specific_humidity_dex,1.121622449821896,results/models/multi-complete/train_mean/metrics_standard.json,results/models/multi-complete/train_mean/predictions.npz,results/models/multi-complete/train_mean/config.json
multi-complete,standard,train_mean,0,ramse,cloud_fraction,0.15887963192330468,results/models/multi-complete/train_mean/metrics_standard.json,results/models/multi-complete/train_mean/predictions.npz,results/models/multi-complete/train_mean/config.json
multi-complete,standard,train_mean,0,ramse,u,17.752098719278973,results/models/multi-complete/train_mean/metrics_standard.json,results/models/multi-complete/train_mean/predictions.npz,results/models/multi-complete/train_mean/config.json
multi-complete,standard,train_mean,0,ramse,v,7.625037590662639,results/models/multi-complete/train_mean/metrics_standard.json,results/models/multi-complete/train_mean/predictions.npz,results/models/multi-complete/train_mean/config.json
multi-complete,standard,train_mean,0,ramse,asr,61.76863098144531,results/models/multi-complete/train_mean/metrics_standard.json,results/models/multi-complete/train_mean/predictions.npz,results/models/multi-complete/train_mean/config.json
multi-complete,standard,train_mean,0,ramse,olr,43.98796463012695,results/models/multi-complete/train_mean/metrics_standard.json,results/models/multi-complete/train_mean/predictions.npz,results/models/multi-complete/train_mean/config.json
multi-complete,shared_planets,train_mean,0,relative_rmse,surface_temperature,1.7087706327438354,results/models/multi-complete/train_mean/metrics_shared_planets.json,results/models/multi-complete/train_mean/predictions_shared_planets.npz,results/models/multi-complete/train_mean/config.json
multi-complete,shared_planets,train_mean,0,relative_rmse,temperature,1.558112621307373,results/models/multi-complete/train_mean/metrics_shared_planets.json,results/models/multi-complete/train_mean/predictions_shared_planets.npz,results/models/multi-complete/train_mean/config.json
multi-complete,shared_planets,train_mean,0,relative_rmse,specific_humidity_dex,1.5342594385147095,results/models/multi-complete/train_mean/metrics_shared_planets.json,results/models/multi-complete/train_mean/predictions_shared_planets.npz,results/models/multi-complete/train_mean/config.json
multi-complete,shared_planets,train_mean,0,relative_rmse,cloud_fraction,0.8613073825836182,results/models/multi-complete/train_mean/metrics_shared_planets.json,results/models/multi-complete/train_mean/predictions_shared_planets.npz,results/models/multi-complete/train_mean/config.json
multi-complete,shared_planets,train_mean,0,relative_rmse,u,1.3765233755111694,results/models/multi-complete/train_mean/metrics_shared_planets.json,results/models/multi-complete/train_mean/predictions_shared_planets.npz,results/models/multi-complete/train_mean/config.json
multi-complete,shared_planets,train_mean,0,relative_rmse,v,1.1639832258224487,results/models/multi-complete/train_mean/metrics_shared_planets.json,results/models/multi-complete/train_mean/predictions_shared_planets.npz,results/models/multi-complete/train_mean/config.json
multi-complete,shared_planets,train_mean,0,relative_rmse,asr,1.3553876876831055,results/models/multi-complete/train_mean/metrics_shared_planets.json,results/models/multi-complete/train_mean/predictions_shared_planets.npz,results/models/multi-complete/train_mean/config.json
multi-complete,shared_planets,train_mean,0,relative_rmse,olr,1.5786257982254028,results/models/multi-complete/train_mean/metrics_shared_planets.json,results/models/multi-complete/train_mean/predictions_shared_planets.npz,results/models/multi-complete/train_mean/config.json
multi-complete,shared_planets,train_mean,0,relative_acc,surface_temperature,1.0260637998580933,results/models/multi-complete/train_mean/metrics_shared_planets.json,results/models/multi-complete/train_mean/predictions_shared_planets.npz,results/models/multi-complete/train_mean/config.json
multi-complete,shared_planets,train_mean,0,relative_acc,temperature,1.102432370185852,results/models/multi-complete/train_mean/metrics_shared_planets.json,results/models/multi-complete/train_mean/predictions_shared_planets.npz,results/models/multi-complete/train_mean/config.json
multi-complete,shared_planets,train_mean,0,relative_acc,specific_humidity_dex,1.1396478414535522,results/models/multi-complete/train_mean/metrics_shared_planets.json,results/models/multi-complete/train_mean/predictions_shared_planets.npz,results/models/multi-complete/train_mean/config.json
multi-complete,shared_planets,train_mean,0,relative_acc,cloud_fraction,1.1762183904647827,results/models/multi-complete/train_mean/metrics_shared_planets.json,results/models/multi-complete/train_mean/predictions_shared_planets.npz,results/models/multi-complete/train_mean/config.json
multi-complete,shared_planets,train_mean,0,relative_acc,u,3.798032522201538,results/models/multi-complete/train_mean/metrics_shared_planets.json,results/models/multi-complete/train_mean/predictions_shared_planets.npz,results/models/multi-complete/train_mean/config.json
multi-complete,shared_planets,train_mean,0,relative_acc,v,1.0289613008499146,results/models/multi-complete/train_mean/metrics_shared_planets.json,results/models/multi-complete/train_mean/predictions_shared_planets.npz,results/models/multi-complete/train_mean/config.json
multi-complete,shared_planets,train_mean,0,relative_acc,asr,1.0038453340530396,results/models/multi-complete/train_mean/metrics_shared_planets.json,results/models/multi-complete/train_mean/predictions_shared_planets.npz,results/models/multi-complete/train_mean/config.json
multi-complete,shared_planets,train_mean,0,relative_acc,olr,0.9924027919769287,results/models/multi-complete/train_mean/metrics_shared_planets.json,results/models/multi-complete/train_mean/predictions_shared_planets.npz,results/models/multi-complete/train_mean/config.json
single-complete,standard,conv_decoder,0,rmse,surface_temperature,11.039435386657715,results/models/single-complete/conv_decoder/metrics_standard.json,results/models/single-complete/conv_decoder/predictions.npz,results/models/single-complete/conv_decoder/config.json
single-complete,standard,conv_decoder,0,rmse,temperature,8.84578307469686,results/models/single-complete/conv_decoder/metrics_standard.json,results/models/single-complete/conv_decoder/predictions.npz,results/models/single-complete/conv_decoder/config.json
single-complete,standard,conv_decoder,0,rmse,specific_humidity_dex,0.49625202682283187,results/models/single-complete/conv_decoder/metrics_standard.json,results/models/single-complete/conv_decoder/predictions.npz,results/models/single-complete/conv_decoder/config.json
single-complete,standard,conv_decoder,0,rmse,cloud_fraction,0.0765353577832381,results/models/single-complete/conv_decoder/metrics_standard.json,results/models/single-complete/conv_decoder/predictions.npz,results/models/single-complete/conv_decoder/config.json
single-complete,standard,conv_decoder,0,rmse,u,7.41466302341885,results/models/single-complete/conv_decoder/metrics_standard.json,results/models/single-complete/conv_decoder/predictions.npz,results/models/single-complete/conv_decoder/config.json
single-complete,standard,conv_decoder,0,rmse,v,3.3473447296354504,results/models/single-complete/conv_decoder/metrics_standard.json,results/models/single-complete/conv_decoder/predictions.npz,results/models/single-complete/conv_decoder/config.json
single-complete,standard,conv_decoder,0,rmse,asr,35.246307373046875,results/models/single-complete/conv_decoder/metrics_standard.json,results/models/single-complete/conv_decoder/predictions.npz,results/models/single-complete/conv_decoder/config.json
single-complete,standard,conv_decoder,0,rmse,olr,18.380495071411133,results/models/single-complete/conv_decoder/metrics_standard.json,results/models/single-complete/conv_decoder/predictions.npz,results/models/single-complete/conv_decoder/config.json
single-complete,standard,conv_decoder,0,acc,surface_temperature,0.9544509649276733,results/models/single-complete/conv_decoder/metrics_standard.json,results/models/single-complete/conv_decoder/predictions.npz,results/models/single-complete/conv_decoder/config.json
single-complete,standard,conv_decoder,0,acc,temperature,0.5431311196751065,results/models/single-complete/conv_decoder/metrics_standard.json,results/models/single-complete/conv_decoder/predictions.npz,results/models/single-complete/conv_decoder/config.json
single-complete,standard,conv_decoder,0,acc,specific_humidity_dex,0.7699642048941718,results/models/single-complete/conv_decoder/metrics_standard.json,results/models/single-complete/conv_decoder/predictions.npz,results/models/single-complete/conv_decoder/config.json
single-complete,standard,conv_decoder,0,acc,cloud_fraction,0.731011473470264,results/models/single-complete/conv_decoder/metrics_standard.json,results/models/single-complete/conv_decoder/predictions.npz,results/models/single-complete/conv_decoder/config.json
single-complete,standard,conv_decoder,0,acc,u,0.72983075843917,results/models/single-complete/conv_decoder/metrics_standard.json,results/models/single-complete/conv_decoder/predictions.npz,results/models/single-complete/conv_decoder/config.json
single-complete,standard,conv_decoder,0,acc,v,0.7144702540503608,results/models/single-complete/conv_decoder/metrics_standard.json,results/models/single-complete/conv_decoder/predictions.npz,results/models/single-complete/conv_decoder/config.json
single-complete,standard,conv_decoder,0,acc,asr,0.9934459328651428,results/models/single-complete/conv_decoder/metrics_standard.json,results/models/single-complete/conv_decoder/predictions.npz,results/models/single-complete/conv_decoder/config.json
single-complete,standard,conv_decoder,0,acc,olr,0.906110942363739,results/models/single-complete/conv_decoder/metrics_standard.json,results/models/single-complete/conv_decoder/predictions.npz,results/models/single-complete/conv_decoder/config.json
single-complete,standard,conv_decoder,0,ramse,surface_temperature,11.464158058166504,results/models/single-complete/conv_decoder/metrics_standard.json,results/models/single-complete/conv_decoder/predictions.npz,results/models/single-complete/conv_decoder/config.json
single-complete,standard,conv_decoder,0,ramse,temperature,9.573626942104763,results/models/single-complete/conv_decoder/metrics_standard.json,results/models/single-complete/conv_decoder/predictions.npz,results/models/single-complete/conv_decoder/config.json
single-complete,standard,conv_decoder,0,ramse,specific_humidity_dex,0.5225841138097975,results/models/single-complete/conv_decoder/metrics_standard.json,results/models/single-complete/conv_decoder/predictions.npz,results/models/single-complete/conv_decoder/config.json
single-complete,standard,conv_decoder,0,ramse,cloud_fraction,0.08991297334432602,results/models/single-complete/conv_decoder/metrics_standard.json,results/models/single-complete/conv_decoder/predictions.npz,results/models/single-complete/conv_decoder/config.json
single-complete,standard,conv_decoder,0,ramse,u,8.839382754431831,results/models/single-complete/conv_decoder/metrics_standard.json,results/models/single-complete/conv_decoder/predictions.npz,results/models/single-complete/conv_decoder/config.json
single-complete,standard,conv_decoder,0,ramse,v,4.020646890004476,results/models/single-complete/conv_decoder/metrics_standard.json,results/models/single-complete/conv_decoder/predictions.npz,results/models/single-complete/conv_decoder/config.json
single-complete,standard,conv_decoder,0,ramse,asr,37.795719146728516,results/models/single-complete/conv_decoder/metrics_standard.json,results/models/single-complete/conv_decoder/predictions.npz,results/models/single-complete/conv_decoder/config.json
single-complete,standard,conv_decoder,0,ramse,olr,19.48297882080078,results/models/single-complete/conv_decoder/metrics_standard.json,results/models/single-complete/conv_decoder/predictions.npz,results/models/single-complete/conv_decoder/config.json
single-complete,standard,conv_decoder,1,rmse,surface_temperature,10.9232759475708,,,
single-complete,standard,conv_decoder,1,rmse,temperature,8.541888819800484,,,
single-complete,standard,conv_decoder,1,rmse,specific_humidity_dex,0.46254752741919625,,,
single-complete,standard,conv_decoder,1,rmse,cloud_fraction,0.0755066658473677,,,
single-complete,standard,conv_decoder,1,rmse,u,7.2842805120680065,,,
single-complete,standard,conv_decoder,1,rmse,v,3.433415492375692,,,
single-complete,standard,conv_decoder,1,rmse,asr,34.56049346923828,,,
single-complete,standard,conv_decoder,1,rmse,olr,17.108612060546875,,,
single-complete,standard,conv_decoder,1,acc,surface_temperature,0.9628897905349731,,,
single-complete,standard,conv_decoder,1,acc,temperature,0.5657790882719888,,,
single-complete,standard,conv_decoder,1,acc,specific_humidity_dex,0.7806869082980685,,,
single-complete,standard,conv_decoder,1,acc,cloud_fraction,0.7308083573977152,,,
single-complete,standard,conv_decoder,1,acc,u,0.7317061954074435,,,
single-complete,standard,conv_decoder,1,acc,v,0.7235330906179216,,,
single-complete,standard,conv_decoder,1,acc,asr,0.9930849075317383,,,
single-complete,standard,conv_decoder,1,acc,olr,0.9168081283569336,,,
single-complete,standard,conv_decoder,1,ramse,surface_temperature,11.345829963684082,,,
single-complete,standard,conv_decoder,1,ramse,temperature,9.250342157151964,,,
single-complete,standard,conv_decoder,1,ramse,specific_humidity_dex,0.48644013537300956,,,
single-complete,standard,conv_decoder,1,ramse,cloud_fraction,0.08877832069993019,,,
single-complete,standard,conv_decoder,1,ramse,u,8.775147358576456,,,
single-complete,standard,conv_decoder,1,ramse,v,4.102060768339369,,,
single-complete,standard,conv_decoder,1,ramse,asr,37.689334869384766,,,
single-complete,standard,conv_decoder,1,ramse,olr,18.056182861328125,,,
single-complete,standard,conv_decoder,2,rmse,surface_temperature,10.33039665222168,,,
single-complete,standard,conv_decoder,2,rmse,temperature,8.348273542192247,,,
single-complete,standard,conv_decoder,2,rmse,specific_humidity_dex,0.4709104365772671,,,
single-complete,standard,conv_decoder,2,rmse,cloud_fraction,0.07624743009606998,,,
single-complete,standard,conv_decoder,2,rmse,u,7.30359861585829,,,
single-complete,standard,conv_decoder,2,rmse,v,3.3673523399564953,,,
single-complete,standard,conv_decoder,2,rmse,asr,36.91300964355469,,,
single-complete,standard,conv_decoder,2,rmse,olr,17.1757869720459,,,
single-complete,standard,conv_decoder,2,acc,surface_temperature,0.9679309725761414,,,
single-complete,standard,conv_decoder,2,acc,temperature,0.592934884958797,,,
single-complete,standard,conv_decoder,2,acc,specific_humidity_dex,0.7986124985747867,,,
single-complete,standard,conv_decoder,2,acc,cloud_fraction,0.7379380597008599,,,
single-complete,standard,conv_decoder,2,acc,u,0.7380666997697618,,,
single-complete,standard,conv_decoder,2,acc,v,0.7247539526886411,,,
single-complete,standard,conv_decoder,2,acc,asr,0.9937322735786438,,,
single-complete,standard,conv_decoder,2,acc,olr,0.9107987880706787,,,
single-complete,standard,conv_decoder,2,ramse,surface_temperature,10.68301773071289,,,
single-complete,standard,conv_decoder,2,ramse,temperature,8.942939652336968,,,
single-complete,standard,conv_decoder,2,ramse,specific_humidity_dex,0.4905790819062127,,,
single-complete,standard,conv_decoder,2,ramse,cloud_fraction,0.08925485238432884,,,
single-complete,standard,conv_decoder,2,ramse,u,8.733877182006836,,,
single-complete,standard,conv_decoder,2,ramse,v,4.053641743130154,,,
single-complete,standard,conv_decoder,2,ramse,asr,39.32504653930664,,,
single-complete,standard,conv_decoder,2,ramse,olr,18.071025848388672,,,
single-complete,standard,conv_decoder,3,rmse,surface_temperature,10.601496696472168,,,
single-complete,standard,conv_decoder,3,rmse,temperature,8.712763415442573,,,
single-complete,standard,conv_decoder,3,rmse,specific_humidity_dex,0.4798250628842248,,,
single-complete,standard,conv_decoder,3,rmse,cloud_fraction,0.07595156505703926,,,
single-complete,standard,conv_decoder,3,rmse,u,7.349131610658434,,,
single-complete,standard,conv_decoder,3,rmse,v,3.333581248919169,,,
single-complete,standard,conv_decoder,3,rmse,asr,37.467567443847656,,,
single-complete,standard,conv_decoder,3,rmse,olr,18.0294246673584,,,
single-complete,standard,conv_decoder,3,acc,surface_temperature,0.9709544777870178,,,
single-complete,standard,conv_decoder,3,acc,temperature,0.5804630335834291,,,
single-complete,standard,conv_decoder,3,acc,specific_humidity_dex,0.791322347190645,,,
single-complete,standard,conv_decoder,3,acc,cloud_fraction,0.7360079752074348,,,
single-complete,standard,conv_decoder,3,acc,u,0.7290126747555203,,,
single-complete,standard,conv_decoder,3,acc,v,0.7220374080869887,,,
single-complete,standard,conv_decoder,3,acc,asr,0.9933977127075195,,,
single-complete,standard,conv_decoder,3,acc,olr,0.914713978767395,,,
single-complete,standard,conv_decoder,3,ramse,surface_temperature,10.912425994873047,,,
single-complete,standard,conv_decoder,3,ramse,temperature,9.306620015038384,,,
single-complete,standard,conv_decoder,3,ramse,specific_humidity_dex,0.5001795490582784,,,
single-complete,standard,conv_decoder,3,ramse,cloud_fraction,0.08879283857014444,,,
single-complete,standard,conv_decoder,3,ramse,u,8.78658848338657,,,
single-complete,standard,conv_decoder,3,ramse,v,3.9669295946756997,,,
single-complete,standard,conv_decoder,3,ramse,asr,39.96192932128906,,,
single-complete,standard,conv_decoder,3,ramse,olr,18.96877670288086,,,
single-complete,standard,conv_decoder,4,rmse,surface_temperature,10.714981079101562,,,
single-complete,standard,conv_decoder,4,rmse,temperature,8.730663882361519,,,
single-complete,standard,conv_decoder,4,rmse,specific_humidity_dex,0.4754486348893907,,,
single-complete,standard,conv_decoder,4,rmse,cloud_fraction,0.07643629279401568,,,
single-complete,standard,conv_decoder,4,rmse,u,7.359588914447361,,,
single-complete,standard,conv_decoder,4,rmse,v,3.3056148423088922,,,
single-complete,standard,conv_decoder,4,rmse,asr,37.105621337890625,,,
single-complete,standard,conv_decoder,4,rmse,olr,17.676406860351562,,,
single-complete,standard,conv_decoder,4,acc,surface_temperature,0.961432695388794,,,
single-complete,standard,conv_decoder,4,acc,temperature,0.5717238932847977,,,
single-complete,standard,conv_decoder,4,acc,specific_humidity_dex,0.7505282345745299,,,
single-complete,standard,conv_decoder,4,acc,cloud_fraction,0.7266588244173262,,,
single-complete,standard,conv_decoder,4,acc,u,0.7324095831976997,,,
single-complete,standard,conv_decoder,4,acc,v,0.7211553752422333,,,
single-complete,standard,conv_decoder,4,acc,asr,0.9929054975509644,,,
single-complete,standard,conv_decoder,4,acc,olr,0.912804365158081,,,
single-complete,standard,conv_decoder,4,ramse,surface_temperature,11.121381759643555,,,
single-complete,standard,conv_decoder,4,ramse,temperature,9.39616690741645,,,
single-complete,standard,conv_decoder,4,ramse,specific_humidity_dex,0.4995565083291795,,,
single-complete,standard,conv_decoder,4,ramse,cloud_fraction,0.08908240869641304,,,
single-complete,standard,conv_decoder,4,ramse,u,8.798620594872368,,,
single-complete,standard,conv_decoder,4,ramse,v,3.9960038132137723,,,
single-complete,standard,conv_decoder,4,ramse,asr,39.68939208984375,,,
single-complete,standard,conv_decoder,4,ramse,olr,18.69951820373535,,,
single-complete,standard,coord_deeponet,0,rmse,surface_temperature,11.322701454162598,results/models/single-complete/coord_deeponet/metrics_standard.json,results/models/single-complete/coord_deeponet/predictions.npz,results/models/single-complete/coord_deeponet/config.json
single-complete,standard,coord_deeponet,0,rmse,temperature,9.349924034542507,results/models/single-complete/coord_deeponet/metrics_standard.json,results/models/single-complete/coord_deeponet/predictions.npz,results/models/single-complete/coord_deeponet/config.json
single-complete,standard,coord_deeponet,0,rmse,specific_humidity_dex,0.5168460408846537,results/models/single-complete/coord_deeponet/metrics_standard.json,results/models/single-complete/coord_deeponet/predictions.npz,results/models/single-complete/coord_deeponet/config.json
single-complete,standard,coord_deeponet,0,rmse,cloud_fraction,0.08896773598260349,results/models/single-complete/coord_deeponet/metrics_standard.json,results/models/single-complete/coord_deeponet/predictions.npz,results/models/single-complete/coord_deeponet/config.json
single-complete,standard,coord_deeponet,0,rmse,u,9.039988040924072,results/models/single-complete/coord_deeponet/metrics_standard.json,results/models/single-complete/coord_deeponet/predictions.npz,results/models/single-complete/coord_deeponet/config.json
single-complete,standard,coord_deeponet,0,rmse,v,4.192453040017022,results/models/single-complete/coord_deeponet/metrics_standard.json,results/models/single-complete/coord_deeponet/predictions.npz,results/models/single-complete/coord_deeponet/config.json
single-complete,standard,coord_deeponet,0,rmse,asr,30.36783790588379,results/models/single-complete/coord_deeponet/metrics_standard.json,results/models/single-complete/coord_deeponet/predictions.npz,results/models/single-complete/coord_deeponet/config.json
single-complete,standard,coord_deeponet,0,rmse,olr,19.13324546813965,results/models/single-complete/coord_deeponet/metrics_standard.json,results/models/single-complete/coord_deeponet/predictions.npz,results/models/single-complete/coord_deeponet/config.json
single-complete,standard,coord_deeponet,0,acc,surface_temperature,0.9536821246147156,results/models/single-complete/coord_deeponet/metrics_standard.json,results/models/single-complete/coord_deeponet/predictions.npz,results/models/single-complete/coord_deeponet/config.json
single-complete,standard,coord_deeponet,0,acc,temperature,0.6055333481894599,results/models/single-complete/coord_deeponet/metrics_standard.json,results/models/single-complete/coord_deeponet/predictions.npz,results/models/single-complete/coord_deeponet/config.json
single-complete,standard,coord_deeponet,0,acc,specific_humidity_dex,0.7992406189441681,results/models/single-complete/coord_deeponet/metrics_standard.json,results/models/single-complete/coord_deeponet/predictions.npz,results/models/single-complete/coord_deeponet/config.json
single-complete,standard,coord_deeponet,0,acc,cloud_fraction,0.712783416112264,results/models/single-complete/coord_deeponet/metrics_standard.json,results/models/single-complete/coord_deeponet/predictions.npz,results/models/single-complete/coord_deeponet/config.json
single-complete,standard,coord_deeponet,0,acc,u,0.6748805542786916,results/models/single-complete/coord_deeponet/metrics_standard.json,results/models/single-complete/coord_deeponet/predictions.npz,results/models/single-complete/coord_deeponet/config.json
single-complete,standard,coord_deeponet,0,acc,v,0.6561456885602739,results/models/single-complete/coord_deeponet/metrics_standard.json,results/models/single-complete/coord_deeponet/predictions.npz,results/models/single-complete/coord_deeponet/config.json
single-complete,standard,coord_deeponet,0,acc,asr,0.9949185252189636,results/models/single-complete/coord_deeponet/metrics_standard.json,results/models/single-complete/coord_deeponet/predictions.npz,results/models/single-complete/coord_deeponet/config.json
single-complete,standard,coord_deeponet,0,acc,olr,0.8731750249862671,results/models/single-complete/coord_deeponet/metrics_standard.json,results/models/single-complete/coord_deeponet/predictions.npz,results/models/single-complete/coord_deeponet/config.json
single-complete,standard,coord_deeponet,0,ramse,surface_temperature,11.716218948364258,results/models/single-complete/coord_deeponet/metrics_standard.json,results/models/single-complete/coord_deeponet/predictions.npz,results/models/single-complete/coord_deeponet/config.json
single-complete,standard,coord_deeponet,0,ramse,temperature,9.822867393493652,results/models/single-complete/coord_deeponet/metrics_standard.json,results/models/single-complete/coord_deeponet/predictions.npz,results/models/single-complete/coord_deeponet/config.json
single-complete,standard,coord_deeponet,0,ramse,specific_humidity_dex,0.5408965746561686,results/models/single-complete/coord_deeponet/metrics_standard.json,results/models/single-complete/coord_deeponet/predictions.npz,results/models/single-complete/coord_deeponet/config.json
single-complete,standard,coord_deeponet,0,ramse,cloud_fraction,0.10621738723582691,results/models/single-complete/coord_deeponet/metrics_standard.json,results/models/single-complete/coord_deeponet/predictions.npz,results/models/single-complete/coord_deeponet/config.json
single-complete,standard,coord_deeponet,0,ramse,u,11.02059170934889,results/models/single-complete/coord_deeponet/metrics_standard.json,results/models/single-complete/coord_deeponet/predictions.npz,results/models/single-complete/coord_deeponet/config.json
single-complete,standard,coord_deeponet,0,ramse,v,5.242552863226996,results/models/single-complete/coord_deeponet/metrics_standard.json,results/models/single-complete/coord_deeponet/predictions.npz,results/models/single-complete/coord_deeponet/config.json
single-complete,standard,coord_deeponet,0,ramse,asr,32.239654541015625,results/models/single-complete/coord_deeponet/metrics_standard.json,results/models/single-complete/coord_deeponet/predictions.npz,results/models/single-complete/coord_deeponet/config.json
single-complete,standard,coord_deeponet,0,ramse,olr,20.664691925048828,results/models/single-complete/coord_deeponet/metrics_standard.json,results/models/single-complete/coord_deeponet/predictions.npz,results/models/single-complete/coord_deeponet/config.json
single-complete,standard,coord_deeponet,1,rmse,surface_temperature,12.349688529968262,,,
single-complete,standard,coord_deeponet,1,rmse,temperature,10.182962735493978,,,
single-complete,standard,coord_deeponet,1,rmse,specific_humidity_dex,0.5339071618186103,,,
single-complete,standard,coord_deeponet,1,rmse,cloud_fraction,0.08918802150421673,,,
single-complete,standard,coord_deeponet,1,rmse,u,9.7270045015547,,,
single-complete,standard,coord_deeponet,1,rmse,v,4.1934149795108375,,,
single-complete,standard,coord_deeponet,1,rmse,asr,30.026634216308594,,,
single-complete,standard,coord_deeponet,1,rmse,olr,19.171480178833008,,,
single-complete,standard,coord_deeponet,1,acc,surface_temperature,0.9509318470954895,,,
single-complete,standard,coord_deeponet,1,acc,temperature,0.5912125673558977,,,
single-complete,standard,coord_deeponet,1,acc,specific_humidity_dex,0.7811309264765846,,,
single-complete,standard,coord_deeponet,1,acc,cloud_fraction,0.7120862603187561,,,
single-complete,standard,coord_deeponet,1,acc,u,0.6757871839735243,,,
single-complete,standard,coord_deeponet,1,acc,v,0.674513065152698,,,
single-complete,standard,coord_deeponet,1,acc,asr,0.9949573874473572,,,
single-complete,standard,coord_deeponet,1,acc,olr,0.8756535649299622,,,
single-complete,standard,coord_deeponet,1,ramse,surface_temperature,12.789459228515625,,,
single-complete,standard,coord_deeponet,1,ramse,temperature,10.619390487670898,,,
single-complete,standard,coord_deeponet,1,ramse,specific_humidity_dex,0.5596399671501584,,,
single-complete,standard,coord_deeponet,1,ramse,cloud_fraction,0.10535580747657353,,,
single-complete,standard,coord_deeponet,1,ramse,u,11.92438104417589,,,
single-complete,standard,coord_deeponet,1,ramse,v,5.1789742310841875,,,
single-complete,standard,coord_deeponet,1,ramse,asr,32.155128479003906,,,
single-complete,standard,coord_deeponet,1,ramse,olr,20.61661720275879,,,
single-complete,standard,coord_deeponet,2,rmse,surface_temperature,12.2369966506958,,,
single-complete,standard,coord_deeponet,2,rmse,temperature,9.779522789849175,,,
single-complete,standard,coord_deeponet,2,rmse,specific_humidity_dex,0.5806632108158536,,,
single-complete,standard,coord_deeponet,2,rmse,cloud_fraction,0.09009415739112431,,,
single-complete,standard,coord_deeponet,2,rmse,u,10.090631484985352,,,
single-complete,standard,coord_deeponet,2,rmse,v,4.468436506059435,,,
single-complete,standard,coord_deeponet,2,rmse,asr,31.329893112182617,,,
single-complete,standard,coord_deeponet,2,rmse,olr,19.26158905029297,,,
single-complete,standard,coord_deeponet,2,acc,surface_temperature,0.946092426776886,,,
single-complete,standard,coord_deeponet,2,acc,temperature,0.560408827331331,,,
single-complete,standard,coord_deeponet,2,acc,specific_humidity_dex,0.7858217325475481,,,
single-complete,standard,coord_deeponet,2,acc,cloud_fraction,0.6967678566773733,,,
single-complete,standard,coord_deeponet,2,acc,u,0.6682826843526628,,,
single-complete,standard,coord_deeponet,2,acc,v,0.6612699925899506,,,
single-complete,standard,coord_deeponet,2,acc,asr,0.9950883984565735,,,
single-complete,standard,coord_deeponet,2,acc,olr,0.8618103861808777,,,
single-complete,standard,coord_deeponet,2,ramse,surface_temperature,12.72415828704834,,,
single-complete,standard,coord_deeponet,2,ramse,temperature,10.339782290988499,,,
single-complete,standard,coord_deeponet,2,ramse,specific_humidity_dex,0.6063040031327142,,,
single-complete,standard,coord_deeponet,2,ramse,cloud_fraction,0.1083196931415134,,,
single-complete,standard,coord_deeponet,2,ramse,u,12.604501247406006,,,
single-complete,standard,coord_deeponet,2,ramse,v,5.634332550896539,,,
single-complete,standard,coord_deeponet,2,ramse,asr,33.137386322021484,,,
single-complete,standard,coord_deeponet,2,ramse,olr,20.88909339904785,,,
single-complete,standard,coord_deeponet,3,rmse,surface_temperature,11.896368980407715,,,
single-complete,standard,coord_deeponet,3,rmse,temperature,9.737210591634115,,,
single-complete,standard,coord_deeponet,3,rmse,specific_humidity_dex,0.555956655078464,,,
single-complete,standard,coord_deeponet,3,rmse,cloud_fraction,0.09194538990656535,,,
single-complete,standard,coord_deeponet,3,rmse,u,10.203368001514011,,,
single-complete,standard,coord_deeponet,3,rmse,v,4.31879366768731,,,
single-complete,standard,coord_deeponet,3,rmse,asr,30.4112548828125,,,
single-complete,standard,coord_deeponet,3,rmse,olr,18.661483764648438,,,
single-complete,standard,coord_deeponet,3,acc,surface_temperature,0.9543308615684509,,,
single-complete,standard,coord_deeponet,3,acc,temperature,0.5616161574920019,,,
single-complete,standard,coord_deeponet,3,acc,specific_humidity_dex,0.7949734330177307,,,
single-complete,standard,coord_deeponet,3,acc,cloud_fraction,0.7036422292391459,,,
single-complete,standard,coord_deeponet,3,acc,u,0.6733334759871165,,,
single-complete,standard,coord_deeponet,3,acc,v,0.6735396683216095,,,
single-complete,standard,coord_deeponet,3,acc,asr,0.9948245882987976,,,
single-complete,standard,coord_deeponet,3,acc,olr,0.8656227588653564,,,
single-complete,standard,coord_deeponet,3,ramse,surface_temperature,12.363903999328613,,,
single-complete,standard,coord_deeponet,3,ramse,temperature,10.266884909735786,,,
single-complete,standard,coord_deeponet,3,ramse,specific_humidity_dex,0.580905470583174,,,
single-complete,standard,coord_deeponet,3,ramse,cloud_fraction,0.11043096582094829,,,
single-complete,standard,coord_deeponet,3,ramse,u,12.66287930806478,,,
single-complete,standard,coord_deeponet,3,ramse,v,5.363822937011719,,,
single-complete,standard,coord_deeponet,3,ramse,asr,32.4708137512207,,,
single-complete,standard,coord_deeponet,3,ramse,olr,20.128381729125977,,,
single-complete,standard,coord_deeponet,4,rmse,surface_temperature,11.880023002624512,,,
single-complete,standard,coord_deeponet,4,rmse,temperature,9.713093333774143,,,
single-complete,standard,coord_deeponet,4,rmse,specific_humidity_dex,0.5582361916700999,,,
single-complete,standard,coord_deeponet,4,rmse,cloud_fraction,0.08771053122149573,,,
single-complete,standard,coord_deeponet,4,rmse,u,8.697115156385633,,,
single-complete,standard,coord_deeponet,4,rmse,v,3.9742852052052817,,,
single-complete,standard,coord_deeponet,4,rmse,asr,30.575185775756836,,,
single-complete,standard,coord_deeponet,4,rmse,olr,18.83395004272461,,,
single-complete,standard,coord_deeponet,4,acc,surface_temperature,0.9661023020744324,,,
single-complete,standard,coord_deeponet,4,acc,temperature,0.5864649448129866,,,
single-complete,standard,coord_deeponet,4,acc,specific_humidity_dex,0.8052850034501817,,,
single-complete,standard,coord_deeponet,4,acc,cloud_fraction,0.7167322701878018,,,
single-complete,standard,coord_deeponet,4,acc,u,0.6729399197631412,,,
single-complete,standard,coord_deeponet,4,acc,v,0.6630894111262428,,,
single-complete,standard,coord_deeponet,4,acc,asr,0.9948800802230835,,,
single-complete,standard,coord_deeponet,4,acc,olr,0.8775023221969604,,,
single-complete,standard,coord_deeponet,4,ramse,surface_temperature,12.18146800994873,,,
single-complete,standard,coord_deeponet,4,ramse,temperature,10.10384898715549,,,
single-complete,standard,coord_deeponet,4,ramse,specific_humidity_dex,0.5793579849931929,,,
single-complete,standard,coord_deeponet,4,ramse,cloud_fraction,0.10496773777736558,,,
single-complete,standard,coord_deeponet,4,ramse,u,10.48982212278578,,,
single-complete,standard,coord_deeponet,4,ramse,v,4.823100354936388,,,
single-complete,standard,coord_deeponet,4,ramse,asr,32.505126953125,,,
single-complete,standard,coord_deeponet,4,ramse,olr,20.301067352294922,,,
single-complete,standard,coord_mlp,0,rmse,surface_temperature,16.773136138916016,results/models/single-complete/coord_mlp/metrics_standard.json,results/models/single-complete/coord_mlp/predictions.npz,results/models/single-complete/coord_mlp/config.json
single-complete,standard,coord_mlp,0,rmse,temperature,11.112584537929958,results/models/single-complete/coord_mlp/metrics_standard.json,results/models/single-complete/coord_mlp/predictions.npz,results/models/single-complete/coord_mlp/config.json
single-complete,standard,coord_mlp,0,rmse,specific_humidity_dex,0.6643044054508209,results/models/single-complete/coord_mlp/metrics_standard.json,results/models/single-complete/coord_mlp/predictions.npz,results/models/single-complete/coord_mlp/config.json
single-complete,standard,coord_mlp,0,rmse,cloud_fraction,0.10307192450596227,results/models/single-complete/coord_mlp/metrics_standard.json,results/models/single-complete/coord_mlp/predictions.npz,results/models/single-complete/coord_mlp/config.json
single-complete,standard,coord_mlp,0,rmse,u,9.281027873357138,results/models/single-complete/coord_mlp/metrics_standard.json,results/models/single-complete/coord_mlp/predictions.npz,results/models/single-complete/coord_mlp/config.json
single-complete,standard,coord_mlp,0,rmse,v,4.0033497545454235,results/models/single-complete/coord_mlp/metrics_standard.json,results/models/single-complete/coord_mlp/predictions.npz,results/models/single-complete/coord_mlp/config.json
single-complete,standard,coord_mlp,0,rmse,asr,64.29944610595703,results/models/single-complete/coord_mlp/metrics_standard.json,results/models/single-complete/coord_mlp/predictions.npz,results/models/single-complete/coord_mlp/config.json
single-complete,standard,coord_mlp,0,rmse,olr,26.893789291381836,results/models/single-complete/coord_mlp/metrics_standard.json,results/models/single-complete/coord_mlp/predictions.npz,results/models/single-complete/coord_mlp/config.json
single-complete,standard,coord_mlp,0,acc,surface_temperature,0.948224663734436,results/models/single-complete/coord_mlp/metrics_standard.json,results/models/single-complete/coord_mlp/predictions.npz,results/models/single-complete/coord_mlp/config.json
single-complete,standard,coord_mlp,0,acc,temperature,0.5248496499326494,results/models/single-complete/coord_mlp/metrics_standard.json,results/models/single-complete/coord_mlp/predictions.npz,results/models/single-complete/coord_mlp/config.json
single-complete,standard,coord_mlp,0,acc,specific_humidity_dex,0.7298610624339845,results/models/single-complete/coord_mlp/metrics_standard.json,results/models/single-complete/coord_mlp/predictions.npz,results/models/single-complete/coord_mlp/config.json
single-complete,standard,coord_mlp,0,acc,cloud_fraction,0.6538690792189704,results/models/single-complete/coord_mlp/metrics_standard.json,results/models/single-complete/coord_mlp/predictions.npz,results/models/single-complete/coord_mlp/config.json
single-complete,standard,coord_mlp,0,acc,u,0.6112614042229123,results/models/single-complete/coord_mlp/metrics_standard.json,results/models/single-complete/coord_mlp/predictions.npz,results/models/single-complete/coord_mlp/config.json
single-complete,standard,coord_mlp,0,acc,v,0.6323293613062965,results/models/single-complete/coord_mlp/metrics_standard.json,results/models/single-complete/coord_mlp/predictions.npz,results/models/single-complete/coord_mlp/config.json
single-complete,standard,coord_mlp,0,acc,asr,0.9814682006835938,results/models/single-complete/coord_mlp/metrics_standard.json,results/models/single-complete/coord_mlp/predictions.npz,results/models/single-complete/coord_mlp/config.json
single-complete,standard,coord_mlp,0,acc,olr,0.7821221351623535,results/models/single-complete/coord_mlp/metrics_standard.json,results/models/single-complete/coord_mlp/predictions.npz,results/models/single-complete/coord_mlp/config.json
single-complete,standard,coord_mlp,0,ramse,surface_temperature,17.554046630859375,results/models/single-complete/coord_mlp/metrics_standard.json,results/models/single-complete/coord_mlp/predictions.npz,results/models/single-complete/coord_mlp/config.json
single-complete,standard,coord_mlp,0,ramse,temperature,11.59172609117296,results/models/single-complete/coord_mlp/metrics_standard.json,results/models/single-complete/coord_mlp/predictions.npz,results/models/single-complete/coord_mlp/config.json
single-complete,standard,coord_mlp,0,ramse,specific_humidity_dex,0.6925150487158034,results/models/single-complete/coord_mlp/metrics_standard.json,results/models/single-complete/coord_mlp/predictions.npz,results/models/single-complete/coord_mlp/config.json
single-complete,standard,coord_mlp,0,ramse,cloud_fraction,0.12677702183524767,results/models/single-complete/coord_mlp/metrics_standard.json,results/models/single-complete/coord_mlp/predictions.npz,results/models/single-complete/coord_mlp/config.json
single-complete,standard,coord_mlp,0,ramse,u,11.325471189286974,results/models/single-complete/coord_mlp/metrics_standard.json,results/models/single-complete/coord_mlp/predictions.npz,results/models/single-complete/coord_mlp/config.json
single-complete,standard,coord_mlp,0,ramse,v,4.849932008319431,results/models/single-complete/coord_mlp/metrics_standard.json,results/models/single-complete/coord_mlp/predictions.npz,results/models/single-complete/coord_mlp/config.json
single-complete,standard,coord_mlp,0,ramse,asr,70.47156524658203,results/models/single-complete/coord_mlp/metrics_standard.json,results/models/single-complete/coord_mlp/predictions.npz,results/models/single-complete/coord_mlp/config.json
single-complete,standard,coord_mlp,0,ramse,olr,29.64183235168457,results/models/single-complete/coord_mlp/metrics_standard.json,results/models/single-complete/coord_mlp/predictions.npz,results/models/single-complete/coord_mlp/config.json
single-complete,standard,coord_mlp,1,rmse,surface_temperature,14.101716041564941,,,
single-complete,standard,coord_mlp,1,rmse,temperature,9.282594839731852,,,
single-complete,standard,coord_mlp,1,rmse,specific_humidity_dex,0.5433611041969724,,,
single-complete,standard,coord_mlp,1,rmse,cloud_fraction,0.10782093058029811,,,
single-complete,standard,coord_mlp,1,rmse,u,8.668935961193508,,,
single-complete,standard,coord_mlp,1,rmse,v,4.574288500679864,,,
single-complete,standard,coord_mlp,1,rmse,asr,80.12796020507812,,,
single-complete,standard,coord_mlp,1,rmse,olr,25.901254653930664,,,
single-complete,standard,coord_mlp,1,acc,surface_temperature,0.9429180026054382,,,
single-complete,standard,coord_mlp,1,acc,temperature,0.5244280762142606,,,
single-complete,standard,coord_mlp,1,acc,specific_humidity_dex,0.7526998619238535,,,
single-complete,standard,coord_mlp,1,acc,cloud_fraction,0.6384500662485758,,,
single-complete,standard,coord_mlp,1,acc,u,0.6358068254258897,,,
single-complete,standard,coord_mlp,1,acc,v,0.5997554825411903,,,
single-complete,standard,coord_mlp,1,acc,asr,0.9594756364822388,,,
single-complete,standard,coord_mlp,1,acc,olr,0.749065101146698,,,
single-complete,standard,coord_mlp,1,ramse,surface_temperature,15.014691352844238,,,
single-complete,standard,coord_mlp,1,ramse,temperature,9.817632251315647,,,
single-complete,standard,coord_mlp,1,ramse,specific_humidity_dex,0.5813652177651724,,,
single-complete,standard,coord_mlp,1,ramse,cloud_fraction,0.13275782970918548,,,
single-complete,standard,coord_mlp,1,ramse,u,10.727181328667534,,,
single-complete,standard,coord_mlp,1,ramse,v,5.648780478371514,,,
single-complete,standard,coord_mlp,1,ramse,asr,85.87570190429688,,,
single-complete,standard,coord_mlp,1,ramse,olr,29.6793155670166,,,
single-complete,standard,coord_mlp,2,rmse,surface_temperature,14.813394546508789,,,
single-complete,standard,coord_mlp,2,rmse,temperature,10.741807831658257,,,
single-complete,standard,coord_mlp,2,rmse,specific_humidity_dex,0.5740996168719398,,,
single-complete,standard,coord_mlp,2,rmse,cloud_fraction,0.09986148733231756,,,
single-complete,standard,coord_mlp,2,rmse,u,9.272731489605373,,,
single-complete,standard,coord_mlp,2,rmse,v,4.016223563088311,,,
single-complete,standard,coord_mlp,2,rmse,asr,64.29296112060547,,,
single-complete,standard,coord_mlp,2,rmse,olr,28.009960174560547,,,
single-complete,standard,coord_mlp,2,acc,surface_temperature,0.9401147365570068,,,
single-complete,standard,coord_mlp,2,acc,temperature,0.4436185724205441,,,
single-complete,standard,coord_mlp,2,acc,specific_humidity_dex,0.7130351447396808,,,
single-complete,standard,coord_mlp,2,acc,cloud_fraction,0.6618858377138773,,,
single-complete,standard,coord_mlp,2,acc,u,0.6029379136032529,,,
single-complete,standard,coord_mlp,2,acc,v,0.6354360547330644,,,
single-complete,standard,coord_mlp,2,acc,asr,0.9749114513397217,,,
single-complete,standard,coord_mlp,2,acc,olr,0.7504463195800781,,,
single-complete,standard,coord_mlp,2,ramse,surface_temperature,15.540328025817871,,,
single-complete,standard,coord_mlp,2,ramse,temperature,11.551668061150444,,,
single-complete,standard,coord_mlp,2,ramse,specific_humidity_dex,0.6161084009541405,,,
single-complete,standard,coord_mlp,2,ramse,cloud_fraction,0.12365162082844311,,,
single-complete,standard,coord_mlp,2,ramse,u,11.296592818366157,,,
single-complete,standard,coord_mlp,2,ramse,v,4.876488420698378,,,
single-complete,standard,coord_mlp,2,ramse,asr,70.41014862060547,,,
single-complete,standard,coord_mlp,2,ramse,olr,31.07575225830078,,,
single-complete,standard,coord_mlp,3,rmse,surface_temperature,14.037470817565918,,,
single-complete,standard,coord_mlp,3,rmse,temperature,9.16409550772773,,,
single-complete,standard,coord_mlp,3,rmse,specific_humidity_dex,0.5583976440959506,,,
single-complete,standard,coord_mlp,3,rmse,cloud_fraction,0.10038267200191815,,,
single-complete,standard,coord_mlp,3,rmse,u,8.863798167970446,,,
single-complete,standard,coord_mlp,3,rmse,v,4.180053896374172,,,
single-complete,standard,coord_mlp,3,rmse,asr,61.59939956665039,,,
single-complete,standard,coord_mlp,3,rmse,olr,25.765779495239258,,,
single-complete,standard,coord_mlp,3,acc,surface_temperature,0.9546621441841125,,,
single-complete,standard,coord_mlp,3,acc,temperature,0.5426049944427278,,,
single-complete,standard,coord_mlp,3,acc,specific_humidity_dex,0.766826844877667,,,
single-complete,standard,coord_mlp,3,acc,cloud_fraction,0.6528785460525088,,,
single-complete,standard,coord_mlp,3,acc,u,0.6221865150663588,,,
single-complete,standard,coord_mlp,3,acc,v,0.6154155631860098,,,
single-complete,standard,coord_mlp,3,acc,asr,0.9808389544487,,,
single-complete,standard,coord_mlp,3,acc,olr,0.8067728877067566,,,
single-complete,standard,coord_mlp,3,ramse,surface_temperature,14.765835762023926,,,
single-complete,standard,coord_mlp,3,ramse,temperature,9.729953236050076,,,
single-complete,standard,coord_mlp,3,ramse,specific_humidity_dex,0.5896965397728814,,,
single-complete,standard,coord_mlp,3,ramse,cloud_fraction,0.12482713535428047,,,
single-complete,standard,coord_mlp,3,ramse,u,10.87964301639133,,,
single-complete,standard,coord_mlp,3,ramse,v,5.095830890867445,,,
single-complete,standard,coord_mlp,3,ramse,asr,67.53630065917969,,,
single-complete,standard,coord_mlp,3,ramse,olr,28.48524284362793,,,
single-complete,standard,coord_mlp,4,rmse,surface_temperature,14.05451774597168,,,
single-complete,standard,coord_mlp,4,rmse,temperature,8.959680080413818,,,
single-complete,standard,coord_mlp,4,rmse,specific_humidity_dex,0.5700112846162584,,,
single-complete,standard,coord_mlp,4,rmse,cloud_fraction,0.09936076050831212,,,
single-complete,standard,coord_mlp,4,rmse,u,8.957992977566189,,,
single-complete,standard,coord_mlp,4,rmse,v,4.2234472433726,,,
single-complete,standard,coord_mlp,4,rmse,asr,64.86871337890625,,,
single-complete,standard,coord_mlp,4,rmse,olr,25.0128116607666,,,
single-complete,standard,coord_mlp,4,acc,surface_temperature,0.9543406367301941,,,
single-complete,standard,coord_mlp,4,acc,temperature,0.5499236385027567,,,
single-complete,standard,coord_mlp,4,acc,specific_humidity_dex,0.7572708461019728,,,
single-complete,standard,coord_mlp,4,acc,cloud_fraction,0.6507967280017005,,,
single-complete,standard,coord_mlp,4,acc,u,0.6349636250072055,,,
single-complete,standard,coord_mlp,4,acc,v,0.6184534960322909,,,
single-complete,standard,coord_mlp,4,acc,asr,0.9691991209983826,,,
single-complete,standard,coord_mlp,4,acc,olr,0.7916766405105591,,,
single-complete,standard,coord_mlp,4,ramse,surface_temperature,14.727021217346191,,,
single-complete,standard,coord_mlp,4,ramse,temperature,9.46246830622355,,,
single-complete,standard,coord_mlp,4,ramse,specific_humidity_dex,0.6009645793173048,,,
single-complete,standard,coord_mlp,4,ramse,cloud_fraction,0.12176549972759353,,,
single-complete,standard,coord_mlp,4,ramse,u,10.88518434100681,,,
single-complete,standard,coord_mlp,4,ramse,v,5.133772744072808,,,
single-complete,standard,coord_mlp,4,ramse,asr,71.6517562866211,,,
single-complete,standard,coord_mlp,4,ramse,olr,27.984722137451172,,,
single-complete,standard,gplfr,0,rmse,surface_temperature,9.417487144470215,results/models/single-complete/gplfr/metrics_standard.json,results/models/single-complete/gplfr/predictions.npz,results/models/single-complete/gplfr/config.json
single-complete,standard,gplfr,0,rmse,temperature,8.161766105228,results/models/single-complete/gplfr/metrics_standard.json,results/models/single-complete/gplfr/predictions.npz,results/models/single-complete/gplfr/config.json
single-complete,standard,gplfr,0,rmse,specific_humidity_dex,0.4493696358468797,results/models/single-complete/gplfr/metrics_standard.json,results/models/single-complete/gplfr/predictions.npz,results/models/single-complete/gplfr/config.json
single-complete,standard,gplfr,0,rmse,cloud_fraction,0.07627974326411883,results/models/single-complete/gplfr/metrics_standard.json,results/models/single-complete/gplfr/predictions.npz,results/models/single-complete/gplfr/config.json
single-complete,standard,gplfr,0,rmse,u,7.447661293877496,results/models/single-complete/gplfr/metrics_standard.json,results/models/single-complete/gplfr/predictions.npz,results/models/single-complete/gplfr/config.json
single-complete,standard,gplfr,0,rmse,v,3.5311720106336804,results/models/single-complete/gplfr/metrics_standard.json,results/models/single-complete/gplfr/predictions.npz,results/models/single-complete/gplfr/config.json
single-complete,standard,gplfr,0,rmse,asr,25.12626075744629,results/models/single-complete/gplfr/metrics_standard.json,results/models/single-complete/gplfr/predictions.npz,results/models/single-complete/gplfr/config.json
single-complete,standard,gplfr,0,rmse,olr,16.345109939575195,results/models/single-complete/gplfr/metrics_standard.json,results/models/single-complete/gplfr/predictions.npz,results/models/single-complete/gplfr/config.json
single-complete,standard,gplfr,0,acc,surface_temperature,0.9785293340682983,results/models/single-complete/gplfr/metrics_standard.json,results/models/single-complete/gplfr/predictions.npz,results/models/single-complete/gplfr/config.json
single-complete,standard,gplfr,0,acc,temperature,0.6922223601076338,results/models/single-complete/gplfr/metrics_standard.json,results/models/single-complete/gplfr/predictions.npz,results/models/single-complete/gplfr/config.json
single-complete,standard,gplfr,0,acc,specific_humidity_dex,0.8493181135919359,results/models/single-complete/gplfr/metrics_standard.json,results/models/single-complete/gplfr/predictions.npz,results/models/single-complete/gplfr/config.json
single-complete,standard,gplfr,0,acc,cloud_fraction,0.751752946111891,results/models/single-complete/gplfr/metrics_standard.json,results/models/single-complete/gplfr/predictions.npz,results/models/single-complete/gplfr/config.json
single-complete,standard,gplfr,0,acc,u,0.7452389266755846,results/models/single-complete/gplfr/metrics_standard.json,results/models/single-complete/gplfr/predictions.npz,results/models/single-complete/gplfr/config.json
single-complete,standard,gplfr,0,acc,v,0.7048215932316251,results/models/single-complete/gplfr/metrics_standard.json,results/models/single-complete/gplfr/predictions.npz,results/models/single-complete/gplfr/config.json
single-complete,standard,gplfr,0,acc,asr,0.9961776733398438,results/models/single-complete/gplfr/metrics_standard.json,results/models/single-complete/gplfr/predictions.npz,results/models/single-complete/gplfr/config.json
single-complete,standard,gplfr,0,acc,olr,0.9127888083457947,results/models/single-complete/gplfr/metrics_standard.json,results/models/single-complete/gplfr/predictions.npz,results/models/single-complete/gplfr/config.json
single-complete,standard,gplfr,0,ramse,surface_temperature,9.594372749328613,results/models/single-complete/gplfr/metrics_standard.json,results/models/single-complete/gplfr/predictions.npz,results/models/single-complete/gplfr/config.json
single-complete,standard,gplfr,0,ramse,temperature,8.437607924143473,results/models/single-complete/gplfr/metrics_standard.json,results/models/single-complete/gplfr/predictions.npz,results/models/single-complete/gplfr/config.json
single-complete,standard,gplfr,0,ramse,specific_humidity_dex,0.46535514129532707,results/models/single-complete/gplfr/metrics_standard.json,results/models/single-complete/gplfr/predictions.npz,results/models/single-complete/gplfr/config.json
single-complete,standard,gplfr,0,ramse,cloud_fraction,0.08704078073302905,results/models/single-complete/gplfr/metrics_standard.json,results/models/single-complete/gplfr/predictions.npz,results/models/single-complete/gplfr/config.json
single-complete,standard,gplfr,0,ramse,u,8.807134972678291,results/models/single-complete/gplfr/metrics_standard.json,results/models/single-complete/gplfr/predictions.npz,results/models/single-complete/gplfr/config.json
single-complete,standard,gplfr,0,ramse,v,4.177716573079427,results/models/single-complete/gplfr/metrics_standard.json,results/models/single-complete/gplfr/predictions.npz,results/models/single-complete/gplfr/config.json
single-complete,standard,gplfr,0,ramse,asr,26.40918731689453,results/models/single-complete/gplfr/metrics_standard.json,results/models/single-complete/gplfr/predictions.npz,results/models/single-complete/gplfr/config.json
single-complete,standard,gplfr,0,ramse,olr,17.304847717285156,results/models/single-complete/gplfr/metrics_standard.json,results/models/single-complete/gplfr/predictions.npz,results/models/single-complete/gplfr/config.json
single-complete,standard,gplfr,0,energy_score,surface_temperature,7.592059135437012,results/models/single-complete/gplfr/metrics_standard.json,results/models/single-complete/gplfr/predictions.npz,results/models/single-complete/gplfr/config.json
single-complete,standard,gplfr,0,energy_score,temperature,6.465912077162001,results/models/single-complete/gplfr/metrics_standard.json,results/models/single-complete/gplfr/predictions.npz,results/models/single-complete/gplfr/config.json
single-complete,standard,gplfr,0,energy_score,specific_humidity_dex,0.35509108669228023,results/models/single-complete/gplfr/metrics_standard.json,results/models/single-complete/gplfr/predictions.npz,results/models/single-complete/gplfr/config.json
single-complete,standard,gplfr,0,energy_score,cloud_fraction,0.05631093680858612,results/models/single-complete/gplfr/metrics_standard.json,results/models/single-complete/gplfr/predictions.npz,results/models/single-complete/gplfr/config.json
single-complete,standard,gplfr,0,energy_score,u,5.869046131769816,results/models/single-complete/gplfr/metrics_standard.json,results/models/single-complete/gplfr/predictions.npz,results/models/single-complete/gplfr/config.json
single-complete,standard,gplfr,0,energy_score,v,2.745077888170878,results/models/single-complete/gplfr/metrics_standard.json,results/models/single-complete/gplfr/predictions.npz,results/models/single-complete/gplfr/config.json
single-complete,standard,gplfr,0,energy_score,asr,19.655611038208008,results/models/single-complete/gplfr/metrics_standard.json,results/models/single-complete/gplfr/predictions.npz,results/models/single-complete/gplfr/config.json
single-complete,standard,gplfr,0,energy_score,olr,12.904600143432617,results/models/single-complete/gplfr/metrics_standard.json,results/models/single-complete/gplfr/predictions.npz,results/models/single-complete/gplfr/config.json
single-complete,standard,gplfr,0,spread_skill_ratio,surface_temperature,0.915000319480896,results/models/single-complete/gplfr/metrics_standard.json,results/models/single-complete/gplfr/predictions.npz,results/models/single-complete/gplfr/config.json
single-complete,standard,gplfr,0,spread_skill_ratio,temperature,0.9358282619052463,results/models/single-complete/gplfr/metrics_standard.json,results/models/single-complete/gplfr/predictions.npz,results/models/single-complete/gplfr/config.json
single-complete,standard,gplfr,0,spread_skill_ratio,specific_humidity_dex,0.871542235215505,results/models/single-complete/gplfr/metrics_standard.json,results/models/single-complete/gplfr/predictions.npz,results/models/single-complete/gplfr/config.json
single-complete,standard,gplfr,0,spread_skill_ratio,cloud_fraction,0.9459002415339152,results/models/single-complete/gplfr/metrics_standard.json,results/models/single-complete/gplfr/predictions.npz,results/models/single-complete/gplfr/config.json
single-complete,standard,gplfr,0,spread_skill_ratio,u,0.792487363020579,results/models/single-complete/gplfr/metrics_standard.json,results/models/single-complete/gplfr/predictions.npz,results/models/single-complete/gplfr/config.json
single-complete,standard,gplfr,0,spread_skill_ratio,v,0.740419844786326,results/models/single-complete/gplfr/metrics_standard.json,results/models/single-complete/gplfr/predictions.npz,results/models/single-complete/gplfr/config.json
single-complete,standard,gplfr,0,spread_skill_ratio,asr,0.6980881094932556,results/models/single-complete/gplfr/metrics_standard.json,results/models/single-complete/gplfr/predictions.npz,results/models/single-complete/gplfr/config.json
single-complete,standard,gplfr,0,spread_skill_ratio,olr,0.9966283440589905,results/models/single-complete/gplfr/metrics_standard.json,results/models/single-complete/gplfr/predictions.npz,results/models/single-complete/gplfr/config.json
single-complete,standard,gplfr,1,rmse,surface_temperature,9.315496444702148,,,
single-complete,standard,gplfr,1,rmse,temperature,8.039928648206923,,,
single-complete,standard,gplfr,1,rmse,specific_humidity_dex,0.4451456798447503,,,
single-complete,standard,gplfr,1,rmse,cloud_fraction,0.07676157934798135,,,
single-complete,standard,gplfr,1,rmse,u,7.471946133507623,,,
single-complete,standard,gplfr,1,rmse,v,3.5565365023083158,,,
single-complete,standard,gplfr,1,rmse,asr,24.973485946655273,,,
single-complete,standard,gplfr,1,rmse,olr,16.13487434387207,,,
single-complete,standard,gplfr,1,acc,surface_temperature,0.9780184626579285,,,
single-complete,standard,gplfr,1,acc,temperature,0.6950641340679593,,,
single-complete,standard,gplfr,1,acc,specific_humidity_dex,0.8481732805569967,,,
single-complete,standard,gplfr,1,acc,cloud_fraction,0.748601194885042,,,
single-complete,standard,gplfr,1,acc,u,0.7416922582520379,,,
single-complete,standard,gplfr,1,acc,v,0.6975669463475546,,,
single-complete,standard,gplfr,1,acc,asr,0.9961255788803101,,,
single-complete,standard,gplfr,1,acc,olr,0.9128409624099731,,,
single-complete,standard,gplfr,1,ramse,surface_temperature,9.498029708862305,,,
single-complete,standard,gplfr,1,ramse,temperature,8.314872953626844,,,
single-complete,standard,gplfr,1,ramse,specific_humidity_dex,0.46090824405352276,,,
single-complete,standard,gplfr,1,ramse,cloud_fraction,0.08766787747542064,,,
single-complete,standard,gplfr,1,ramse,u,8.824704885482788,,,
single-complete,standard,gplfr,1,ramse,v,4.206314908133613,,,
single-complete,standard,gplfr,1,ramse,asr,26.331533432006836,,,
single-complete,standard,gplfr,1,ramse,olr,17.074100494384766,,,
single-complete,standard,gplfr,1,energy_score,surface_temperature,7.512676239013672,,,
single-complete,standard,gplfr,1,energy_score,temperature,6.3425906499226885,,,
single-complete,standard,gplfr,1,energy_score,specific_humidity_dex,0.34971480071544647,,,
single-complete,standard,gplfr,1,energy_score,cloud_fraction,0.056528450093335576,,,
single-complete,standard,gplfr,1,energy_score,u,5.922251383463542,,,
single-complete,standard,gplfr,1,energy_score,v,2.7825847599241467,,,
single-complete,standard,gplfr,1,energy_score,asr,19.727825164794922,,,
single-complete,standard,gplfr,1,energy_score,olr,12.787303924560547,,,
single-complete,standard,gplfr,1,spread_skill_ratio,surface_temperature,0.8389602899551392,,,
single-complete,standard,gplfr,1,spread_skill_ratio,temperature,0.8664653566148546,,,
single-complete,standard,gplfr,1,spread_skill_ratio,specific_humidity_dex,0.8129040201505026,,,
single-complete,standard,gplfr,1,spread_skill_ratio,cloud_fraction,0.9254390729798211,,,
single-complete,standard,gplfr,1,spread_skill_ratio,u,0.7453395194477506,,,
single-complete,standard,gplfr,1,spread_skill_ratio,v,0.7062354882558187,,,
single-complete,standard,gplfr,1,spread_skill_ratio,asr,0.6715231537818909,,,
single-complete,standard,gplfr,1,spread_skill_ratio,olr,0.960015594959259,,,
single-complete,standard,gplfr,2,rmse,surface_temperature,9.521770477294922,,,
single-complete,standard,gplfr,2,rmse,temperature,8.134625646803114,,,
single-complete,standard,gplfr,2,rmse,specific_humidity_dex,0.44695844915178085,,,
single-complete,standard,gplfr,2,rmse,cloud_fraction,0.07667972106072637,,,
single-complete,standard,gplfr,2,rmse,u,7.466276910569933,,,
single-complete,standard,gplfr,2,rmse,v,3.5249050590727062,,,
single-complete,standard,gplfr,2,rmse,asr,25.566471099853516,,,
single-complete,standard,gplfr,2,rmse,olr,16.482975006103516,,,
single-complete,standard,gplfr,2,acc,surface_temperature,0.9780500531196594,,,
single-complete,standard,gplfr,2,acc,temperature,0.6904599037435319,,,
single-complete,standard,gplfr,2,acc,specific_humidity_dex,0.847396731376648,,,
single-complete,standard,gplfr,2,acc,cloud_fraction,0.7505970266130235,,,
single-complete,standard,gplfr,2,acc,u,0.7434882720311483,,,
single-complete,standard,gplfr,2,acc,v,0.704183452659183,,,
single-complete,standard,gplfr,2,acc,asr,0.9961413741111755,,,
single-complete,standard,gplfr,2,acc,olr,0.9101386070251465,,,
single-complete,standard,gplfr,2,ramse,surface_temperature,9.701570510864258,,,
single-complete,standard,gplfr,2,ramse,temperature,8.401645077599419,,,
single-complete,standard,gplfr,2,ramse,specific_humidity_dex,0.46302056312561035,,,
single-complete,standard,gplfr,2,ramse,cloud_fraction,0.08752971059746212,,,
single-complete,standard,gplfr,2,ramse,u,8.829179684321085,,,
single-complete,standard,gplfr,2,ramse,v,4.162991126378377,,,
single-complete,standard,gplfr,2,ramse,asr,26.948686599731445,,,
single-complete,standard,gplfr,2,ramse,olr,17.446613311767578,,,
single-complete,standard,gplfr,2,energy_score,surface_temperature,7.513068199157715,,,
single-complete,standard,gplfr,2,energy_score,temperature,6.364256593916151,,,
single-complete,standard,gplfr,2,energy_score,specific_humidity_dex,0.348844298058086,,,
single-complete,standard,gplfr,2,energy_score,cloud_fraction,0.0566096357587311,,,
single-complete,standard,gplfr,2,energy_score,u,5.862825711568196,,,
single-complete,standard,gplfr,2,energy_score,v,2.735756370756361,,,
single-complete,standard,gplfr,2,energy_score,asr,20.18579864501953,,,
single-complete,standard,gplfr,2,energy_score,olr,12.975531578063965,,,
single-complete,standard,gplfr,2,spread_skill_ratio,surface_temperature,0.8328279852867126,,,
single-complete,standard,gplfr,2,spread_skill_ratio,temperature,0.8517738448248969,,,
single-complete,standard,gplfr,2,spread_skill_ratio,specific_humidity_dex,0.8176251649856567,,,
single-complete,standard,gplfr,2,spread_skill_ratio,cloud_fraction,0.9587230947282579,,,
single-complete,standard,gplfr,2,spread_skill_ratio,u,0.7695304022894965,,,
single-complete,standard,gplfr,2,spread_skill_ratio,v,0.7516574396027459,,,
single-complete,standard,gplfr,2,spread_skill_ratio,asr,0.6729233860969543,,,
single-complete,standard,gplfr,2,spread_skill_ratio,olr,0.9647965431213379,,,
single-complete,standard,gplfr,3,rmse,surface_temperature,9.36893081665039,,,
single-complete,standard,gplfr,3,rmse,temperature,8.066564400990805,,,
single-complete,standard,gplfr,3,rmse,specific_humidity_dex,0.44952945245636833,,,
single-complete,standard,gplfr,3,rmse,cloud_fraction,0.07670834329393175,,,
single-complete,standard,gplfr,3,rmse,u,7.4744771586524115,,,
single-complete,standard,gplfr,3,rmse,v,3.5327826076083713,,,
single-complete,standard,gplfr,3,rmse,asr,25.141986846923828,,,
single-complete,standard,gplfr,3,rmse,olr,16.38482093811035,,,
single-complete,standard,gplfr,3,acc,surface_temperature,0.9774579405784607,,,
single-complete,standard,gplfr,3,acc,temperature,0.6905842158529494,,,
single-complete,standard,gplfr,3,acc,specific_humidity_dex,0.8494257264667087,,,
single-complete,standard,gplfr,3,acc,cloud_fraction,0.7491463720798492,,,
single-complete,standard,gplfr,3,acc,u,0.7414891852272881,,,
single-complete,standard,gplfr,3,acc,v,0.6986454857720269,,,
single-complete,standard,gplfr,3,acc,asr,0.9961271286010742,,,
single-complete,standard,gplfr,3,acc,olr,0.910535991191864,,,
single-complete,standard,gplfr,3,ramse,surface_temperature,9.548619270324707,,,
single-complete,standard,gplfr,3,ramse,temperature,8.3467984729343,,,
single-complete,standard,gplfr,3,ramse,specific_humidity_dex,0.4647480845451355,,,
single-complete,standard,gplfr,3,ramse,cloud_fraction,0.0878609965244929,,,
single-complete,standard,gplfr,3,ramse,u,8.817974832322863,,,
single-complete,standard,gplfr,3,ramse,v,4.185294363233778,,,
single-complete,standard,gplfr,3,ramse,asr,26.4523983001709,,,
single-complete,standard,gplfr,3,ramse,olr,17.34225082397461,,,
single-complete,standard,gplfr,3,energy_score,surface_temperature,7.735203266143799,,,
single-complete,standard,gplfr,3,energy_score,temperature,6.503839280870226,,,
single-complete,standard,gplfr,3,energy_score,specific_humidity_dex,0.3634701983796226,,,
single-complete,standard,gplfr,3,energy_score,cloud_fraction,0.05670015969210201,,,
single-complete,standard,gplfr,3,energy_score,u,5.942114141252306,,,
single-complete,standard,gplfr,3,energy_score,v,2.7656890286339655,,,
single-complete,standard,gplfr,3,energy_score,asr,19.89984703063965,,,
single-complete,standard,gplfr,3,energy_score,olr,12.920326232910156,,,
single-complete,standard,gplfr,3,spread_skill_ratio,surface_temperature,0.9343443512916565,,,
single-complete,standard,gplfr,3,spread_skill_ratio,temperature,0.9734545548756918,,,
single-complete,standard,gplfr,3,spread_skill_ratio,specific_humidity_dex,0.8839905328220792,,,
single-complete,standard,gplfr,3,spread_skill_ratio,cloud_fraction,0.9335883193545871,,,
single-complete,standard,gplfr,3,spread_skill_ratio,u,0.790144854121738,,,
single-complete,standard,gplfr,3,spread_skill_ratio,v,0.7340743806627061,,,
single-complete,standard,gplfr,3,spread_skill_ratio,asr,0.7059488892555237,,,
single-complete,standard,gplfr,3,spread_skill_ratio,olr,0.9769772887229919,,,
single-complete,standard,gplfr,4,rmse,surface_temperature,9.263863563537598,,,
single-complete,standard,gplfr,4,rmse,temperature,7.993041303422716,,,
single-complete,standard,gplfr,4,rmse,specific_humidity_dex,0.4430188900894589,,,
single-complete,standard,gplfr,4,rmse,cloud_fraction,0.07716174672047298,,,
single-complete,standard,gplfr,4,rmse,u,7.608733309639825,,,
single-complete,standard,gplfr,4,rmse,v,3.6204823123084173,,,
single-complete,standard,gplfr,4,rmse,asr,24.5791015625,,,
single-complete,standard,gplfr,4,rmse,olr,16.149646759033203,,,
single-complete,standard,gplfr,4,acc,surface_temperature,0.9769816994667053,,,
single-complete,standard,gplfr,4,acc,temperature,0.6919195287757449,,,
single-complete,standard,gplfr,4,acc,specific_humidity_dex,0.8456018898222182,,,
single-complete,standard,gplfr,4,acc,cloud_fraction,0.7462039258744981,,,
single-complete,standard,gplfr,4,acc,u,0.7341231372621324,,,
single-complete,standard,gplfr,4,acc,v,0.687826500998603,,,
single-complete,standard,gplfr,4,acc,asr,0.9961320757865906,,,
single-complete,standard,gplfr,4,acc,olr,0.9102845191955566,,,
single-complete,standard,gplfr,4,ramse,surface_temperature,9.449528694152832,,,
single-complete,standard,gplfr,4,ramse,temperature,8.286510785420736,,,
single-complete,standard,gplfr,4,ramse,specific_humidity_dex,0.4586627682050069,,,
single-complete,standard,gplfr,4,ramse,cloud_fraction,0.08849549334910181,,,
single-complete,standard,gplfr,4,ramse,u,8.991276449627346,,,
single-complete,standard,gplfr,4,ramse,v,4.310596015718248,,,
single-complete,standard,gplfr,4,ramse,asr,25.904104232788086,,,
single-complete,standard,gplfr,4,ramse,olr,17.067197799682617,,,
single-complete,standard,gplfr,4,energy_score,surface_temperature,7.490739822387695,,,
single-complete,standard,gplfr,4,energy_score,temperature,6.362126297420925,,,
single-complete,standard,gplfr,4,energy_score,specific_humidity_dex,0.35444465114010704,,,
single-complete,standard,gplfr,4,energy_score,cloud_fraction,0.056917404755949974,,,
single-complete,standard,gplfr,4,energy_score,u,6.037218941582574,,,
single-complete,standard,gplfr,4,energy_score,v,2.8330303960376315,,,
single-complete,standard,gplfr,4,energy_score,asr,19.53131675720215,,,
single-complete,standard,gplfr,4,energy_score,olr,12.700630187988281,,,
single-complete,standard,gplfr,4,spread_skill_ratio,surface_temperature,0.913436770439148,,,
single-complete,standard,gplfr,4,spread_skill_ratio,temperature,0.9252551992734274,,,
single-complete,standard,gplfr,4,spread_skill_ratio,specific_humidity_dex,0.8490834567281935,,,
single-complete,standard,gplfr,4,spread_skill_ratio,cloud_fraction,0.865846660402086,,,
single-complete,standard,gplfr,4,spread_skill_ratio,u,0.7220798863304986,,,
single-complete,standard,gplfr,4,spread_skill_ratio,v,0.6550123426649306,,,
single-complete,standard,gplfr,4,spread_skill_ratio,asr,0.6434914469718933,,,
single-complete,standard,gplfr,4,spread_skill_ratio,olr,0.9299799203872681,,,
single-complete,standard,knn,0,rmse,surface_temperature,14.04312515258789,results/models/single-complete/knn/metrics_standard.json,results/models/single-complete/knn/predictions.npz,results/models/single-complete/knn/config.json
single-complete,standard,knn,0,rmse,temperature,11.710764249165853,results/models/single-complete/knn/metrics_standard.json,results/models/single-complete/knn/predictions.npz,results/models/single-complete/knn/config.json
single-complete,standard,knn,0,rmse,specific_humidity_dex,0.5827789637777541,results/models/single-complete/knn/metrics_standard.json,results/models/single-complete/knn/predictions.npz,results/models/single-complete/knn/config.json
single-complete,standard,knn,0,rmse,cloud_fraction,0.09021416554848354,results/models/single-complete/knn/metrics_standard.json,results/models/single-complete/knn/predictions.npz,results/models/single-complete/knn/config.json
single-complete,standard,knn,0,rmse,u,8.528238217035929,results/models/single-complete/knn/metrics_standard.json,results/models/single-complete/knn/predictions.npz,results/models/single-complete/knn/config.json
single-complete,standard,knn,0,rmse,v,3.824903276231554,results/models/single-complete/knn/metrics_standard.json,results/models/single-complete/knn/predictions.npz,results/models/single-complete/knn/config.json
single-complete,standard,knn,0,rmse,asr,28.64497947692871,results/models/single-complete/knn/metrics_standard.json,results/models/single-complete/knn/predictions.npz,results/models/single-complete/knn/config.json
single-complete,standard,knn,0,rmse,olr,20.43890953063965,results/models/single-complete/knn/metrics_standard.json,results/models/single-complete/knn/predictions.npz,results/models/single-complete/knn/config.json
single-complete,standard,knn,0,acc,surface_temperature,0.9732130765914917,results/models/single-complete/knn/metrics_standard.json,results/models/single-complete/knn/predictions.npz,results/models/single-complete/knn/config.json
single-complete,standard,knn,0,acc,temperature,0.6853954229089949,results/models/single-complete/knn/metrics_standard.json,results/models/single-complete/knn/predictions.npz,results/models/single-complete/knn/config.json
single-complete,standard,knn,0,acc,specific_humidity_dex,0.8322146038214365,results/models/single-complete/knn/metrics_standard.json,results/models/single-complete/knn/predictions.npz,results/models/single-complete/knn/config.json
single-complete,standard,knn,0,acc,cloud_fraction,0.7063587175475227,results/models/single-complete/knn/metrics_standard.json,results/models/single-complete/knn/predictions.npz,results/models/single-complete/knn/config.json
single-complete,standard,knn,0,acc,u,0.7170114616552988,results/models/single-complete/knn/metrics_standard.json,results/models/single-complete/knn/predictions.npz,results/models/single-complete/knn/config.json
single-complete,standard,knn,0,acc,v,0.7057262659072876,results/models/single-complete/knn/metrics_standard.json,results/models/single-complete/knn/predictions.npz,results/models/single-complete/knn/config.json
single-complete,standard,knn,0,acc,asr,0.9951589703559875,results/models/single-complete/knn/metrics_standard.json,results/models/single-complete/knn/predictions.npz,results/models/single-complete/knn/config.json
single-complete,standard,knn,0,acc,olr,0.8821882009506226,results/models/single-complete/knn/metrics_standard.json,results/models/single-complete/knn/predictions.npz,results/models/single-complete/knn/config.json
single-complete,standard,knn,0,ramse,surface_temperature,14.254867553710938,results/models/single-complete/knn/metrics_standard.json,results/models/single-complete/knn/predictions.npz,results/models/single-complete/knn/config.json
single-complete,standard,knn,0,ramse,temperature,12.054718653361002,results/models/single-complete/knn/metrics_standard.json,results/models/single-complete/knn/predictions.npz,results/models/single-complete/knn/config.json
single-complete,standard,knn,0,ramse,specific_humidity_dex,0.5972071058220334,results/models/single-complete/knn/metrics_standard.json,results/models/single-complete/knn/predictions.npz,results/models/single-complete/knn/config.json
single-complete,standard,knn,0,ramse,cloud_fraction,0.10622818312711185,results/models/single-complete/knn/metrics_standard.json,results/models/single-complete/knn/predictions.npz,results/models/single-complete/knn/config.json
single-complete,standard,knn,0,ramse,u,10.268812974294027,results/models/single-complete/knn/metrics_standard.json,results/models/single-complete/knn/predictions.npz,results/models/single-complete/knn/config.json
single-complete,standard,knn,0,ramse,v,4.60454257329305,results/models/single-complete/knn/metrics_standard.json,results/models/single-complete/knn/predictions.npz,results/models/single-complete/knn/config.json
single-complete,standard,knn,0,ramse,asr,30.263978958129883,results/models/single-complete/knn/metrics_standard.json,results/models/single-complete/knn/predictions.npz,results/models/single-complete/knn/config.json
single-complete,standard,knn,0,ramse,olr,21.830724716186523,results/models/single-complete/knn/metrics_standard.json,results/models/single-complete/knn/predictions.npz,results/models/single-complete/knn/config.json
single-complete,standard,pca_gbt,0,rmse,surface_temperature,11.4658784866333,results/models/single-complete/pca_gbt/metrics_standard.json,results/models/single-complete/pca_gbt/predictions.npz,results/models/single-complete/pca_gbt/config.json
single-complete,standard,pca_gbt,0,rmse,temperature,9.977639940049913,results/models/single-complete/pca_gbt/metrics_standard.json,results/models/single-complete/pca_gbt/predictions.npz,results/models/single-complete/pca_gbt/config.json
single-complete,standard,pca_gbt,0,rmse,specific_humidity_dex,0.5541372067398496,results/models/single-complete/pca_gbt/metrics_standard.json,results/models/single-complete/pca_gbt/predictions.npz,results/models/single-complete/pca_gbt/config.json
single-complete,standard,pca_gbt,0,rmse,cloud_fraction,0.08617211505770683,results/models/single-complete/pca_gbt/metrics_standard.json,results/models/single-complete/pca_gbt/predictions.npz,results/models/single-complete/pca_gbt/config.json
single-complete,standard,pca_gbt,0,rmse,u,8.538093169530233,results/models/single-complete/pca_gbt/metrics_standard.json,results/models/single-complete/pca_gbt/predictions.npz,results/models/single-complete/pca_gbt/config.json
single-complete,standard,pca_gbt,0,rmse,v,3.940374904208713,results/models/single-complete/pca_gbt/metrics_standard.json,results/models/single-complete/pca_gbt/predictions.npz,results/models/single-complete/pca_gbt/config.json
single-complete,standard,pca_gbt,0,rmse,asr,28.376392364501953,results/models/single-complete/pca_gbt/metrics_standard.json,results/models/single-complete/pca_gbt/predictions.npz,results/models/single-complete/pca_gbt/config.json
single-complete,standard,pca_gbt,0,rmse,olr,19.93459701538086,results/models/single-complete/pca_gbt/metrics_standard.json,results/models/single-complete/pca_gbt/predictions.npz,results/models/single-complete/pca_gbt/config.json
single-complete,standard,pca_gbt,0,acc,surface_temperature,0.9729262590408325,results/models/single-complete/pca_gbt/metrics_standard.json,results/models/single-complete/pca_gbt/predictions.npz,results/models/single-complete/pca_gbt/config.json
single-complete,standard,pca_gbt,0,acc,temperature,0.6132861028114954,results/models/single-complete/pca_gbt/metrics_standard.json,results/models/single-complete/pca_gbt/predictions.npz,results/models/single-complete/pca_gbt/config.json
single-complete,standard,pca_gbt,0,acc,specific_humidity_dex,0.8229340579774644,results/models/single-complete/pca_gbt/metrics_standard.json,results/models/single-complete/pca_gbt/predictions.npz,results/models/single-complete/pca_gbt/config.json
single-complete,standard,pca_gbt,0,acc,cloud_fraction,0.7201280560758379,results/models/single-complete/pca_gbt/metrics_standard.json,results/models/single-complete/pca_gbt/predictions.npz,results/models/single-complete/pca_gbt/config.json
single-complete,standard,pca_gbt,0,acc,u,0.6723361909389496,results/models/single-complete/pca_gbt/metrics_standard.json,results/models/single-complete/pca_gbt/predictions.npz,results/models/single-complete/pca_gbt/config.json
single-complete,standard,pca_gbt,0,acc,v,0.6649621029694875,results/models/single-complete/pca_gbt/metrics_standard.json,results/models/single-complete/pca_gbt/predictions.npz,results/models/single-complete/pca_gbt/config.json
single-complete,standard,pca_gbt,0,acc,asr,0.9955487847328186,results/models/single-complete/pca_gbt/metrics_standard.json,results/models/single-complete/pca_gbt/predictions.npz,results/models/single-complete/pca_gbt/config.json
single-complete,standard,pca_gbt,0,acc,olr,0.8738917708396912,results/models/single-complete/pca_gbt/metrics_standard.json,results/models/single-complete/pca_gbt/predictions.npz,results/models/single-complete/pca_gbt/config.json
single-complete,standard,pca_gbt,0,ramse,surface_temperature,11.692965507507324,results/models/single-complete/pca_gbt/metrics_standard.json,results/models/single-complete/pca_gbt/predictions.npz,results/models/single-complete/pca_gbt/config.json
single-complete,standard,pca_gbt,0,ramse,temperature,10.302709579467773,results/models/single-complete/pca_gbt/metrics_standard.json,results/models/single-complete/pca_gbt/predictions.npz,results/models/single-complete/pca_gbt/config.json
single-complete,standard,pca_gbt,0,ramse,specific_humidity_dex,0.57068841987186,results/models/single-complete/pca_gbt/metrics_standard.json,results/models/single-complete/pca_gbt/predictions.npz,results/models/single-complete/pca_gbt/config.json
single-complete,standard,pca_gbt,0,ramse,cloud_fraction,0.10107913406358825,results/models/single-complete/pca_gbt/metrics_standard.json,results/models/single-complete/pca_gbt/predictions.npz,results/models/single-complete/pca_gbt/config.json
single-complete,standard,pca_gbt,0,ramse,u,10.276426421271431,results/models/single-complete/pca_gbt/metrics_standard.json,results/models/single-complete/pca_gbt/predictions.npz,results/models/single-complete/pca_gbt/config.json
single-complete,standard,pca_gbt,0,ramse,v,4.7451597054799395,results/models/single-complete/pca_gbt/metrics_standard.json,results/models/single-complete/pca_gbt/predictions.npz,results/models/single-complete/pca_gbt/config.json
single-complete,standard,pca_gbt,0,ramse,asr,29.813472747802734,results/models/single-complete/pca_gbt/metrics_standard.json,results/models/single-complete/pca_gbt/predictions.npz,results/models/single-complete/pca_gbt/config.json
single-complete,standard,pca_gbt,0,ramse,olr,21.404800415039062,results/models/single-complete/pca_gbt/metrics_standard.json,results/models/single-complete/pca_gbt/predictions.npz,results/models/single-complete/pca_gbt/config.json
single-complete,standard,pca_gbt,1,rmse,surface_temperature,12.154032707214355,,,
single-complete,standard,pca_gbt,1,rmse,temperature,9.915636751386854,,,
single-complete,standard,pca_gbt,1,rmse,specific_humidity_dex,0.571507861216863,,,
single-complete,standard,pca_gbt,1,rmse,cloud_fraction,0.08630799791879123,,,
single-complete,standard,pca_gbt,1,rmse,u,8.534783098432753,,,
single-complete,standard,pca_gbt,1,rmse,v,3.9716681374443903,,,
single-complete,standard,pca_gbt,1,rmse,asr,28.288663864135742,,,
single-complete,standard,pca_gbt,1,rmse,olr,20.40790367126465,,,
single-complete,standard,pca_gbt,1,acc,surface_temperature,0.9675753712654114,,,
single-complete,standard,pca_gbt,1,acc,temperature,0.6093699832757314,,,
single-complete,standard,pca_gbt,1,acc,specific_humidity_dex,0.8205712801880307,,,
single-complete,standard,pca_gbt,1,acc,cloud_fraction,0.7178468008836111,,,
single-complete,standard,pca_gbt,1,acc,u,0.6759451064798567,,,
single-complete,standard,pca_gbt,1,acc,v,0.6593090295791626,,,
single-complete,standard,pca_gbt,1,acc,asr,0.995578944683075,,,
single-complete,standard,pca_gbt,1,acc,olr,0.8482680916786194,,,
single-complete,standard,pca_gbt,1,ramse,surface_temperature,12.392740249633789,,,
single-complete,standard,pca_gbt,1,ramse,temperature,10.247011926439074,,,
single-complete,standard,pca_gbt,1,ramse,specific_humidity_dex,0.5883317192395529,,,
single-complete,standard,pca_gbt,1,ramse,cloud_fraction,0.10105557946695222,,,
single-complete,standard,pca_gbt,1,ramse,u,10.322850068410238,,,
single-complete,standard,pca_gbt,1,ramse,v,4.766541931364271,,,
single-complete,standard,pca_gbt,1,ramse,asr,29.72705078125,,,
single-complete,standard,pca_gbt,1,ramse,olr,21.924795150756836,,,
single-complete,standard,pca_gbt,2,rmse,surface_temperature,11.77527141571045,,,
single-complete,standard,pca_gbt,2,rmse,temperature,9.750768025716146,,,
single-complete,standard,pca_gbt,2,rmse,specific_humidity_dex,0.555994345082177,,,
single-complete,standard,pca_gbt,2,rmse,cloud_fraction,0.08825886994600296,,,
single-complete,standard,pca_gbt,2,rmse,u,8.658906645245022,,,
single-complete,standard,pca_gbt,2,rmse,v,4.00807327694363,,,
single-complete,standard,pca_gbt,2,rmse,asr,27.80059242248535,,,
single-complete,standard,pca_gbt,2,rmse,olr,19.706945419311523,,,
single-complete,standard,pca_gbt,2,acc,surface_temperature,0.9714877009391785,,,
single-complete,standard,pca_gbt,2,acc,temperature,0.6004523403114743,,,
single-complete,standard,pca_gbt,2,acc,specific_humidity_dex,0.8211865590678321,,,
single-complete,standard,pca_gbt,2,acc,cloud_fraction,0.7117615739504496,,,
single-complete,standard,pca_gbt,2,acc,u,0.6681332555082109,,,
single-complete,standard,pca_gbt,2,acc,v,0.6613244977262285,,,
single-complete,standard,pca_gbt,2,acc,asr,0.9958140254020691,,,
single-complete,standard,pca_gbt,2,acc,olr,0.8697677850723267,,,
single-complete,standard,pca_gbt,2,ramse,surface_temperature,11.99364948272705,,,
single-complete,standard,pca_gbt,2,ramse,temperature,10.094516966078016,,,
single-complete,standard,pca_gbt,2,ramse,specific_humidity_dex,0.5732646154032813,,,
single-complete,standard,pca_gbt,2,ramse,cloud_fraction,0.10213613841268751,,,
single-complete,standard,pca_gbt,2,ramse,u,10.389449119567871,,,
single-complete,standard,pca_gbt,2,ramse,v,4.816113869349162,,,
single-complete,standard,pca_gbt,2,ramse,asr,29.241567611694336,,,
single-complete,standard,pca_gbt,2,ramse,olr,21.081329345703125,,,
single-complete,standard,pca_gbt,3,rmse,surface_temperature,11.039511680603027,,,
single-complete,standard,pca_gbt,3,rmse,temperature,9.931486182742649,,,
single-complete,standard,pca_gbt,3,rmse,specific_humidity_dex,0.529857916964425,,,
single-complete,standard,pca_gbt,3,rmse,cloud_fraction,0.08584180681241883,,,
single-complete,standard,pca_gbt,3,rmse,u,8.352616522047255,,,
single-complete,standard,pca_gbt,3,rmse,v,3.894360992643568,,,
single-complete,standard,pca_gbt,3,rmse,asr,27.51646614074707,,,
single-complete,standard,pca_gbt,3,rmse,olr,19.67176628112793,,,
single-complete,standard,pca_gbt,3,acc,surface_temperature,0.9671162962913513,,,
single-complete,standard,pca_gbt,3,acc,temperature,0.6129896342754364,,,
single-complete,standard,pca_gbt,3,acc,specific_humidity_dex,0.8198395835028754,,,
single-complete,standard,pca_gbt,3,acc,cloud_fraction,0.7278963029384613,,,
single-complete,standard,pca_gbt,3,acc,u,0.6787333322895898,,,
single-complete,standard,pca_gbt,3,acc,v,0.6600173082616594,,,
single-complete,standard,pca_gbt,3,acc,asr,0.9958599209785461,,,
single-complete,standard,pca_gbt,3,acc,olr,0.8610754013061523,,,
single-complete,standard,pca_gbt,3,ramse,surface_temperature,11.263582229614258,,,
single-complete,standard,pca_gbt,3,ramse,temperature,10.286676406860352,,,
single-complete,standard,pca_gbt,3,ramse,specific_humidity_dex,0.5469602247079214,,,
single-complete,standard,pca_gbt,3,ramse,cloud_fraction,0.09989346522423956,,,
single-complete,standard,pca_gbt,3,ramse,u,9.99862027168274,,,
single-complete,standard,pca_gbt,3,ramse,v,4.699288977517022,,,
single-complete,standard,pca_gbt,3,ramse,asr,28.89203453063965,,,
single-complete,standard,pca_gbt,3,ramse,olr,21.168411254882812,,,
single-complete,standard,pca_gbt,4,rmse,surface_temperature,11.69808292388916,,,
single-complete,standard,pca_gbt,4,rmse,temperature,9.832279682159424,,,
single-complete,standard,pca_gbt,4,rmse,specific_humidity_dex,0.5635799368222555,,,
single-complete,standard,pca_gbt,4,rmse,cloud_fraction,0.08621304771966404,,,
single-complete,standard,pca_gbt,4,rmse,u,8.638871113459269,,,
single-complete,standard,pca_gbt,4,rmse,v,3.957829316457113,,,
single-complete,standard,pca_gbt,4,rmse,asr,28.208786010742188,,,
single-complete,standard,pca_gbt,4,rmse,olr,20.16031837463379,,,
single-complete,standard,pca_gbt,4,acc,surface_temperature,0.9743673205375671,,,
single-complete,standard,pca_gbt,4,acc,temperature,0.6169625818729401,,,
single-complete,standard,pca_gbt,4,acc,specific_humidity_dex,0.8241285019450717,,,
single-complete,standard,pca_gbt,4,acc,cloud_fraction,0.7155598037772708,,,
single-complete,standard,pca_gbt,4,acc,u,0.6827695104810927,,,
single-complete,standard,pca_gbt,4,acc,v,0.6627970039844513,,,
single-complete,standard,pca_gbt,4,acc,asr,0.9954870939254761,,,
single-complete,standard,pca_gbt,4,acc,olr,0.8628911972045898,,,
single-complete,standard,pca_gbt,4,ramse,surface_temperature,11.911675453186035,,,
single-complete,standard,pca_gbt,4,ramse,temperature,10.16359011332194,,,
single-complete,standard,pca_gbt,4,ramse,specific_humidity_dex,0.581286844280031,,,
single-complete,standard,pca_gbt,4,ramse,cloud_fraction,0.10004521782199542,,,
single-complete,standard,pca_gbt,4,ramse,u,10.44296145439148,,,
single-complete,standard,pca_gbt,4,ramse,v,4.768741263283624,,,
single-complete,standard,pca_gbt,4,ramse,asr,29.681241989135742,,,
single-complete,standard,pca_gbt,4,ramse,olr,21.67201805114746,,,
single-complete,standard,pca_mlp,0,rmse,surface_temperature,11.300115585327148,results/models/single-complete/pca_mlp/metrics_standard.json,results/models/single-complete/pca_mlp/predictions.npz,results/models/single-complete/pca_mlp/config.json
single-complete,standard,pca_mlp,0,rmse,temperature,9.619733598497179,results/models/single-complete/pca_mlp/metrics_standard.json,results/models/single-complete/pca_mlp/predictions.npz,results/models/single-complete/pca_mlp/config.json
single-complete,standard,pca_mlp,0,rmse,specific_humidity_dex,0.5202442440721724,results/models/single-complete/pca_mlp/metrics_standard.json,results/models/single-complete/pca_mlp/predictions.npz,results/models/single-complete/pca_mlp/config.json
single-complete,standard,pca_mlp,0,rmse,cloud_fraction,0.09092462476756838,results/models/single-complete/pca_mlp/metrics_standard.json,results/models/single-complete/pca_mlp/predictions.npz,results/models/single-complete/pca_mlp/config.json
single-complete,standard,pca_mlp,0,rmse,u,9.24175018734402,results/models/single-complete/pca_mlp/metrics_standard.json,results/models/single-complete/pca_mlp/predictions.npz,results/models/single-complete/pca_mlp/config.json
single-complete,standard,pca_mlp,0,rmse,v,4.19413693745931,results/models/single-complete/pca_mlp/metrics_standard.json,results/models/single-complete/pca_mlp/predictions.npz,results/models/single-complete/pca_mlp/config.json
single-complete,standard,pca_mlp,0,rmse,asr,25.801958084106445,results/models/single-complete/pca_mlp/metrics_standard.json,results/models/single-complete/pca_mlp/predictions.npz,results/models/single-complete/pca_mlp/config.json
single-complete,standard,pca_mlp,0,rmse,olr,18.970905303955078,results/models/single-complete/pca_mlp/metrics_standard.json,results/models/single-complete/pca_mlp/predictions.npz,results/models/single-complete/pca_mlp/config.json
single-complete,standard,pca_mlp,0,acc,surface_temperature,0.9605016112327576,results/models/single-complete/pca_mlp/metrics_standard.json,results/models/single-complete/pca_mlp/predictions.npz,results/models/single-complete/pca_mlp/config.json
single-complete,standard,pca_mlp,0,acc,temperature,0.6304560701052347,results/models/single-complete/pca_mlp/metrics_standard.json,results/models/single-complete/pca_mlp/predictions.npz,results/models/single-complete/pca_mlp/config.json
single-complete,standard,pca_mlp,0,acc,specific_humidity_dex,0.803156316280365,results/models/single-complete/pca_mlp/metrics_standard.json,results/models/single-complete/pca_mlp/predictions.npz,results/models/single-complete/pca_mlp/config.json
single-complete,standard,pca_mlp,0,acc,cloud_fraction,0.6993328366014693,results/models/single-complete/pca_mlp/metrics_standard.json,results/models/single-complete/pca_mlp/predictions.npz,results/models/single-complete/pca_mlp/config.json
single-complete,standard,pca_mlp,0,acc,u,0.673099418481191,results/models/single-complete/pca_mlp/metrics_standard.json,results/models/single-complete/pca_mlp/predictions.npz,results/models/single-complete/pca_mlp/config.json
single-complete,standard,pca_mlp,0,acc,v,0.6355905599064298,results/models/single-complete/pca_mlp/metrics_standard.json,results/models/single-complete/pca_mlp/predictions.npz,results/models/single-complete/pca_mlp/config.json
single-complete,standard,pca_mlp,0,acc,asr,0.9955734014511108,results/models/single-complete/pca_mlp/metrics_standard.json,results/models/single-complete/pca_mlp/predictions.npz,results/models/single-complete/pca_mlp/config.json
single-complete,standard,pca_mlp,0,acc,olr,0.8486568927764893,results/models/single-complete/pca_mlp/metrics_standard.json,results/models/single-complete/pca_mlp/predictions.npz,results/models/single-complete/pca_mlp/config.json
single-complete,standard,pca_mlp,0,ramse,surface_temperature,11.588443756103516,results/models/single-complete/pca_mlp/metrics_standard.json,results/models/single-complete/pca_mlp/predictions.npz,results/models/single-complete/pca_mlp/config.json
single-complete,standard,pca_mlp,0,ramse,temperature,9.979507022433811,results/models/single-complete/pca_mlp/metrics_standard.json,results/models/single-complete/pca_mlp/predictions.npz,results/models/single-complete/pca_mlp/config.json
single-complete,standard,pca_mlp,0,ramse,specific_humidity_dex,0.5403288503487905,results/models/single-complete/pca_mlp/metrics_standard.json,results/models/single-complete/pca_mlp/predictions.npz,results/models/single-complete/pca_mlp/config.json
single-complete,standard,pca_mlp,0,ramse,cloud_fraction,0.10776176883114709,results/models/single-complete/pca_mlp/metrics_standard.json,results/models/single-complete/pca_mlp/predictions.npz,results/models/single-complete/pca_mlp/config.json
single-complete,standard,pca_mlp,0,ramse,u,11.244105948342217,results/models/single-complete/pca_mlp/metrics_standard.json,results/models/single-complete/pca_mlp/predictions.npz,results/models/single-complete/pca_mlp/config.json
single-complete,standard,pca_mlp,0,ramse,v,5.191182931264241,results/models/single-complete/pca_mlp/metrics_standard.json,results/models/single-complete/pca_mlp/predictions.npz,results/models/single-complete/pca_mlp/config.json
single-complete,standard,pca_mlp,0,ramse,asr,27.22455406188965,results/models/single-complete/pca_mlp/metrics_standard.json,results/models/single-complete/pca_mlp/predictions.npz,results/models/single-complete/pca_mlp/config.json
single-complete,standard,pca_mlp,0,ramse,olr,20.531875610351562,results/models/single-complete/pca_mlp/metrics_standard.json,results/models/single-complete/pca_mlp/predictions.npz,results/models/single-complete/pca_mlp/config.json
single-complete,standard,pca_mlp,1,rmse,surface_temperature,11.130326271057129,,,
single-complete,standard,pca_mlp,1,rmse,temperature,9.661713441212973,,,
single-complete,standard,pca_mlp,1,rmse,specific_humidity_dex,0.520980437596639,,,
single-complete,standard,pca_mlp,1,rmse,cloud_fraction,0.0890794847574499,,,
single-complete,standard,pca_mlp,1,rmse,u,9.43201732635498,,,
single-complete,standard,pca_mlp,1,rmse,v,4.203109529283312,,,
single-complete,standard,pca_mlp,1,rmse,asr,25.82786750793457,,,
single-complete,standard,pca_mlp,1,rmse,olr,18.825122833251953,,,
single-complete,standard,pca_mlp,1,acc,surface_temperature,0.9565326571464539,,,
single-complete,standard,pca_mlp,1,acc,temperature,0.6239792770809598,,,
single-complete,standard,pca_mlp,1,acc,specific_humidity_dex,0.8028974533081055,,,
single-complete,standard,pca_mlp,1,acc,cloud_fraction,0.7023197809855143,,,
single-complete,standard,pca_mlp,1,acc,u,0.6751283903916677,,,
single-complete,standard,pca_mlp,1,acc,v,0.648552656173706,,,
single-complete,standard,pca_mlp,1,acc,asr,0.9957888722419739,,,
single-complete,standard,pca_mlp,1,acc,olr,0.8446493148803711,,,
single-complete,standard,pca_mlp,1,ramse,surface_temperature,11.478360176086426,,,
single-complete,standard,pca_mlp,1,ramse,temperature,10.033510526021322,,,
single-complete,standard,pca_mlp,1,ramse,specific_humidity_dex,0.5417545338471731,,,
single-complete,standard,pca_mlp,1,ramse,cloud_fraction,0.10553679449690713,,,
single-complete,standard,pca_mlp,1,ramse,u,11.60875497923957,,,
single-complete,standard,pca_mlp,1,ramse,v,5.170910014046563,,,
single-complete,standard,pca_mlp,1,ramse,asr,27.168542861938477,,,
single-complete,standard,pca_mlp,1,ramse,olr,20.305273056030273,,,
single-complete,standard,pca_mlp,2,rmse,surface_temperature,11.763250350952148,,,
single-complete,standard,pca_mlp,2,rmse,temperature,9.830540445115831,,,
single-complete,standard,pca_mlp,2,rmse,specific_humidity_dex,0.5332900484402975,,,
single-complete,standard,pca_mlp,2,rmse,cloud_fraction,0.09014246985316277,,,
single-complete,standard,pca_mlp,2,rmse,u,9.39273813035753,,,
single-complete,standard,pca_mlp,2,rmse,v,4.220978789859348,,,
single-complete,standard,pca_mlp,2,rmse,asr,26.066986083984375,,,
single-complete,standard,pca_mlp,2,rmse,olr,18.895660400390625,,,
single-complete,standard,pca_mlp,2,acc,surface_temperature,0.9546391367912292,,,
single-complete,standard,pca_mlp,2,acc,temperature,0.6198989682727389,,,
single-complete,standard,pca_mlp,2,acc,specific_humidity_dex,0.7949848506185744,,,
single-complete,standard,pca_mlp,2,acc,cloud_fraction,0.6998049252563052,,,
single-complete,standard,pca_mlp,2,acc,u,0.6635709073808458,,,
single-complete,standard,pca_mlp,2,acc,v,0.6333970063262515,,,
single-complete,standard,pca_mlp,2,acc,asr,0.9956211447715759,,,
single-complete,standard,pca_mlp,2,acc,olr,0.8440755605697632,,,
single-complete,standard,pca_mlp,2,ramse,surface_temperature,12.090103149414062,,,
single-complete,standard,pca_mlp,2,ramse,temperature,10.215060869852701,,,
single-complete,standard,pca_mlp,2,ramse,specific_humidity_dex,0.554100235303243,,,
single-complete,standard,pca_mlp,2,ramse,cloud_fraction,0.10713897562689251,,,
single-complete,standard,pca_mlp,2,ramse,u,11.564755095375908,,,
single-complete,standard,pca_mlp,2,ramse,v,5.22126645512051,,,
single-complete,standard,pca_mlp,2,ramse,asr,27.493215560913086,,,
single-complete,standard,pca_mlp,2,ramse,olr,20.342573165893555,,,
single-complete,standard,pca_mlp,3,rmse,surface_temperature,11.358407974243164,,,
single-complete,standard,pca_mlp,3,rmse,temperature,9.677099068959555,,,
single-complete,standard,pca_mlp,3,rmse,specific_humidity_dex,0.5237451626194848,,,
single-complete,standard,pca_mlp,3,rmse,cloud_fraction,0.08962316893868977,,,
single-complete,standard,pca_mlp,3,rmse,u,9.464707718955147,,,
single-complete,standard,pca_mlp,3,rmse,v,4.265196906195746,,,
single-complete,standard,pca_mlp,3,rmse,asr,26.5180606842041,,,
single-complete,standard,pca_mlp,3,rmse,olr,19.617626190185547,,,
single-complete,standard,pca_mlp,3,acc,surface_temperature,0.9516204595565796,,,
single-complete,standard,pca_mlp,3,acc,temperature,0.6340764098697238,,,
single-complete,standard,pca_mlp,3,acc,specific_humidity_dex,0.7943429748217264,,,
single-complete,standard,pca_mlp,3,acc,cloud_fraction,0.7018284102280935,,,
single-complete,standard,pca_mlp,3,acc,u,0.669271770450804,,,
single-complete,standard,pca_mlp,3,acc,v,0.636981811788347,,,
single-complete,standard,pca_mlp,3,acc,asr,0.9958531260490417,,,
single-complete,standard,pca_mlp,3,acc,olr,0.8365840911865234,,,
single-complete,standard,pca_mlp,3,ramse,surface_temperature,11.73121452331543,,,
single-complete,standard,pca_mlp,3,ramse,temperature,10.067869928148058,,,
single-complete,standard,pca_mlp,3,ramse,specific_humidity_dex,0.544222828414705,,,
single-complete,standard,pca_mlp,3,ramse,cloud_fraction,0.1062586328221692,,,
single-complete,standard,pca_mlp,3,ramse,u,11.753436989254421,,,
single-complete,standard,pca_mlp,3,ramse,v,5.287919521331787,,,
single-complete,standard,pca_mlp,3,ramse,asr,27.86813735961914,,,
single-complete,standard,pca_mlp,3,ramse,olr,21.18254852294922,,,
single-complete,standard,pca_mlp,4,rmse,surface_temperature,11.446982383728027,,,
single-complete,standard,pca_mlp,4,rmse,temperature,9.788573000166151,,,
single-complete,standard,pca_mlp,4,rmse,specific_humidity_dex,0.5179938839541541,,,
single-complete,standard,pca_mlp,4,rmse,cloud_fraction,0.09026751418908437,,,
single-complete,standard,pca_mlp,4,rmse,u,9.407167567147148,,,
single-complete,standard,pca_mlp,4,rmse,v,4.212730778588189,,,
single-complete,standard,pca_mlp,4,rmse,asr,25.594839096069336,,,
single-complete,standard,pca_mlp,4,rmse,olr,18.928800582885742,,,
single-complete,standard,pca_mlp,4,acc,surface_temperature,0.9538198113441467,,,
single-complete,standard,pca_mlp,4,acc,temperature,0.6320501930183835,,,
single-complete,standard,pca_mlp,4,acc,specific_humidity_dex,0.7950591776106093,,,
single-complete,standard,pca_mlp,4,acc,cloud_fraction,0.6995402971903483,,,
single-complete,standard,pca_mlp,4,acc,u,0.6592660446961721,,,
single-complete,standard,pca_mlp,4,acc,v,0.6329544319046868,,,
single-complete,standard,pca_mlp,4,acc,asr,0.9957244396209717,,,
single-complete,standard,pca_mlp,4,acc,olr,0.8414359092712402,,,
single-complete,standard,pca_mlp,4,ramse,surface_temperature,11.757973670959473,,,
single-complete,standard,pca_mlp,4,ramse,temperature,10.152535332573784,,,
single-complete,standard,pca_mlp,4,ramse,specific_humidity_dex,0.5390747520658705,,,
single-complete,standard,pca_mlp,4,ramse,cloud_fraction,0.10736666288640764,,,
single-complete,standard,pca_mlp,4,ramse,u,11.81465188662211,,,
single-complete,standard,pca_mlp,4,ramse,v,5.213629961013794,,,
single-complete,standard,pca_mlp,4,ramse,asr,26.953147888183594,,,
single-complete,standard,pca_mlp,4,ramse,olr,20.470396041870117,,,
single-complete,standard,pca_ridge,0,rmse,surface_temperature,14.279396057128906,results/models/single-complete/pca_ridge/metrics_standard.json,results/models/single-complete/pca_ridge/predictions.npz,results/models/single-complete/pca_ridge/config.json
single-complete,standard,pca_ridge,0,rmse,temperature,12.77222294277615,results/models/single-complete/pca_ridge/metrics_standard.json,results/models/single-complete/pca_ridge/predictions.npz,results/models/single-complete/pca_ridge/config.json
single-complete,standard,pca_ridge,0,rmse,specific_humidity_dex,0.6795069906446669,results/models/single-complete/pca_ridge/metrics_standard.json,results/models/single-complete/pca_ridge/predictions.npz,results/models/single-complete/pca_ridge/config.json
single-complete,standard,pca_ridge,0,rmse,cloud_fraction,0.10155219667487675,results/models/single-complete/pca_ridge/metrics_standard.json,results/models/single-complete/pca_ridge/predictions.npz,results/models/single-complete/pca_ridge/config.json
single-complete,standard,pca_ridge,0,rmse,u,9.998713546329075,results/models/single-complete/pca_ridge/metrics_standard.json,results/models/single-complete/pca_ridge/predictions.npz,results/models/single-complete/pca_ridge/config.json
single-complete,standard,pca_ridge,0,rmse,v,4.511194811926948,results/models/single-complete/pca_ridge/metrics_standard.json,results/models/single-complete/pca_ridge/predictions.npz,results/models/single-complete/pca_ridge/config.json
single-complete,standard,pca_ridge,0,rmse,asr,33.75292205810547,results/models/single-complete/pca_ridge/metrics_standard.json,results/models/single-complete/pca_ridge/predictions.npz,results/models/single-complete/pca_ridge/config.json
single-complete,standard,pca_ridge,0,rmse,olr,24.504087448120117,results/models/single-complete/pca_ridge/metrics_standard.json,results/models/single-complete/pca_ridge/predictions.npz,results/models/single-complete/pca_ridge/config.json
single-complete,standard,pca_ridge,0,acc,surface_temperature,0.9685647487640381,results/models/single-complete/pca_ridge/metrics_standard.json,results/models/single-complete/pca_ridge/predictions.npz,results/models/single-complete/pca_ridge/config.json
single-complete,standard,pca_ridge,0,acc,temperature,0.5042430046531889,results/models/single-complete/pca_ridge/metrics_standard.json,results/models/single-complete/pca_ridge/predictions.npz,results/models/single-complete/pca_ridge/config.json
single-complete,standard,pca_ridge,0,acc,specific_humidity_dex,0.8065997064113617,results/models/single-complete/pca_ridge/metrics_standard.json,results/models/single-complete/pca_ridge/predictions.npz,results/models/single-complete/pca_ridge/config.json
single-complete,standard,pca_ridge,0,acc,cloud_fraction,0.687851263417138,results/models/single-complete/pca_ridge/metrics_standard.json,results/models/single-complete/pca_ridge/predictions.npz,results/models/single-complete/pca_ridge/config.json
single-complete,standard,pca_ridge,0,acc,u,0.6107804841465421,results/models/single-complete/pca_ridge/metrics_standard.json,results/models/single-complete/pca_ridge/predictions.npz,results/models/single-complete/pca_ridge/config.json
single-complete,standard,pca_ridge,0,acc,v,0.6166111595100827,results/models/single-complete/pca_ridge/metrics_standard.json,results/models/single-complete/pca_ridge/predictions.npz,results/models/single-complete/pca_ridge/config.json
single-complete,standard,pca_ridge,0,acc,asr,0.9953161478042603,results/models/single-complete/pca_ridge/metrics_standard.json,results/models/single-complete/pca_ridge/predictions.npz,results/models/single-complete/pca_ridge/config.json
single-complete,standard,pca_ridge,0,acc,olr,0.8572286367416382,results/models/single-complete/pca_ridge/metrics_standard.json,results/models/single-complete/pca_ridge/predictions.npz,results/models/single-complete/pca_ridge/config.json
single-complete,standard,pca_ridge,0,ramse,surface_temperature,14.561742782592773,results/models/single-complete/pca_ridge/metrics_standard.json,results/models/single-complete/pca_ridge/predictions.npz,results/models/single-complete/pca_ridge/config.json
single-complete,standard,pca_ridge,0,ramse,temperature,13.096717304653591,results/models/single-complete/pca_ridge/metrics_standard.json,results/models/single-complete/pca_ridge/predictions.npz,results/models/single-complete/pca_ridge/config.json
single-complete,standard,pca_ridge,0,ramse,specific_humidity_dex,0.7005722357167138,results/models/single-complete/pca_ridge/metrics_standard.json,results/models/single-complete/pca_ridge/predictions.npz,results/models/single-complete/pca_ridge/config.json
single-complete,standard,pca_ridge,0,ramse,cloud_fraction,0.1173690329823229,results/models/single-complete/pca_ridge/metrics_standard.json,results/models/single-complete/pca_ridge/predictions.npz,results/models/single-complete/pca_ridge/config.json
single-complete,standard,pca_ridge,0,ramse,u,11.926822185516357,results/models/single-complete/pca_ridge/metrics_standard.json,results/models/single-complete/pca_ridge/predictions.npz,results/models/single-complete/pca_ridge/config.json
single-complete,standard,pca_ridge,0,ramse,v,5.407617939843072,results/models/single-complete/pca_ridge/metrics_standard.json,results/models/single-complete/pca_ridge/predictions.npz,results/models/single-complete/pca_ridge/config.json
single-complete,standard,pca_ridge,0,ramse,asr,35.57540512084961,results/models/single-complete/pca_ridge/metrics_standard.json,results/models/single-complete/pca_ridge/predictions.npz,results/models/single-complete/pca_ridge/config.json
single-complete,standard,pca_ridge,0,ramse,olr,26.59710121154785,results/models/single-complete/pca_ridge/metrics_standard.json,results/models/single-complete/pca_ridge/predictions.npz,results/models/single-complete/pca_ridge/config.json
single-complete,standard,ppca_icm,0,rmse,surface_temperature,9.651847839355469,results/models/single-complete/ppca_icm/metrics_standard.json,results/models/single-complete/ppca_icm/predictions.npz,results/models/single-complete/ppca_icm/config.json
single-complete,standard,ppca_icm,0,rmse,temperature,8.324995623694527,results/models/single-complete/ppca_icm/metrics_standard.json,results/models/single-complete/ppca_icm/predictions.npz,results/models/single-complete/ppca_icm/config.json
single-complete,standard,ppca_icm,0,rmse,specific_humidity_dex,0.4553868505689833,results/models/single-complete/ppca_icm/metrics_standard.json,results/models/single-complete/ppca_icm/predictions.npz,results/models/single-complete/ppca_icm/config.json
single-complete,standard,ppca_icm,0,rmse,cloud_fraction,0.08158716311057408,results/models/single-complete/ppca_icm/metrics_standard.json,results/models/single-complete/ppca_icm/predictions.npz,results/models/single-complete/ppca_icm/config.json
single-complete,standard,ppca_icm,0,rmse,u,8.137599971559313,results/models/single-complete/ppca_icm/metrics_standard.json,results/models/single-complete/ppca_icm/predictions.npz,results/models/single-complete/ppca_icm/config.json
single-complete,standard,ppca_icm,0,rmse,v,3.9510104656219482,results/models/single-complete/ppca_icm/metrics_standard.json,results/models/single-complete/ppca_icm/predictions.npz,results/models/single-complete/ppca_icm/config.json
single-complete,standard,ppca_icm,0,rmse,asr,24.352121353149414,results/models/single-complete/ppca_icm/metrics_standard.json,results/models/single-complete/ppca_icm/predictions.npz,results/models/single-complete/ppca_icm/config.json
single-complete,standard,ppca_icm,0,rmse,olr,16.248525619506836,results/models/single-complete/ppca_icm/metrics_standard.json,results/models/single-complete/ppca_icm/predictions.npz,results/models/single-complete/ppca_icm/config.json
single-complete,standard,ppca_icm,0,acc,surface_temperature,0.9713794589042664,results/models/single-complete/ppca_icm/metrics_standard.json,results/models/single-complete/ppca_icm/predictions.npz,results/models/single-complete/ppca_icm/config.json
single-complete,standard,ppca_icm,0,acc,temperature,0.6797113418579102,results/models/single-complete/ppca_icm/metrics_standard.json,results/models/single-complete/ppca_icm/predictions.npz,results/models/single-complete/ppca_icm/config.json
single-complete,standard,ppca_icm,0,acc,specific_humidity_dex,0.8230681916077932,results/models/single-complete/ppca_icm/metrics_standard.json,results/models/single-complete/ppca_icm/predictions.npz,results/models/single-complete/ppca_icm/config.json
single-complete,standard,ppca_icm,0,acc,cloud_fraction,0.7236491805977292,results/models/single-complete/ppca_icm/metrics_standard.json,results/models/single-complete/ppca_icm/predictions.npz,results/models/single-complete/ppca_icm/config.json
single-complete,standard,ppca_icm,0,acc,u,0.70768560634719,results/models/single-complete/ppca_icm/metrics_standard.json,results/models/single-complete/ppca_icm/predictions.npz,results/models/single-complete/ppca_icm/config.json
single-complete,standard,ppca_icm,0,acc,v,0.6584757698906792,results/models/single-complete/ppca_icm/metrics_standard.json,results/models/single-complete/ppca_icm/predictions.npz,results/models/single-complete/ppca_icm/config.json
single-complete,standard,ppca_icm,0,acc,asr,0.9959836602210999,results/models/single-complete/ppca_icm/metrics_standard.json,results/models/single-complete/ppca_icm/predictions.npz,results/models/single-complete/ppca_icm/config.json
single-complete,standard,ppca_icm,0,acc,olr,0.8970769643783569,results/models/single-complete/ppca_icm/metrics_standard.json,results/models/single-complete/ppca_icm/predictions.npz,results/models/single-complete/ppca_icm/config.json
single-complete,standard,ppca_icm,0,ramse,surface_temperature,9.89216136932373,results/models/single-complete/ppca_icm/metrics_standard.json,results/models/single-complete/ppca_icm/predictions.npz,results/models/single-complete/ppca_icm/config.json
single-complete,standard,ppca_icm,0,ramse,temperature,8.678963979085287,results/models/single-complete/ppca_icm/metrics_standard.json,results/models/single-complete/ppca_icm/predictions.npz,results/models/single-complete/ppca_icm/config.json
single-complete,standard,ppca_icm,0,ramse,specific_humidity_dex,0.4739853474828932,results/models/single-complete/ppca_icm/metrics_standard.json,results/models/single-complete/ppca_icm/predictions.npz,results/models/single-complete/ppca_icm/config.json
single-complete,standard,ppca_icm,0,ramse,cloud_fraction,0.09573252374927203,results/models/single-complete/ppca_icm/metrics_standard.json,results/models/single-complete/ppca_icm/predictions.npz,results/models/single-complete/ppca_icm/config.json
single-complete,standard,ppca_icm,0,ramse,u,9.816415362887913,results/models/single-complete/ppca_icm/metrics_standard.json,results/models/single-complete/ppca_icm/predictions.npz,results/models/single-complete/ppca_icm/config.json
single-complete,standard,ppca_icm,0,ramse,v,4.780603541268243,results/models/single-complete/ppca_icm/metrics_standard.json,results/models/single-complete/ppca_icm/predictions.npz,results/models/single-complete/ppca_icm/config.json
single-complete,standard,ppca_icm,0,ramse,asr,25.7325382232666,results/models/single-complete/ppca_icm/metrics_standard.json,results/models/single-complete/ppca_icm/predictions.npz,results/models/single-complete/ppca_icm/config.json
single-complete,standard,ppca_icm,0,ramse,olr,17.27483558654785,results/models/single-complete/ppca_icm/metrics_standard.json,results/models/single-complete/ppca_icm/predictions.npz,results/models/single-complete/ppca_icm/config.json
single-complete,standard,ppca_icm,0,energy_score,surface_temperature,8.318334579467773,results/models/single-complete/ppca_icm/metrics_standard.json,results/models/single-complete/ppca_icm/predictions.npz,results/models/single-complete/ppca_icm/config.json
single-complete,standard,ppca_icm,0,energy_score,temperature,7.19193008210924,results/models/single-complete/ppca_icm/metrics_standard.json,results/models/single-complete/ppca_icm/predictions.npz,results/models/single-complete/ppca_icm/config.json
single-complete,standard,ppca_icm,0,energy_score,specific_humidity_dex,0.3978393077850342,results/models/single-complete/ppca_icm/metrics_standard.json,results/models/single-complete/ppca_icm/predictions.npz,results/models/single-complete/ppca_icm/config.json
single-complete,standard,ppca_icm,0,energy_score,cloud_fraction,0.07251745917730862,results/models/single-complete/ppca_icm/metrics_standard.json,results/models/single-complete/ppca_icm/predictions.npz,results/models/single-complete/ppca_icm/config.json
single-complete,standard,ppca_icm,0,energy_score,u,7.296938790215386,results/models/single-complete/ppca_icm/metrics_standard.json,results/models/single-complete/ppca_icm/predictions.npz,results/models/single-complete/ppca_icm/config.json
single-complete,standard,ppca_icm,0,energy_score,v,3.591371708446079,results/models/single-complete/ppca_icm/metrics_standard.json,results/models/single-complete/ppca_icm/predictions.npz,results/models/single-complete/ppca_icm/config.json
single-complete,standard,ppca_icm,0,energy_score,asr,21.9295711517334,results/models/single-complete/ppca_icm/metrics_standard.json,results/models/single-complete/ppca_icm/predictions.npz,results/models/single-complete/ppca_icm/config.json
single-complete,standard,ppca_icm,0,energy_score,olr,14.25825309753418,results/models/single-complete/ppca_icm/metrics_standard.json,results/models/single-complete/ppca_icm/predictions.npz,results/models/single-complete/ppca_icm/config.json
single-complete,standard,ppca_icm,0,spread_skill_ratio,surface_temperature,0.26324352622032166,results/models/single-complete/ppca_icm/metrics_standard.json,results/models/single-complete/ppca_icm/predictions.npz,results/models/single-complete/ppca_icm/config.json
single-complete,standard,ppca_icm,0,spread_skill_ratio,temperature,0.24897818432913887,results/models/single-complete/ppca_icm/metrics_standard.json,results/models/single-complete/ppca_icm/predictions.npz,results/models/single-complete/ppca_icm/config.json
single-complete,standard,ppca_icm,0,spread_skill_ratio,specific_humidity_dex,0.22453803486294216,results/models/single-complete/ppca_icm/metrics_standard.json,results/models/single-complete/ppca_icm/predictions.npz,results/models/single-complete/ppca_icm/config.json
single-complete,standard,ppca_icm,0,spread_skill_ratio,cloud_fraction,0.1836104335056411,results/models/single-complete/ppca_icm/metrics_standard.json,results/models/single-complete/ppca_icm/predictions.npz,results/models/single-complete/ppca_icm/config.json
single-complete,standard,ppca_icm,0,spread_skill_ratio,u,0.17966072426901925,results/models/single-complete/ppca_icm/metrics_standard.json,results/models/single-complete/ppca_icm/predictions.npz,results/models/single-complete/ppca_icm/config.json
single-complete,standard,ppca_icm,0,spread_skill_ratio,v,0.15917996399932438,results/models/single-complete/ppca_icm/metrics_standard.json,results/models/single-complete/ppca_icm/predictions.npz,results/models/single-complete/ppca_icm/config.json
single-complete,standard,ppca_icm,0,spread_skill_ratio,asr,0.14345285296440125,results/models/single-complete/ppca_icm/metrics_standard.json,results/models/single-complete/ppca_icm/predictions.npz,results/models/single-complete/ppca_icm/config.json
single-complete,standard,ppca_icm,0,spread_skill_ratio,olr,0.20557476580142975,results/models/single-complete/ppca_icm/metrics_standard.json,results/models/single-complete/ppca_icm/predictions.npz,results/models/single-complete/ppca_icm/config.json
single-complete,standard,ppca_icm,1,rmse,surface_temperature,9.649595260620117,,,
single-complete,standard,ppca_icm,1,rmse,temperature,8.324951118893093,,,
single-complete,standard,ppca_icm,1,rmse,specific_humidity_dex,0.455339382092158,,,
single-complete,standard,ppca_icm,1,rmse,cloud_fraction,0.08159105107188225,,,
single-complete,standard,ppca_icm,1,rmse,u,8.138165950775146,,,
single-complete,standard,ppca_icm,1,rmse,v,3.951565398110284,,,
single-complete,standard,ppca_icm,1,rmse,asr,24.35110092163086,,,
single-complete,standard,ppca_icm,1,rmse,olr,16.245403289794922,,,
single-complete,standard,ppca_icm,1,acc,surface_temperature,0.971356987953186,,,
single-complete,standard,ppca_icm,1,acc,temperature,0.6797943578826057,,,
single-complete,standard,ppca_icm,1,acc,specific_humidity_dex,0.8231048087279002,,,
single-complete,standard,ppca_icm,1,acc,cloud_fraction,0.7236950993537903,,,
single-complete,standard,ppca_icm,1,acc,u,0.7077360583676232,,,
single-complete,standard,ppca_icm,1,acc,v,0.6585669583744473,,,
single-complete,standard,ppca_icm,1,acc,asr,0.9959821701049805,,,
single-complete,standard,ppca_icm,1,acc,olr,0.8970856666564941,,,
single-complete,standard,ppca_icm,1,ramse,surface_temperature,9.8900728225708,,,
single-complete,standard,ppca_icm,1,ramse,temperature,8.679297977023655,,,
single-complete,standard,ppca_icm,1,ramse,specific_humidity_dex,0.47392748130692375,,,
single-complete,standard,ppca_icm,1,ramse,cloud_fraction,0.09573594108223915,,,
single-complete,standard,ppca_icm,1,ramse,u,9.794693099127876,,,
single-complete,standard,ppca_icm,1,ramse,v,4.781638701756795,,,
single-complete,standard,ppca_icm,1,ramse,asr,25.733047485351562,,,
single-complete,standard,ppca_icm,1,ramse,olr,17.27341079711914,,,
single-complete,standard,ppca_icm,1,energy_score,surface_temperature,8.321858406066895,,,
single-complete,standard,ppca_icm,1,energy_score,temperature,7.176351176367866,,,
single-complete,standard,ppca_icm,1,energy_score,specific_humidity_dex,0.39824358291096157,,,
single-complete,standard,ppca_icm,1,energy_score,cloud_fraction,0.07253781457742055,,,
single-complete,standard,ppca_icm,1,energy_score,u,7.3164787027570934,,,
single-complete,standard,ppca_icm,1,energy_score,v,3.5897398127449884,,,
single-complete,standard,ppca_icm,1,energy_score,asr,21.811920166015625,,,
single-complete,standard,ppca_icm,1,energy_score,olr,14.176545143127441,,,
single-complete,standard,ppca_icm,1,spread_skill_ratio,surface_temperature,0.24220974743366241,,,
single-complete,standard,ppca_icm,1,spread_skill_ratio,temperature,0.24036040239863926,,,
single-complete,standard,ppca_icm,1,spread_skill_ratio,specific_humidity_dex,0.20323443743917677,,,
single-complete,standard,ppca_icm,1,spread_skill_ratio,cloud_fraction,0.17955079095231163,,,
single-complete,standard,ppca_icm,1,spread_skill_ratio,u,0.1674243046177758,,,
single-complete,standard,ppca_icm,1,spread_skill_ratio,v,0.15518288811047873,,,
single-complete,standard,ppca_icm,1,spread_skill_ratio,asr,0.14424999058246613,,,
single-complete,standard,ppca_icm,1,spread_skill_ratio,olr,0.20705944299697876,,,
single-complete,standard,ppca_icm,2,rmse,surface_temperature,9.650818824768066,,,
single-complete,standard,ppca_icm,2,rmse,temperature,8.326206048329672,,,
single-complete,standard,ppca_icm,2,rmse,specific_humidity_dex,0.4554644458823734,,,
single-complete,standard,ppca_icm,2,rmse,cloud_fraction,0.08158867847588328,,,
single-complete,standard,ppca_icm,2,rmse,u,8.138669596778023,,,
single-complete,standard,ppca_icm,2,rmse,v,3.9514984819624157,,,
single-complete,standard,ppca_icm,2,rmse,asr,24.35053253173828,,,
single-complete,standard,ppca_icm,2,rmse,olr,16.24833106994629,,,
single-complete,standard,ppca_icm,2,acc,surface_temperature,0.9713270664215088,,,
single-complete,standard,ppca_icm,2,acc,temperature,0.6799547738499112,,,
single-complete,standard,ppca_icm,2,acc,specific_humidity_dex,0.823261045747333,,,
single-complete,standard,ppca_icm,2,acc,cloud_fraction,0.7236817114882999,,,
single-complete,standard,ppca_icm,2,acc,u,0.7077878779835172,,,
single-complete,standard,ppca_icm,2,acc,v,0.6586210562123193,,,
single-complete,standard,ppca_icm,2,acc,asr,0.9959830045700073,,,
single-complete,standard,ppca_icm,2,acc,olr,0.8971359729766846,,,
single-complete,standard,ppca_icm,2,ramse,surface_temperature,9.891180038452148,,,
single-complete,standard,ppca_icm,2,ramse,temperature,8.680774794684517,,,
single-complete,standard,ppca_icm,2,ramse,specific_humidity_dex,0.4740288158257802,,,
single-complete,standard,ppca_icm,2,ramse,cloud_fraction,0.09573664474818441,,,
single-complete,standard,ppca_icm,2,ramse,u,9.818568891949123,,,
single-complete,standard,ppca_icm,2,ramse,v,4.781541850831774,,,
single-complete,standard,ppca_icm,2,ramse,asr,25.731122970581055,,,
single-complete,standard,ppca_icm,2,ramse,olr,17.275609970092773,,,
single-complete,standard,ppca_icm,2,energy_score,surface_temperature,8.36938762664795,,,
single-complete,standard,ppca_icm,2,energy_score,temperature,7.168842156728108,,,
single-complete,standard,ppca_icm,2,energy_score,specific_humidity_dex,0.3993246257305145,,,
single-complete,standard,ppca_icm,2,energy_score,cloud_fraction,0.07250778915153609,,,
single-complete,standard,ppca_icm,2,energy_score,u,7.307456466886732,,,
single-complete,standard,ppca_icm,2,energy_score,v,3.5923458337783813,,,
single-complete,standard,ppca_icm,2,energy_score,asr,21.903356552124023,,,
single-complete,standard,ppca_icm,2,energy_score,olr,14.254100799560547,,,
single-complete,standard,ppca_icm,2,spread_skill_ratio,surface_temperature,0.2307945042848587,,,
single-complete,standard,ppca_icm,2,spread_skill_ratio,temperature,0.2307246575752894,,,
single-complete,standard,ppca_icm,2,spread_skill_ratio,specific_humidity_dex,0.19912892911169264,,,
single-complete,standard,ppca_icm,2,spread_skill_ratio,cloud_fraction,0.17993434601359898,,,
single-complete,standard,ppca_icm,2,spread_skill_ratio,u,0.1730053789085812,,,
single-complete,standard,ppca_icm,2,spread_skill_ratio,v,0.15322448147667778,,,
single-complete,standard,ppca_icm,2,spread_skill_ratio,asr,0.14066357910633087,,,
single-complete,standard,ppca_icm,2,spread_skill_ratio,olr,0.20111648738384247,,,
single-complete,standard,ppca_icm,3,rmse,surface_temperature,9.649882316589355,,,
single-complete,standard,ppca_icm,3,rmse,temperature,8.323884010314941,,,
single-complete,standard,ppca_icm,3,rmse,specific_humidity_dex,0.45536646578047013,,,
single-complete,standard,ppca_icm,3,rmse,cloud_fraction,0.08159163883990711,,,
single-complete,standard,ppca_icm,3,rmse,u,8.138680087195503,,,
single-complete,standard,ppca_icm,3,rmse,v,3.951455407672458,,,
single-complete,standard,ppca_icm,3,rmse,asr,24.35070037841797,,,
single-complete,standard,ppca_icm,3,rmse,olr,16.246614456176758,,,
single-complete,standard,ppca_icm,3,acc,surface_temperature,0.9713382124900818,,,
single-complete,standard,ppca_icm,3,acc,temperature,0.6797376871109009,,,
single-complete,standard,ppca_icm,3,acc,specific_humidity_dex,0.8232926229635874,,,
single-complete,standard,ppca_icm,3,acc,cloud_fraction,0.7236925926473405,,,
single-complete,standard,ppca_icm,3,acc,u,0.7076899111270905,,,
single-complete,standard,ppca_icm,3,acc,v,0.6585420138306088,,,
single-complete,standard,ppca_icm,3,acc,asr,0.9959834218025208,,,
single-complete,standard,ppca_icm,3,acc,olr,0.8971112370491028,,,
single-complete,standard,ppca_icm,3,ramse,surface_temperature,9.890509605407715,,,
single-complete,standard,ppca_icm,3,ramse,temperature,8.678216404385036,,,
single-complete,standard,ppca_icm,3,ramse,specific_humidity_dex,0.4739537205961015,,,
single-complete,standard,ppca_icm,3,ramse,cloud_fraction,0.0957421138882637,,,
single-complete,standard,ppca_icm,3,ramse,u,9.818336751725939,,,
single-complete,standard,ppca_icm,3,ramse,v,4.781471490859985,,,
single-complete,standard,ppca_icm,3,ramse,asr,25.732484817504883,,,
single-complete,standard,ppca_icm,3,ramse,olr,17.27422523498535,,,
single-complete,standard,ppca_icm,3,energy_score,surface_temperature,8.321748733520508,,,
single-complete,standard,ppca_icm,3,energy_score,temperature,7.160641617245144,,,
single-complete,standard,ppca_icm,3,energy_score,specific_humidity_dex,0.39922783109876847,,,
single-complete,standard,ppca_icm,3,energy_score,cloud_fraction,0.07264259995685683,,,
single-complete,standard,ppca_icm,3,energy_score,u,7.309389299816555,,,
single-complete,standard,ppca_icm,3,energy_score,v,3.605886459350586,,,
single-complete,standard,ppca_icm,3,energy_score,asr,21.86316680908203,,,
single-complete,standard,ppca_icm,3,energy_score,olr,14.23471450805664,,,
single-complete,standard,ppca_icm,3,spread_skill_ratio,surface_temperature,0.23335863649845123,,,
single-complete,standard,ppca_icm,3,spread_skill_ratio,temperature,0.23880479402012295,,,
single-complete,standard,ppca_icm,3,spread_skill_ratio,specific_humidity_dex,0.19626312951246896,,,
single-complete,standard,ppca_icm,3,spread_skill_ratio,cloud_fraction,0.18022289127111435,,,
single-complete,standard,ppca_icm,3,spread_skill_ratio,u,0.1726483636432224,,,
single-complete,standard,ppca_icm,3,spread_skill_ratio,v,0.15146622392866346,,,
single-complete,standard,ppca_icm,3,spread_skill_ratio,asr,0.1490631252527237,,,
single-complete,standard,ppca_icm,3,spread_skill_ratio,olr,0.20376308262348175,,,
single-complete,standard,ppca_icm,4,rmse,surface_temperature,9.657125473022461,,,
single-complete,standard,ppca_icm,4,rmse,temperature,8.329175260331896,,,
single-complete,standard,ppca_icm,4,rmse,specific_humidity_dex,0.4554838968647851,,,
single-complete,standard,ppca_icm,4,rmse,cloud_fraction,0.08160581315557162,,,
single-complete,standard,ppca_icm,4,rmse,u,8.139491107728746,,,
single-complete,standard,ppca_icm,4,rmse,v,3.9529380003611245,,,
single-complete,standard,ppca_icm,4,rmse,asr,24.34809684753418,,,
single-complete,standard,ppca_icm,4,rmse,olr,16.248079299926758,,,
single-complete,standard,ppca_icm,4,acc,surface_temperature,0.9713945388793945,,,
single-complete,standard,ppca_icm,4,acc,temperature,0.6797061761220297,,,
single-complete,standard,ppca_icm,4,acc,specific_humidity_dex,0.8233817285961575,,,
single-complete,standard,ppca_icm,4,acc,cloud_fraction,0.7236394153700935,,,
single-complete,standard,ppca_icm,4,acc,u,0.7076406810018752,,,
single-complete,standard,ppca_icm,4,acc,v,0.6582931511931949,,,
single-complete,standard,ppca_icm,4,acc,asr,0.9959833025932312,,,
single-complete,standard,ppca_icm,4,acc,olr,0.8970909118652344,,,
single-complete,standard,ppca_icm,4,ramse,surface_temperature,9.897542953491211,,,
single-complete,standard,ppca_icm,4,ramse,temperature,8.683204809824625,,,
single-complete,standard,ppca_icm,4,ramse,specific_humidity_dex,0.4740753769874573,,,
single-complete,standard,ppca_icm,4,ramse,cloud_fraction,0.09575877545608415,,,
single-complete,standard,ppca_icm,4,ramse,u,9.8195624616411,,,
single-complete,standard,ppca_icm,4,ramse,v,4.783689710828993,,,
single-complete,standard,ppca_icm,4,ramse,asr,25.728775024414062,,,
single-complete,standard,ppca_icm,4,ramse,olr,17.275056838989258,,,
single-complete,standard,ppca_icm,4,energy_score,surface_temperature,8.369597434997559,,,
single-complete,standard,ppca_icm,4,energy_score,temperature,7.182124773661296,,,
single-complete,standard,ppca_icm,4,energy_score,specific_humidity_dex,0.39950008855925667,,,
single-complete,standard,ppca_icm,4,energy_score,cloud_fraction,0.07245019781920645,,,
single-complete,standard,ppca_icm,4,energy_score,u,7.316001918580797,,,
single-complete,standard,ppca_icm,4,energy_score,v,3.5937257475323148,,,
single-complete,standard,ppca_icm,4,energy_score,asr,21.891613006591797,,,
single-complete,standard,ppca_icm,4,energy_score,olr,14.24738883972168,,,
single-complete,standard,ppca_icm,4,spread_skill_ratio,surface_temperature,0.23333609104156494,,,
single-complete,standard,ppca_icm,4,spread_skill_ratio,temperature,0.23483283817768097,,,
single-complete,standard,ppca_icm,4,spread_skill_ratio,specific_humidity_dex,0.20017530189620125,,,
single-complete,standard,ppca_icm,4,spread_skill_ratio,cloud_fraction,0.17970201124747595,,,
single-complete,standard,ppca_icm,4,spread_skill_ratio,u,0.17478533254729378,,,
single-complete,standard,ppca_icm,4,spread_skill_ratio,v,0.15445936388439602,,,
single-complete,standard,ppca_icm,4,spread_skill_ratio,asr,0.14640343189239502,,,
single-complete,standard,ppca_icm,4,spread_skill_ratio,olr,0.20484228432178497,,,
single-complete,standard,sfno,0,rmse,surface_temperature,9.681330680847168,results/models/single-complete/sfno/metrics_standard.json,results/models/single-complete/sfno/predictions.npz,results/models/single-complete/sfno/config.json
single-complete,standard,sfno,0,rmse,temperature,8.591274950239393,results/models/single-complete/sfno/metrics_standard.json,results/models/single-complete/sfno/predictions.npz,results/models/single-complete/sfno/config.json
single-complete,standard,sfno,0,rmse,specific_humidity_dex,0.45653459429740906,results/models/single-complete/sfno/metrics_standard.json,results/models/single-complete/sfno/predictions.npz,results/models/single-complete/sfno/config.json
single-complete,standard,sfno,0,rmse,cloud_fraction,0.08115270692441198,results/models/single-complete/sfno/metrics_standard.json,results/models/single-complete/sfno/predictions.npz,results/models/single-complete/sfno/config.json
single-complete,standard,sfno,0,rmse,u,8.212216748131645,results/models/single-complete/sfno/metrics_standard.json,results/models/single-complete/sfno/predictions.npz,results/models/single-complete/sfno/config.json
single-complete,standard,sfno,0,rmse,v,3.5862066083484225,results/models/single-complete/sfno/metrics_standard.json,results/models/single-complete/sfno/predictions.npz,results/models/single-complete/sfno/config.json
single-complete,standard,sfno,0,rmse,asr,29.742937088012695,results/models/single-complete/sfno/metrics_standard.json,results/models/single-complete/sfno/predictions.npz,results/models/single-complete/sfno/config.json
single-complete,standard,sfno,0,rmse,olr,16.574981689453125,results/models/single-complete/sfno/metrics_standard.json,results/models/single-complete/sfno/predictions.npz,results/models/single-complete/sfno/config.json
single-complete,standard,sfno,0,acc,surface_temperature,0.9727373123168945,results/models/single-complete/sfno/metrics_standard.json,results/models/single-complete/sfno/predictions.npz,results/models/single-complete/sfno/config.json
single-complete,standard,sfno,0,acc,temperature,0.6000283161799113,results/models/single-complete/sfno/metrics_standard.json,results/models/single-complete/sfno/predictions.npz,results/models/single-complete/sfno/config.json
single-complete,standard,sfno,0,acc,specific_humidity_dex,0.7993352015813192,results/models/single-complete/sfno/metrics_standard.json,results/models/single-complete/sfno/predictions.npz,results/models/single-complete/sfno/config.json
single-complete,standard,sfno,0,acc,cloud_fraction,0.7193402780426873,results/models/single-complete/sfno/metrics_standard.json,results/models/single-complete/sfno/predictions.npz,results/models/single-complete/sfno/config.json
single-complete,standard,sfno,0,acc,u,0.7124545176823934,results/models/single-complete/sfno/metrics_standard.json,results/models/single-complete/sfno/predictions.npz,results/models/single-complete/sfno/config.json
single-complete,standard,sfno,0,acc,v,0.6865108576085832,results/models/single-complete/sfno/metrics_standard.json,results/models/single-complete/sfno/predictions.npz,results/models/single-complete/sfno/config.json
single-complete,standard,sfno,0,acc,asr,0.9952703714370728,results/models/single-complete/sfno/metrics_standard.json,results/models/single-complete/sfno/predictions.npz,results/models/single-complete/sfno/config.json
single-complete,standard,sfno,0,acc,olr,0.8950147032737732,results/models/single-complete/sfno/metrics_standard.json,results/models/single-complete/sfno/predictions.npz,results/models/single-complete/sfno/config.json
single-complete,standard,sfno,0,ramse,surface_temperature,9.932828903198242,results/models/single-complete/sfno/metrics_standard.json,results/models/single-complete/sfno/predictions.npz,results/models/single-complete/sfno/config.json
single-complete,standard,sfno,0,ramse,temperature,9.03101004494561,results/models/single-complete/sfno/metrics_standard.json,results/models/single-complete/sfno/predictions.npz,results/models/single-complete/sfno/config.json
single-complete,standard,sfno,0,ramse,specific_humidity_dex,0.4741697410742442,results/models/single-complete/sfno/metrics_standard.json,results/models/single-complete/sfno/predictions.npz,results/models/single-complete/sfno/config.json
single-complete,standard,sfno,0,ramse,cloud_fraction,0.09461295108000438,results/models/single-complete/sfno/metrics_standard.json,results/models/single-complete/sfno/predictions.npz,results/models/single-complete/sfno/config.json
single-complete,standard,sfno,0,ramse,u,9.845186233520508,results/models/single-complete/sfno/metrics_standard.json,results/models/single-complete/sfno/predictions.npz,results/models/single-complete/sfno/config.json
single-complete,standard,sfno,0,ramse,v,4.308068911234538,results/models/single-complete/sfno/metrics_standard.json,results/models/single-complete/sfno/predictions.npz,results/models/single-complete/sfno/config.json
single-complete,standard,sfno,0,ramse,asr,31.33904457092285,results/models/single-complete/sfno/metrics_standard.json,results/models/single-complete/sfno/predictions.npz,results/models/single-complete/sfno/config.json
single-complete,standard,sfno,0,ramse,olr,17.592632293701172,results/models/single-complete/sfno/metrics_standard.json,results/models/single-complete/sfno/predictions.npz,results/models/single-complete/sfno/config.json
single-complete,standard,sfno,1,rmse,surface_temperature,10.533793449401855,,,
single-complete,standard,sfno,1,rmse,temperature,8.505996492173937,,,
single-complete,standard,sfno,1,rmse,specific_humidity_dex,0.4774160352018144,,,
single-complete,standard,sfno,1,rmse,cloud_fraction,0.08057540986273024,,,
single-complete,standard,sfno,1,rmse,u,8.193177514606052,,,
single-complete,standard,sfno,1,rmse,v,3.530238774087694,,,
single-complete,standard,sfno,1,rmse,asr,35.548248291015625,,,
single-complete,standard,sfno,1,rmse,olr,17.402381896972656,,,
single-complete,standard,sfno,1,acc,surface_temperature,0.9711872935295105,,,
single-complete,standard,sfno,1,acc,temperature,0.598136885298623,,,
single-complete,standard,sfno,1,acc,specific_humidity_dex,0.7993565698464712,,,
single-complete,standard,sfno,1,acc,cloud_fraction,0.7168582710954878,,,
single-complete,standard,sfno,1,acc,u,0.7144720984829797,,,
single-complete,standard,sfno,1,acc,v,0.7004250917169783,,,
single-complete,standard,sfno,1,acc,asr,0.9951410293579102,,,
single-complete,standard,sfno,1,acc,olr,0.9064590930938721,,,
single-complete,standard,sfno,1,ramse,surface_temperature,10.791816711425781,,,
single-complete,standard,sfno,1,ramse,temperature,8.953307946523031,,,
single-complete,standard,sfno,1,ramse,specific_humidity_dex,0.4965725839138031,,,
single-complete,standard,sfno,1,ramse,cloud_fraction,0.0942874261074596,,,
single-complete,standard,sfno,1,ramse,u,10.094437784618801,,,
single-complete,standard,sfno,1,ramse,v,4.231705506642659,,,
single-complete,standard,sfno,1,ramse,asr,36.826114654541016,,,
single-complete,standard,sfno,1,ramse,olr,18.38198471069336,,,
single-complete,standard,sfno,2,rmse,surface_temperature,10.274935722351074,,,
single-complete,standard,sfno,2,rmse,temperature,8.530481391482883,,,
single-complete,standard,sfno,2,rmse,specific_humidity_dex,0.47421397434340584,,,
single-complete,standard,sfno,2,rmse,cloud_fraction,0.0824715503387981,,,
single-complete,standard,sfno,2,rmse,u,8.34198972913954,,,
single-complete,standard,sfno,2,rmse,v,3.5564567512936063,,,
single-complete,standard,sfno,2,rmse,asr,33.51679229736328,,,
single-complete,standard,sfno,2,rmse,olr,17.04108238220215,,,
single-complete,standard,sfno,2,acc,surface_temperature,0.9724485874176025,,,
single-complete,standard,sfno,2,acc,temperature,0.5866702778471841,,,
single-complete,standard,sfno,2,acc,specific_humidity_dex,0.8003744019402398,,,
single-complete,standard,sfno,2,acc,cloud_fraction,0.7199960748354594,,,
single-complete,standard,sfno,2,acc,u,0.7108848690986633,,,
single-complete,standard,sfno,2,acc,v,0.69172203540802,,,
single-complete,standard,sfno,2,acc,asr,0.9953448176383972,,,
single-complete,standard,sfno,2,acc,olr,0.9025548100471497,,,
single-complete,standard,sfno,2,ramse,surface_temperature,10.513849258422852,,,
single-complete,standard,sfno,2,ramse,temperature,8.939965989854601,,,
single-complete,standard,sfno,2,ramse,specific_humidity_dex,0.4903064767519633,,,
single-complete,standard,sfno,2,ramse,cloud_fraction,0.09684291647540198,,,
single-complete,standard,sfno,2,ramse,u,10.28873250219557,,,
single-complete,standard,sfno,2,ramse,v,4.243294795354207,,,
single-complete,standard,sfno,2,ramse,asr,34.9364128112793,,,
single-complete,standard,sfno,2,ramse,olr,17.97171974182129,,,
single-complete,standard,sfno,3,rmse,surface_temperature,9.488093376159668,,,
single-complete,standard,sfno,3,rmse,temperature,8.45268440246582,,,
single-complete,standard,sfno,3,rmse,specific_humidity_dex,0.4722258150577545,,,
single-complete,standard,sfno,3,rmse,cloud_fraction,0.07896332484152582,,,
single-complete,standard,sfno,3,rmse,u,7.976624965667725,,,
single-complete,standard,sfno,3,rmse,v,3.6174556016921997,,,
single-complete,standard,sfno,3,rmse,asr,30.626609802246094,,,
single-complete,standard,sfno,3,rmse,olr,16.899253845214844,,,
single-complete,standard,sfno,3,acc,surface_temperature,0.9744079113006592,,,
single-complete,standard,sfno,3,acc,temperature,0.6111106508307986,,,
single-complete,standard,sfno,3,acc,specific_humidity_dex,0.8049314618110657,,,
single-complete,standard,sfno,3,acc,cloud_fraction,0.724773731496599,,,
single-complete,standard,sfno,3,acc,u,0.7148884733517965,,,
single-complete,standard,sfno,3,acc,v,0.6945595542589823,,,
single-complete,standard,sfno,3,acc,asr,0.9955319762229919,,,
single-complete,standard,sfno,3,acc,olr,0.8971253633499146,,,
single-complete,standard,sfno,3,ramse,surface_temperature,9.717428207397461,,,
single-complete,standard,sfno,3,ramse,temperature,8.891854498121473,,,
single-complete,standard,sfno,3,ramse,specific_humidity_dex,0.48990235726038617,,,
single-complete,standard,sfno,3,ramse,cloud_fraction,0.09187623030609554,,,
single-complete,standard,sfno,3,ramse,u,9.688468085394966,,,
single-complete,standard,sfno,3,ramse,v,4.364574114481608,,,
single-complete,standard,sfno,3,ramse,asr,31.95530891418457,,,
single-complete,standard,sfno,3,ramse,olr,17.960872650146484,,,
single-complete,standard,sfno,4,rmse,surface_temperature,10.207636833190918,,,
single-complete,standard,sfno,4,rmse,temperature,8.65609237882826,,,
single-complete,standard,sfno,4,rmse,specific_humidity_dex,0.48011290033658344,,,
single-complete,standard,sfno,4,rmse,cloud_fraction,0.08138333261013031,,,
single-complete,standard,sfno,4,rmse,u,8.076660924487644,,,
single-complete,standard,sfno,4,rmse,v,3.650407552719116,,,
single-complete,standard,sfno,4,rmse,asr,30.992082595825195,,,
single-complete,standard,sfno,4,rmse,olr,17.449480056762695,,,
single-complete,standard,sfno,4,acc,surface_temperature,0.9747390747070312,,,
single-complete,standard,sfno,4,acc,temperature,0.5927180283599429,,,
single-complete,standard,sfno,4,acc,specific_humidity_dex,0.799701538350847,,,
single-complete,standard,sfno,4,acc,cloud_fraction,0.7266529202461243,,,
single-complete,standard,sfno,4,acc,u,0.7094401021798452,,,
single-complete,standard,sfno,4,acc,v,0.676726887623469,,,
single-complete,standard,sfno,4,acc,asr,0.9948918223381042,,,
single-complete,standard,sfno,4,acc,olr,0.8935487866401672,,,
single-complete,standard,sfno,4,ramse,surface_temperature,10.446233749389648,,,
single-complete,standard,sfno,4,ramse,temperature,9.10718552271525,,,
single-complete,standard,sfno,4,ramse,specific_humidity_dex,0.4994911419020759,,,
single-complete,standard,sfno,4,ramse,cloud_fraction,0.09479602095153597,,,
single-complete,standard,sfno,4,ramse,u,9.91340290175544,,,
single-complete,standard,sfno,4,ramse,v,4.422543949551052,,,
single-complete,standard,sfno,4,ramse,asr,32.55255889892578,,,
single-complete,standard,sfno,4,ramse,olr,18.421253204345703,,,
single-complete,standard,train_mean,0,rmse,surface_temperature,20.850534439086914,results/models/single-complete/train_mean/metrics_standard.json,results/models/single-complete/train_mean/predictions.npz,results/models/single-complete/train_mean/config.json
single-complete,standard,train_mean,0,rmse,temperature,18.7077448103163,results/models/single-complete/train_mean/metrics_standard.json,results/models/single-complete/train_mean/predictions.npz,results/models/single-complete/train_mean/config.json
single-complete,standard,train_mean,0,rmse,specific_humidity_dex,1.0668427016999986,results/models/single-complete/train_mean/metrics_standard.json,results/models/single-complete/train_mean/predictions.npz,results/models/single-complete/train_mean/config.json
single-complete,standard,train_mean,0,rmse,cloud_fraction,0.12874863793452582,results/models/single-complete/train_mean/metrics_standard.json,results/models/single-complete/train_mean/predictions.npz,results/models/single-complete/train_mean/config.json
single-complete,standard,train_mean,0,rmse,u,12.75072161356608,results/models/single-complete/train_mean/metrics_standard.json,results/models/single-complete/train_mean/predictions.npz,results/models/single-complete/train_mean/config.json
single-complete,standard,train_mean,0,rmse,v,5.162651697794597,results/models/single-complete/train_mean/metrics_standard.json,results/models/single-complete/train_mean/predictions.npz,results/models/single-complete/train_mean/config.json
single-complete,standard,train_mean,0,rmse,asr,45.58108139038086,results/models/single-complete/train_mean/metrics_standard.json,results/models/single-complete/train_mean/predictions.npz,results/models/single-complete/train_mean/config.json
single-complete,standard,train_mean,0,rmse,olr,33.69399642944336,results/models/single-complete/train_mean/metrics_standard.json,results/models/single-complete/train_mean/predictions.npz,results/models/single-complete/train_mean/config.json
single-complete,standard,train_mean,0,acc,surface_temperature,0.9546101689338684,results/models/single-complete/train_mean/metrics_standard.json,results/models/single-complete/train_mean/predictions.npz,results/models/single-complete/train_mean/config.json
single-complete,standard,train_mean,0,acc,temperature,0.4477992016408179,results/models/single-complete/train_mean/metrics_standard.json,results/models/single-complete/train_mean/predictions.npz,results/models/single-complete/train_mean/config.json
single-complete,standard,train_mean,0,acc,specific_humidity_dex,0.7380081415176392,results/models/single-complete/train_mean/metrics_standard.json,results/models/single-complete/train_mean/predictions.npz,results/models/single-complete/train_mean/config.json
single-complete,standard,train_mean,0,acc,cloud_fraction,0.5985079308350881,results/models/single-complete/train_mean/metrics_standard.json,results/models/single-complete/train_mean/predictions.npz,results/models/single-complete/train_mean/config.json
single-complete,standard,train_mean,0,acc,u,0.509667843580246,results/models/single-complete/train_mean/metrics_standard.json,results/models/single-complete/train_mean/predictions.npz,results/models/single-complete/train_mean/config.json
single-complete,standard,train_mean,0,acc,v,0.5658214655187395,results/models/single-complete/train_mean/metrics_standard.json,results/models/single-complete/train_mean/predictions.npz,results/models/single-complete/train_mean/config.json
single-complete,standard,train_mean,0,acc,asr,0.9934860467910767,results/models/single-complete/train_mean/metrics_standard.json,results/models/single-complete/train_mean/predictions.npz,results/models/single-complete/train_mean/config.json
single-complete,standard,train_mean,0,acc,olr,0.7969720959663391,results/models/single-complete/train_mean/metrics_standard.json,results/models/single-complete/train_mean/predictions.npz,results/models/single-complete/train_mean/config.json
single-complete,standard,train_mean,0,ramse,surface_temperature,21.243040084838867,results/models/single-complete/train_mean/metrics_standard.json,results/models/single-complete/train_mean/predictions.npz,results/models/single-complete/train_mean/config.json
single-complete,standard,train_mean,0,ramse,temperature,19.074367311265732,results/models/single-complete/train_mean/metrics_standard.json,results/models/single-complete/train_mean/predictions.npz,results/models/single-complete/train_mean/config.json
single-complete,standard,train_mean,0,ramse,specific_humidity_dex,1.0929696692360773,results/models/single-complete/train_mean/metrics_standard.json,results/models/single-complete/train_mean/predictions.npz,results/models/single-complete/train_mean/config.json
single-complete,standard,train_mean,0,ramse,cloud_fraction,0.15060431179073122,results/models/single-complete/train_mean/metrics_standard.json,results/models/single-complete/train_mean/predictions.npz,results/models/single-complete/train_mean/config.json
single-complete,standard,train_mean,0,ramse,u,15.161193423800999,results/models/single-complete/train_mean/metrics_standard.json,results/models/single-complete/train_mean/predictions.npz,results/models/single-complete/train_mean/config.json
single-complete,standard,train_mean,0,ramse,v,6.286973635355632,results/models/single-complete/train_mean/metrics_standard.json,results/models/single-complete/train_mean/predictions.npz,results/models/single-complete/train_mean/config.json
single-complete,standard,train_mean,0,ramse,asr,47.5575065612793,results/models/single-complete/train_mean/metrics_standard.json,results/models/single-complete/train_mean/predictions.npz,results/models/single-complete/train_mean/config.json
single-complete,standard,train_mean,0,ramse,olr,36.755428314208984,results/models/single-complete/train_mean/metrics_standard.json,results/models/single-complete/train_mean/predictions.npz,results/models/single-complete/train_mean/config.json
