subset,protocol,method,metric,variable,value,metrics_path,predictions_path,config_path
multi-partial,standard,conv_decoder,rmse,surface_temperature,12.601461410522461,results/models/multi-partial/conv_decoder/metrics_standard.json,results/models/multi-partial/conv_decoder/predictions.npz,results/models/multi-partial/conv_decoder/config.json
multi-partial,standard,conv_decoder,rmse,temperature,10.01468915939331,results/models/multi-partial/conv_decoder/metrics_standard.json,results/models/multi-partial/conv_decoder/predictions.npz,results/models/multi-partial/conv_decoder/config.json
multi-partial,standard,conv_decoder,rmse,specific_humidity_dex,0.514857617020607,results/models/multi-partial/conv_decoder/metrics_standard.json,results/models/multi-partial/conv_decoder/predictions.npz,results/models/multi-partial/conv_decoder/config.json
multi-partial,standard,conv_decoder,rmse,cloud_fraction,0.08220121301710606,results/models/multi-partial/conv_decoder/metrics_standard.json,results/models/multi-partial/conv_decoder/predictions.npz,results/models/multi-partial/conv_decoder/config.json
multi-partial,standard,conv_decoder,rmse,u,9.90478286743164,results/models/multi-partial/conv_decoder/metrics_standard.json,results/models/multi-partial/conv_decoder/predictions.npz,results/models/multi-partial/conv_decoder/config.json
multi-partial,standard,conv_decoder,rmse,v,3.9120230436325074,results/models/multi-partial/conv_decoder/metrics_standard.json,results/models/multi-partial/conv_decoder/predictions.npz,results/models/multi-partial/conv_decoder/config.json
multi-partial,standard,conv_decoder,rmse,asr,37.149436950683594,results/models/multi-partial/conv_decoder/metrics_standard.json,results/models/multi-partial/conv_decoder/predictions.npz,results/models/multi-partial/conv_decoder/config.json
multi-partial,standard,conv_decoder,rmse,olr,17.370330810546875,results/models/multi-partial/conv_decoder/metrics_standard.json,results/models/multi-partial/conv_decoder/predictions.npz,results/models/multi-partial/conv_decoder/config.json
multi-partial,standard,conv_decoder,acc,surface_temperature,0.9352974891662598,results/models/multi-partial/conv_decoder/metrics_standard.json,results/models/multi-partial/conv_decoder/predictions.npz,results/models/multi-partial/conv_decoder/config.json
multi-partial,standard,conv_decoder,acc,temperature,0.5045892670750618,results/models/multi-partial/conv_decoder/metrics_standard.json,results/models/multi-partial/conv_decoder/predictions.npz,results/models/multi-partial/conv_decoder/config.json
multi-partial,standard,conv_decoder,acc,specific_humidity_dex,0.6490643963217735,results/models/multi-partial/conv_decoder/metrics_standard.json,results/models/multi-partial/conv_decoder/predictions.npz,results/models/multi-partial/conv_decoder/config.json
multi-partial,standard,conv_decoder,acc,cloud_fraction,0.6911675453186035,results/models/multi-partial/conv_decoder/metrics_standard.json,results/models/multi-partial/conv_decoder/predictions.npz,results/models/multi-partial/conv_decoder/config.json
multi-partial,standard,conv_decoder,acc,u,0.6824328660964966,results/models/multi-partial/conv_decoder/metrics_standard.json,results/models/multi-partial/conv_decoder/predictions.npz,results/models/multi-partial/conv_decoder/config.json
multi-partial,standard,conv_decoder,acc,v,0.6949334800243377,results/models/multi-partial/conv_decoder/metrics_standard.json,results/models/multi-partial/conv_decoder/predictions.npz,results/models/multi-partial/conv_decoder/config.json
multi-partial,standard,conv_decoder,acc,asr,0.9933544993400574,results/models/multi-partial/conv_decoder/metrics_standard.json,results/models/multi-partial/conv_decoder/predictions.npz,results/models/multi-partial/conv_decoder/config.json
multi-partial,standard,conv_decoder,acc,olr,0.8702170848846436,results/models/multi-partial/conv_decoder/metrics_standard.json,results/models/multi-partial/conv_decoder/predictions.npz,results/models/multi-partial/conv_decoder/config.json
multi-partial,standard,conv_decoder,ramse,surface_temperature,13.199007987976074,results/models/multi-partial/conv_decoder/metrics_standard.json,results/models/multi-partial/conv_decoder/predictions.npz,results/models/multi-partial/conv_decoder/config.json
multi-partial,standard,conv_decoder,ramse,temperature,11.161248397827148,results/models/multi-partial/conv_decoder/metrics_standard.json,results/models/multi-partial/conv_decoder/predictions.npz,results/models/multi-partial/conv_decoder/config.json
multi-partial,standard,conv_decoder,ramse,specific_humidity_dex,0.5732136726379394,results/models/multi-partial/conv_decoder/metrics_standard.json,results/models/multi-partial/conv_decoder/predictions.npz,results/models/multi-partial/conv_decoder/config.json
multi-partial,standard,conv_decoder,ramse,cloud_fraction,0.09497726671397685,results/models/multi-partial/conv_decoder/metrics_standard.json,results/models/multi-partial/conv_decoder/predictions.npz,results/models/multi-partial/conv_decoder/config.json
multi-partial,standard,conv_decoder,ramse,u,12.07830364704132,results/models/multi-partial/conv_decoder/metrics_standard.json,results/models/multi-partial/conv_decoder/predictions.npz,results/models/multi-partial/conv_decoder/config.json
multi-partial,standard,conv_decoder,ramse,v,4.644558715820312,results/models/multi-partial/conv_decoder/metrics_standard.json,results/models/multi-partial/conv_decoder/predictions.npz,results/models/multi-partial/conv_decoder/config.json
multi-partial,standard,conv_decoder,ramse,asr,39.65610122680664,results/models/multi-partial/conv_decoder/metrics_standard.json,results/models/multi-partial/conv_decoder/predictions.npz,results/models/multi-partial/conv_decoder/config.json
multi-partial,standard,conv_decoder,ramse,olr,18.78583335876465,results/models/multi-partial/conv_decoder/metrics_standard.json,results/models/multi-partial/conv_decoder/predictions.npz,results/models/multi-partial/conv_decoder/config.json
multi-partial,shared_planets,conv_decoder,relative_rmse,surface_temperature,1.0683164596557617,results/models/multi-partial/conv_decoder/metrics_shared_planets.json,results/models/multi-partial/conv_decoder/predictions_shared_planets.npz,results/models/multi-partial/conv_decoder/config.json
multi-partial,shared_planets,conv_decoder,relative_rmse,temperature,0.8853810429573059,results/models/multi-partial/conv_decoder/metrics_shared_planets.json,results/models/multi-partial/conv_decoder/predictions_shared_planets.npz,results/models/multi-partial/conv_decoder/config.json
multi-partial,shared_planets,conv_decoder,relative_rmse,specific_humidity_dex,0.8435068130493164,results/models/multi-partial/conv_decoder/metrics_shared_planets.json,results/models/multi-partial/conv_decoder/predictions_shared_planets.npz,results/models/multi-partial/conv_decoder/config.json
multi-partial,shared_planets,conv_decoder,relative_rmse,cloud_fraction,0.6051378846168518,results/models/multi-partial/conv_decoder/metrics_shared_planets.json,results/models/multi-partial/conv_decoder/predictions_shared_planets.npz,results/models/multi-partial/conv_decoder/config.json
multi-partial,shared_planets,conv_decoder,relative_rmse,u,0.7718861103057861,results/models/multi-partial/conv_decoder/metrics_shared_planets.json,results/models/multi-partial/conv_decoder/predictions_shared_planets.npz,results/models/multi-partial/conv_decoder/config.json
multi-partial,shared_planets,conv_decoder,relative_rmse,v,0.7119306325912476,results/models/multi-partial/conv_decoder/metrics_shared_planets.json,results/models/multi-partial/conv_decoder/predictions_shared_planets.npz,results/models/multi-partial/conv_decoder/config.json
multi-partial,shared_planets,conv_decoder,relative_rmse,asr,1.009531021118164,results/models/multi-partial/conv_decoder/metrics_shared_planets.json,results/models/multi-partial/conv_decoder/predictions_shared_planets.npz,results/models/multi-partial/conv_decoder/config.json
multi-partial,shared_planets,conv_decoder,relative_rmse,olr,0.7282606363296509,results/models/multi-partial/conv_decoder/metrics_shared_planets.json,results/models/multi-partial/conv_decoder/predictions_shared_planets.npz,results/models/multi-partial/conv_decoder/config.json
multi-partial,shared_planets,conv_decoder,relative_acc,surface_temperature,1.018730640411377,results/models/multi-partial/conv_decoder/metrics_shared_planets.json,results/models/multi-partial/conv_decoder/predictions_shared_planets.npz,results/models/multi-partial/conv_decoder/config.json
multi-partial,shared_planets,conv_decoder,relative_acc,temperature,4.200046062469482,results/models/multi-partial/conv_decoder/metrics_shared_planets.json,results/models/multi-partial/conv_decoder/predictions_shared_planets.npz,results/models/multi-partial/conv_decoder/config.json
multi-partial,shared_planets,conv_decoder,relative_acc,specific_humidity_dex,1.0918354988098145,results/models/multi-partial/conv_decoder/metrics_shared_planets.json,results/models/multi-partial/conv_decoder/predictions_shared_planets.npz,results/models/multi-partial/conv_decoder/config.json
multi-partial,shared_planets,conv_decoder,relative_acc,cloud_fraction,1.470292329788208,results/models/multi-partial/conv_decoder/metrics_shared_planets.json,results/models/multi-partial/conv_decoder/predictions_shared_planets.npz,results/models/multi-partial/conv_decoder/config.json
multi-partial,shared_planets,conv_decoder,relative_acc,u,3.4505016803741455,results/models/multi-partial/conv_decoder/metrics_shared_planets.json,results/models/multi-partial/conv_decoder/predictions_shared_planets.npz,results/models/multi-partial/conv_decoder/config.json
multi-partial,shared_planets,conv_decoder,relative_acc,v,1.3025012016296387,results/models/multi-partial/conv_decoder/metrics_shared_planets.json,results/models/multi-partial/conv_decoder/predictions_shared_planets.npz,results/models/multi-partial/conv_decoder/config.json
multi-partial,shared_planets,conv_decoder,relative_acc,asr,1.001754641532898,results/models/multi-partial/conv_decoder/metrics_shared_planets.json,results/models/multi-partial/conv_decoder/predictions_shared_planets.npz,results/models/multi-partial/conv_decoder/config.json
multi-partial,shared_planets,conv_decoder,relative_acc,olr,1.1488927602767944,results/models/multi-partial/conv_decoder/metrics_shared_planets.json,results/models/multi-partial/conv_decoder/predictions_shared_planets.npz,results/models/multi-partial/conv_decoder/config.json
multi-partial,standard,coord_deeponet,rmse,surface_temperature,12.775678634643555,results/models/multi-partial/coord_deeponet/metrics_standard.json,results/models/multi-partial/coord_deeponet/predictions.npz,results/models/multi-partial/coord_deeponet/config.json
multi-partial,standard,coord_deeponet,rmse,temperature,10.73301076889038,results/models/multi-partial/coord_deeponet/metrics_standard.json,results/models/multi-partial/coord_deeponet/predictions.npz,results/models/multi-partial/coord_deeponet/config.json
multi-partial,standard,coord_deeponet,rmse,specific_humidity_dex,0.5298471063375473,results/models/multi-partial/coord_deeponet/metrics_standard.json,results/models/multi-partial/coord_deeponet/predictions.npz,results/models/multi-partial/coord_deeponet/config.json
multi-partial,standard,coord_deeponet,rmse,cloud_fraction,0.09070225581526756,results/models/multi-partial/coord_deeponet/metrics_standard.json,results/models/multi-partial/coord_deeponet/predictions.npz,results/models/multi-partial/coord_deeponet/config.json
multi-partial,standard,coord_deeponet,rmse,u,10.934195137023925,results/models/multi-partial/coord_deeponet/metrics_standard.json,results/models/multi-partial/coord_deeponet/predictions.npz,results/models/multi-partial/coord_deeponet/config.json
multi-partial,standard,coord_deeponet,rmse,v,4.990510082244873,results/models/multi-partial/coord_deeponet/metrics_standard.json,results/models/multi-partial/coord_deeponet/predictions.npz,results/models/multi-partial/coord_deeponet/config.json
multi-partial,standard,coord_deeponet,rmse,asr,29.684356689453125,results/models/multi-partial/coord_deeponet/metrics_standard.json,results/models/multi-partial/coord_deeponet/predictions.npz,results/models/multi-partial/coord_deeponet/config.json
multi-partial,standard,coord_deeponet,rmse,olr,19.03484344482422,results/models/multi-partial/coord_deeponet/metrics_standard.json,results/models/multi-partial/coord_deeponet/predictions.npz,results/models/multi-partial/coord_deeponet/config.json
multi-partial,standard,coord_deeponet,acc,surface_temperature,0.9422861337661743,results/models/multi-partial/coord_deeponet/metrics_standard.json,results/models/multi-partial/coord_deeponet/predictions.npz,results/models/multi-partial/coord_deeponet/config.json
multi-partial,standard,coord_deeponet,acc,temperature,0.5699518740177154,results/models/multi-partial/coord_deeponet/metrics_standard.json,results/models/multi-partial/coord_deeponet/predictions.npz,results/models/multi-partial/coord_deeponet/config.json
multi-partial,standard,coord_deeponet,acc,specific_humidity_dex,0.720512929558754,results/models/multi-partial/coord_deeponet/metrics_standard.json,results/models/multi-partial/coord_deeponet/predictions.npz,results/models/multi-partial/coord_deeponet/config.json
multi-partial,standard,coord_deeponet,acc,cloud_fraction,0.6492101520299911,results/models/multi-partial/coord_deeponet/metrics_standard.json,results/models/multi-partial/coord_deeponet/predictions.npz,results/models/multi-partial/coord_deeponet/config.json
multi-partial,standard,coord_deeponet,acc,u,0.6483208745718002,results/models/multi-partial/coord_deeponet/metrics_standard.json,results/models/multi-partial/coord_deeponet/predictions.npz,results/models/multi-partial/coord_deeponet/config.json
multi-partial,standard,coord_deeponet,acc,v,0.635690587759018,results/models/multi-partial/coord_deeponet/metrics_standard.json,results/models/multi-partial/coord_deeponet/predictions.npz,results/models/multi-partial/coord_deeponet/config.json
multi-partial,standard,coord_deeponet,acc,asr,0.9953678250312805,results/models/multi-partial/coord_deeponet/metrics_standard.json,results/models/multi-partial/coord_deeponet/predictions.npz,results/models/multi-partial/coord_deeponet/config.json
multi-partial,standard,coord_deeponet,acc,olr,0.8534625172615051,results/models/multi-partial/coord_deeponet/metrics_standard.json,results/models/multi-partial/coord_deeponet/predictions.npz,results/models/multi-partial/coord_deeponet/config.json
multi-partial,standard,coord_deeponet,ramse,surface_temperature,13.206903457641602,results/models/multi-partial/coord_deeponet/metrics_standard.json,results/models/multi-partial/coord_deeponet/predictions.npz,results/models/multi-partial/coord_deeponet/config.json
multi-partial,standard,coord_deeponet,ramse,temperature,11.187759304046631,results/models/multi-partial/coord_deeponet/metrics_standard.json,results/models/multi-partial/coord_deeponet/predictions.npz,results/models/multi-partial/coord_deeponet/config.json
multi-partial,standard,coord_deeponet,ramse,specific_humidity_dex,0.560432830452919,results/models/multi-partial/coord_deeponet/metrics_standard.json,results/models/multi-partial/coord_deeponet/predictions.npz,results/models/multi-partial/coord_deeponet/config.json
multi-partial,standard,coord_deeponet,ramse,cloud_fraction,0.10765398591756821,results/models/multi-partial/coord_deeponet/metrics_standard.json,results/models/multi-partial/coord_deeponet/predictions.npz,results/models/multi-partial/coord_deeponet/config.json
multi-partial,standard,coord_deeponet,ramse,u,13.38787908554077,results/models/multi-partial/coord_deeponet/metrics_standard.json,results/models/multi-partial/coord_deeponet/predictions.npz,results/models/multi-partial/coord_deeponet/config.json
multi-partial,standard,coord_deeponet,ramse,v,6.126101446151734,results/models/multi-partial/coord_deeponet/metrics_standard.json,results/models/multi-partial/coord_deeponet/predictions.npz,results/models/multi-partial/coord_deeponet/config.json
multi-partial,standard,coord_deeponet,ramse,asr,32.128475189208984,results/models/multi-partial/coord_deeponet/metrics_standard.json,results/models/multi-partial/coord_deeponet/predictions.npz,results/models/multi-partial/coord_deeponet/config.json
multi-partial,standard,coord_deeponet,ramse,olr,20.944971084594727,results/models/multi-partial/coord_deeponet/metrics_standard.json,results/models/multi-partial/coord_deeponet/predictions.npz,results/models/multi-partial/coord_deeponet/config.json
multi-partial,shared_planets,coord_deeponet,relative_rmse,surface_temperature,1.0960519313812256,results/models/multi-partial/coord_deeponet/metrics_shared_planets.json,results/models/multi-partial/coord_deeponet/predictions_shared_planets.npz,results/models/multi-partial/coord_deeponet/config.json
multi-partial,shared_planets,coord_deeponet,relative_rmse,temperature,0.9624262452125549,results/models/multi-partial/coord_deeponet/metrics_shared_planets.json,results/models/multi-partial/coord_deeponet/predictions_shared_planets.npz,results/models/multi-partial/coord_deeponet/config.json
multi-partial,shared_planets,coord_deeponet,relative_rmse,specific_humidity_dex,0.873616099357605,results/models/multi-partial/coord_deeponet/metrics_shared_planets.json,results/models/multi-partial/coord_deeponet/predictions_shared_planets.npz,results/models/multi-partial/coord_deeponet/config.json
multi-partial,shared_planets,coord_deeponet,relative_rmse,cloud_fraction,0.6559427380561829,results/models/multi-partial/coord_deeponet/metrics_shared_planets.json,results/models/multi-partial/coord_deeponet/predictions_shared_planets.npz,results/models/multi-partial/coord_deeponet/config.json
multi-partial,shared_planets,coord_deeponet,relative_rmse,u,0.9059558510780334,results/models/multi-partial/coord_deeponet/metrics_shared_planets.json,results/models/multi-partial/coord_deeponet/predictions_shared_planets.npz,results/models/multi-partial/coord_deeponet/config.json
multi-partial,shared_planets,coord_deeponet,relative_rmse,v,0.9243284463882446,results/models/multi-partial/coord_deeponet/metrics_shared_planets.json,results/models/multi-partial/coord_deeponet/predictions_shared_planets.npz,results/models/multi-partial/coord_deeponet/config.json
multi-partial,shared_planets,coord_deeponet,relative_rmse,asr,0.8266519904136658,results/models/multi-partial/coord_deeponet/metrics_shared_planets.json,results/models/multi-partial/coord_deeponet/predictions_shared_planets.npz,results/models/multi-partial/coord_deeponet/config.json
multi-partial,shared_planets,coord_deeponet,relative_rmse,olr,0.8082030415534973,results/models/multi-partial/coord_deeponet/metrics_shared_planets.json,results/models/multi-partial/coord_deeponet/predictions_shared_planets.npz,results/models/multi-partial/coord_deeponet/config.json
multi-partial,shared_planets,coord_deeponet,relative_acc,surface_temperature,1.0192087888717651,results/models/multi-partial/coord_deeponet/metrics_shared_planets.json,results/models/multi-partial/coord_deeponet/predictions_shared_planets.npz,results/models/multi-partial/coord_deeponet/config.json
multi-partial,shared_planets,coord_deeponet,relative_acc,temperature,4.743343353271484,results/models/multi-partial/coord_deeponet/metrics_shared_planets.json,results/models/multi-partial/coord_deeponet/predictions_shared_planets.npz,results/models/multi-partial/coord_deeponet/config.json
multi-partial,shared_planets,coord_deeponet,relative_acc,specific_humidity_dex,1.2133747339248657,results/models/multi-partial/coord_deeponet/metrics_shared_planets.json,results/models/multi-partial/coord_deeponet/predictions_shared_planets.npz,results/models/multi-partial/coord_deeponet/config.json
multi-partial,shared_planets,coord_deeponet,relative_acc,cloud_fraction,1.3565950393676758,results/models/multi-partial/coord_deeponet/metrics_shared_planets.json,results/models/multi-partial/coord_deeponet/predictions_shared_planets.npz,results/models/multi-partial/coord_deeponet/config.json
multi-partial,shared_planets,coord_deeponet,relative_acc,u,3.0807816982269287,results/models/multi-partial/coord_deeponet/metrics_shared_planets.json,results/models/multi-partial/coord_deeponet/predictions_shared_planets.npz,results/models/multi-partial/coord_deeponet/config.json
multi-partial,shared_planets,coord_deeponet,relative_acc,v,1.2112518548965454,results/models/multi-partial/coord_deeponet/metrics_shared_planets.json,results/models/multi-partial/coord_deeponet/predictions_shared_planets.npz,results/models/multi-partial/coord_deeponet/config.json
multi-partial,shared_planets,coord_deeponet,relative_acc,asr,1.0039048194885254,results/models/multi-partial/coord_deeponet/metrics_shared_planets.json,results/models/multi-partial/coord_deeponet/predictions_shared_planets.npz,results/models/multi-partial/coord_deeponet/config.json
multi-partial,shared_planets,coord_deeponet,relative_acc,olr,1.118770718574524,results/models/multi-partial/coord_deeponet/metrics_shared_planets.json,results/models/multi-partial/coord_deeponet/predictions_shared_planets.npz,results/models/multi-partial/coord_deeponet/config.json
multi-partial,standard,coord_mlp,rmse,surface_temperature,17.184656143188477,results/models/multi-partial/coord_mlp/metrics_standard.json,results/models/multi-partial/coord_mlp/predictions.npz,results/models/multi-partial/coord_mlp/config.json
multi-partial,standard,coord_mlp,rmse,temperature,12.647778511047363,results/models/multi-partial/coord_mlp/metrics_standard.json,results/models/multi-partial/coord_mlp/predictions.npz,results/models/multi-partial/coord_mlp/config.json
multi-partial,standard,coord_mlp,rmse,specific_humidity_dex,0.6574239403009414,results/models/multi-partial/coord_mlp/metrics_standard.json,results/models/multi-partial/coord_mlp/predictions.npz,results/models/multi-partial/coord_mlp/config.json
multi-partial,standard,coord_mlp,rmse,cloud_fraction,0.10510501861572266,results/models/multi-partial/coord_mlp/metrics_standard.json,results/models/multi-partial/coord_mlp/predictions.npz,results/models/multi-partial/coord_mlp/config.json
multi-partial,standard,coord_mlp,rmse,u,12.21805682182312,results/models/multi-partial/coord_mlp/metrics_standard.json,results/models/multi-partial/coord_mlp/predictions.npz,results/models/multi-partial/coord_mlp/config.json
multi-partial,standard,coord_mlp,rmse,v,4.955683994293213,results/models/multi-partial/coord_mlp/metrics_standard.json,results/models/multi-partial/coord_mlp/predictions.npz,results/models/multi-partial/coord_mlp/config.json
multi-partial,standard,coord_mlp,rmse,asr,77.1313705444336,results/models/multi-partial/coord_mlp/metrics_standard.json,results/models/multi-partial/coord_mlp/predictions.npz,results/models/multi-partial/coord_mlp/config.json
multi-partial,standard,coord_mlp,rmse,olr,34.2557258605957,results/models/multi-partial/coord_mlp/metrics_standard.json,results/models/multi-partial/coord_mlp/predictions.npz,results/models/multi-partial/coord_mlp/config.json
multi-partial,standard,coord_mlp,acc,surface_temperature,0.9150043725967407,results/models/multi-partial/coord_mlp/metrics_standard.json,results/models/multi-partial/coord_mlp/predictions.npz,results/models/multi-partial/coord_mlp/config.json
multi-partial,standard,coord_mlp,acc,temperature,0.42928455024957657,results/models/multi-partial/coord_mlp/metrics_standard.json,results/models/multi-partial/coord_mlp/predictions.npz,results/models/multi-partial/coord_mlp/config.json
multi-partial,standard,coord_mlp,acc,specific_humidity_dex,0.6529234521090984,results/models/multi-partial/coord_mlp/metrics_standard.json,results/models/multi-partial/coord_mlp/predictions.npz,results/models/multi-partial/coord_mlp/config.json
multi-partial,standard,coord_mlp,acc,cloud_fraction,0.5608252748847008,results/models/multi-partial/coord_mlp/metrics_standard.json,results/models/multi-partial/coord_mlp/predictions.npz,results/models/multi-partial/coord_mlp/config.json
multi-partial,standard,coord_mlp,acc,u,0.5973645091056824,results/models/multi-partial/coord_mlp/metrics_standard.json,results/models/multi-partial/coord_mlp/predictions.npz,results/models/multi-partial/coord_mlp/config.json
multi-partial,standard,coord_mlp,acc,v,0.626079899072647,results/models/multi-partial/coord_mlp/metrics_standard.json,results/models/multi-partial/coord_mlp/predictions.npz,results/models/multi-partial/coord_mlp/config.json
multi-partial,standard,coord_mlp,acc,asr,0.9792116284370422,results/models/multi-partial/coord_mlp/metrics_standard.json,results/models/multi-partial/coord_mlp/predictions.npz,results/models/multi-partial/coord_mlp/config.json
multi-partial,standard,coord_mlp,acc,olr,0.6921651363372803,results/models/multi-partial/coord_mlp/metrics_standard.json,results/models/multi-partial/coord_mlp/predictions.npz,results/models/multi-partial/coord_mlp/config.json
multi-partial,standard,coord_mlp,ramse,surface_temperature,18.197097778320312,results/models/multi-partial/coord_mlp/metrics_standard.json,results/models/multi-partial/coord_mlp/predictions.npz,results/models/multi-partial/coord_mlp/config.json
multi-partial,standard,coord_mlp,ramse,temperature,13.495436668395996,results/models/multi-partial/coord_mlp/metrics_standard.json,results/models/multi-partial/coord_mlp/predictions.npz,results/models/multi-partial/coord_mlp/config.json
multi-partial,standard,coord_mlp,ramse,specific_humidity_dex,0.7048453539609909,results/models/multi-partial/coord_mlp/metrics_standard.json,results/models/multi-partial/coord_mlp/predictions.npz,results/models/multi-partial/coord_mlp/config.json
multi-partial,standard,coord_mlp,ramse,cloud_fraction,0.12889573499560356,results/models/multi-partial/coord_mlp/metrics_standard.json,results/models/multi-partial/coord_mlp/predictions.npz,results/models/multi-partial/coord_mlp/config.json
multi-partial,standard,coord_mlp,ramse,u,14.849170827865601,results/models/multi-partial/coord_mlp/metrics_standard.json,results/models/multi-partial/coord_mlp/predictions.npz,results/models/multi-partial/coord_mlp/config.json
multi-partial,standard,coord_mlp,ramse,v,5.992106413841247,results/models/multi-partial/coord_mlp/metrics_standard.json,results/models/multi-partial/coord_mlp/predictions.npz,results/models/multi-partial/coord_mlp/config.json
multi-partial,standard,coord_mlp,ramse,asr,81.76162719726562,results/models/multi-partial/coord_mlp/metrics_standard.json,results/models/multi-partial/coord_mlp/predictions.npz,results/models/multi-partial/coord_mlp/config.json
multi-partial,standard,coord_mlp,ramse,olr,37.80351638793945,results/models/multi-partial/coord_mlp/metrics_standard.json,results/models/multi-partial/coord_mlp/predictions.npz,results/models/multi-partial/coord_mlp/config.json
multi-partial,shared_planets,coord_mlp,relative_rmse,surface_temperature,1.350223422050476,results/models/multi-partial/coord_mlp/metrics_shared_planets.json,results/models/multi-partial/coord_mlp/predictions_shared_planets.npz,results/models/multi-partial/coord_mlp/config.json
multi-partial,shared_planets,coord_mlp,relative_rmse,temperature,1.027890920639038,results/models/multi-partial/coord_mlp/metrics_shared_planets.json,results/models/multi-partial/coord_mlp/predictions_shared_planets.npz,results/models/multi-partial/coord_mlp/config.json
multi-partial,shared_planets,coord_mlp,relative_rmse,specific_humidity_dex,1.076700210571289,results/models/multi-partial/coord_mlp/metrics_shared_planets.json,results/models/multi-partial/coord_mlp/predictions_shared_planets.npz,results/models/multi-partial/coord_mlp/config.json
multi-partial,shared_planets,coord_mlp,relative_rmse,cloud_fraction,0.7231675982475281,results/models/multi-partial/coord_mlp/metrics_shared_planets.json,results/models/multi-partial/coord_mlp/predictions_shared_planets.npz,results/models/multi-partial/coord_mlp/config.json
multi-partial,shared_planets,coord_mlp,relative_rmse,u,0.9496015906333923,results/models/multi-partial/coord_mlp/metrics_shared_planets.json,results/models/multi-partial/coord_mlp/predictions_shared_planets.npz,results/models/multi-partial/coord_mlp/config.json
multi-partial,shared_planets,coord_mlp,relative_rmse,v,0.8582485318183899,results/models/multi-partial/coord_mlp/metrics_shared_planets.json,results/models/multi-partial/coord_mlp/predictions_shared_planets.npz,results/models/multi-partial/coord_mlp/config.json
multi-partial,shared_planets,coord_mlp,relative_rmse,asr,2.094189167022705,results/models/multi-partial/coord_mlp/metrics_shared_planets.json,results/models/multi-partial/coord_mlp/predictions_shared_planets.npz,results/models/multi-partial/coord_mlp/config.json
multi-partial,shared_planets,coord_mlp,relative_rmse,olr,1.4310157299041748,results/models/multi-partial/coord_mlp/metrics_shared_planets.json,results/models/multi-partial/coord_mlp/predictions_shared_planets.npz,results/models/multi-partial/coord_mlp/config.json
multi-partial,shared_planets,coord_mlp,relative_acc,surface_temperature,0.9912832975387573,results/models/multi-partial/coord_mlp/metrics_shared_planets.json,results/models/multi-partial/coord_mlp/predictions_shared_planets.npz,results/models/multi-partial/coord_mlp/config.json
multi-partial,shared_planets,coord_mlp,relative_acc,temperature,4.219465255737305,results/models/multi-partial/coord_mlp/metrics_shared_planets.json,results/models/multi-partial/coord_mlp/predictions_shared_planets.npz,results/models/multi-partial/coord_mlp/config.json
multi-partial,shared_planets,coord_mlp,relative_acc,specific_humidity_dex,1.1056931018829346,results/models/multi-partial/coord_mlp/metrics_shared_planets.json,results/models/multi-partial/coord_mlp/predictions_shared_planets.npz,results/models/multi-partial/coord_mlp/config.json
multi-partial,shared_planets,coord_mlp,relative_acc,cloud_fraction,1.2853559255599976,results/models/multi-partial/coord_mlp/metrics_shared_planets.json,results/models/multi-partial/coord_mlp/predictions_shared_planets.npz,results/models/multi-partial/coord_mlp/config.json
multi-partial,shared_planets,coord_mlp,relative_acc,u,3.459827423095703,results/models/multi-partial/coord_mlp/metrics_shared_planets.json,results/models/multi-partial/coord_mlp/predictions_shared_planets.npz,results/models/multi-partial/coord_mlp/config.json
multi-partial,shared_planets,coord_mlp,relative_acc,v,1.1897345781326294,results/models/multi-partial/coord_mlp/metrics_shared_planets.json,results/models/multi-partial/coord_mlp/predictions_shared_planets.npz,results/models/multi-partial/coord_mlp/config.json
multi-partial,shared_planets,coord_mlp,relative_acc,asr,0.9869809746742249,results/models/multi-partial/coord_mlp/metrics_shared_planets.json,results/models/multi-partial/coord_mlp/predictions_shared_planets.npz,results/models/multi-partial/coord_mlp/config.json
multi-partial,shared_planets,coord_mlp,relative_acc,olr,0.9501544833183289,results/models/multi-partial/coord_mlp/metrics_shared_planets.json,results/models/multi-partial/coord_mlp/predictions_shared_planets.npz,results/models/multi-partial/coord_mlp/config.json
multi-partial,standard,gplfr,rmse,surface_temperature,9.826775550842285,results/models/multi-partial/gplfr/metrics_standard.json,results/models/multi-partial/gplfr/predictions.npz,results/models/multi-partial/gplfr/config.json
multi-partial,standard,gplfr,rmse,temperature,8.194123840332031,results/models/multi-partial/gplfr/metrics_standard.json,results/models/multi-partial/gplfr/predictions.npz,results/models/multi-partial/gplfr/config.json
multi-partial,standard,gplfr,rmse,specific_humidity_dex,0.4293355464935303,results/models/multi-partial/gplfr/metrics_standard.json,results/models/multi-partial/gplfr/predictions.npz,results/models/multi-partial/gplfr/config.json
multi-partial,standard,gplfr,rmse,cloud_fraction,0.07736995667219163,results/models/multi-partial/gplfr/metrics_standard.json,results/models/multi-partial/gplfr/predictions.npz,results/models/multi-partial/gplfr/config.json
multi-partial,standard,gplfr,rmse,u,9.448803877830505,results/models/multi-partial/gplfr/metrics_standard.json,results/models/multi-partial/gplfr/predictions.npz,results/models/multi-partial/gplfr/config.json
multi-partial,standard,gplfr,rmse,v,4.115927767753601,results/models/multi-partial/gplfr/metrics_standard.json,results/models/multi-partial/gplfr/predictions.npz,results/models/multi-partial/gplfr/config.json
multi-partial,standard,gplfr,rmse,asr,22.54296875,results/models/multi-partial/gplfr/metrics_standard.json,results/models/multi-partial/gplfr/predictions.npz,results/models/multi-partial/gplfr/config.json
multi-partial,standard,gplfr,rmse,olr,16.022092819213867,results/models/multi-partial/gplfr/metrics_standard.json,results/models/multi-partial/gplfr/predictions.npz,results/models/multi-partial/gplfr/config.json
multi-partial,standard,gplfr,acc,surface_temperature,0.9728075265884399,results/models/multi-partial/gplfr/metrics_standard.json,results/models/multi-partial/gplfr/predictions.npz,results/models/multi-partial/gplfr/config.json
multi-partial,standard,gplfr,acc,temperature,0.6897822171449661,results/models/multi-partial/gplfr/metrics_standard.json,results/models/multi-partial/gplfr/predictions.npz,results/models/multi-partial/gplfr/config.json
multi-partial,standard,gplfr,acc,specific_humidity_dex,0.7951019674539566,results/models/multi-partial/gplfr/metrics_standard.json,results/models/multi-partial/gplfr/predictions.npz,results/models/multi-partial/gplfr/config.json
multi-partial,standard,gplfr,acc,cloud_fraction,0.7134550720453262,results/models/multi-partial/gplfr/metrics_standard.json,results/models/multi-partial/gplfr/predictions.npz,results/models/multi-partial/gplfr/config.json
multi-partial,standard,gplfr,acc,u,0.730571860074997,results/models/multi-partial/gplfr/metrics_standard.json,results/models/multi-partial/gplfr/predictions.npz,results/models/multi-partial/gplfr/config.json
multi-partial,standard,gplfr,acc,v,0.7024211257696151,results/models/multi-partial/gplfr/metrics_standard.json,results/models/multi-partial/gplfr/predictions.npz,results/models/multi-partial/gplfr/config.json
multi-partial,standard,gplfr,acc,asr,0.9968134164810181,results/models/multi-partial/gplfr/metrics_standard.json,results/models/multi-partial/gplfr/predictions.npz,results/models/multi-partial/gplfr/config.json
multi-partial,standard,gplfr,acc,olr,0.8886244297027588,results/models/multi-partial/gplfr/metrics_standard.json,results/models/multi-partial/gplfr/predictions.npz,results/models/multi-partial/gplfr/config.json
multi-partial,standard,gplfr,ramse,surface_temperature,10.036452293395996,results/models/multi-partial/gplfr/metrics_standard.json,results/models/multi-partial/gplfr/predictions.npz,results/models/multi-partial/gplfr/config.json
multi-partial,standard,gplfr,ramse,temperature,8.498482751846314,results/models/multi-partial/gplfr/metrics_standard.json,results/models/multi-partial/gplfr/predictions.npz,results/models/multi-partial/gplfr/config.json
multi-partial,standard,gplfr,ramse,specific_humidity_dex,0.44650043547153473,results/models/multi-partial/gplfr/metrics_standard.json,results/models/multi-partial/gplfr/predictions.npz,results/models/multi-partial/gplfr/config.json
multi-partial,standard,gplfr,ramse,cloud_fraction,0.08905552104115486,results/models/multi-partial/gplfr/metrics_standard.json,results/models/multi-partial/gplfr/predictions.npz,results/models/multi-partial/gplfr/config.json
multi-partial,standard,gplfr,ramse,u,11.35906081199646,results/models/multi-partial/gplfr/metrics_standard.json,results/models/multi-partial/gplfr/predictions.npz,results/models/multi-partial/gplfr/config.json
multi-partial,standard,gplfr,ramse,v,4.9014819145202635,results/models/multi-partial/gplfr/metrics_standard.json,results/models/multi-partial/gplfr/predictions.npz,results/models/multi-partial/gplfr/config.json
multi-partial,standard,gplfr,ramse,asr,23.91234588623047,results/models/multi-partial/gplfr/metrics_standard.json,results/models/multi-partial/gplfr/predictions.npz,results/models/multi-partial/gplfr/config.json
multi-partial,standard,gplfr,ramse,olr,17.155488967895508,results/models/multi-partial/gplfr/metrics_standard.json,results/models/multi-partial/gplfr/predictions.npz,results/models/multi-partial/gplfr/config.json
multi-partial,standard,gplfr,energy_score,surface_temperature,7.90910530090332,results/models/multi-partial/gplfr/metrics_standard.json,results/models/multi-partial/gplfr/predictions.npz,results/models/multi-partial/gplfr/config.json
multi-partial,standard,gplfr,energy_score,temperature,6.6351536273956295,results/models/multi-partial/gplfr/metrics_standard.json,results/models/multi-partial/gplfr/predictions.npz,results/models/multi-partial/gplfr/config.json
multi-partial,standard,gplfr,energy_score,specific_humidity_dex,0.35568907409906386,results/models/multi-partial/gplfr/metrics_standard.json,results/models/multi-partial/gplfr/predictions.npz,results/models/multi-partial/gplfr/config.json
multi-partial,standard,gplfr,energy_score,cloud_fraction,0.05794317312538624,results/models/multi-partial/gplfr/metrics_standard.json,results/models/multi-partial/gplfr/predictions.npz,results/models/multi-partial/gplfr/config.json
multi-partial,standard,gplfr,energy_score,u,7.271187973022461,results/models/multi-partial/gplfr/metrics_standard.json,results/models/multi-partial/gplfr/predictions.npz,results/models/multi-partial/gplfr/config.json
multi-partial,standard,gplfr,energy_score,v,3.1579710602760316,results/models/multi-partial/gplfr/metrics_standard.json,results/models/multi-partial/gplfr/predictions.npz,results/models/multi-partial/gplfr/config.json
multi-partial,standard,gplfr,energy_score,asr,18.51345443725586,results/models/multi-partial/gplfr/metrics_standard.json,results/models/multi-partial/gplfr/predictions.npz,results/models/multi-partial/gplfr/config.json
multi-partial,standard,gplfr,energy_score,olr,12.562516212463379,results/models/multi-partial/gplfr/metrics_standard.json,results/models/multi-partial/gplfr/predictions.npz,results/models/multi-partial/gplfr/config.json
multi-partial,standard,gplfr,spread_skill_ratio,surface_temperature,1.0642178058624268,results/models/multi-partial/gplfr/metrics_standard.json,results/models/multi-partial/gplfr/predictions.npz,results/models/multi-partial/gplfr/config.json
multi-partial,standard,gplfr,spread_skill_ratio,temperature,1.01063072681427,results/models/multi-partial/gplfr/metrics_standard.json,results/models/multi-partial/gplfr/predictions.npz,results/models/multi-partial/gplfr/config.json
multi-partial,standard,gplfr,spread_skill_ratio,specific_humidity_dex,1.1446549773216248,results/models/multi-partial/gplfr/metrics_standard.json,results/models/multi-partial/gplfr/predictions.npz,results/models/multi-partial/gplfr/config.json
multi-partial,standard,gplfr,spread_skill_ratio,cloud_fraction,1.109632098674774,results/models/multi-partial/gplfr/metrics_standard.json,results/models/multi-partial/gplfr/predictions.npz,results/models/multi-partial/gplfr/config.json
multi-partial,standard,gplfr,spread_skill_ratio,u,0.6631669938564301,results/models/multi-partial/gplfr/metrics_standard.json,results/models/multi-partial/gplfr/predictions.npz,results/models/multi-partial/gplfr/config.json
multi-partial,standard,gplfr,spread_skill_ratio,v,0.8273179054260253,results/models/multi-partial/gplfr/metrics_standard.json,results/models/multi-partial/gplfr/predictions.npz,results/models/multi-partial/gplfr/config.json
multi-partial,standard,gplfr,spread_skill_ratio,asr,1.002403974533081,results/models/multi-partial/gplfr/metrics_standard.json,results/models/multi-partial/gplfr/predictions.npz,results/models/multi-partial/gplfr/config.json
multi-partial,standard,gplfr,spread_skill_ratio,olr,1.0307221412658691,results/models/multi-partial/gplfr/metrics_standard.json,results/models/multi-partial/gplfr/predictions.npz,results/models/multi-partial/gplfr/config.json
multi-partial,shared_planets,gplfr,relative_rmse,surface_temperature,0.7348847389221191,results/models/multi-partial/gplfr/metrics_shared_planets.json,results/models/multi-partial/gplfr/predictions_shared_planets.npz,results/models/multi-partial/gplfr/config.json
multi-partial,shared_planets,gplfr,relative_rmse,temperature,0.6664338707923889,results/models/multi-partial/gplfr/metrics_shared_planets.json,results/models/multi-partial/gplfr/predictions_shared_planets.npz,results/models/multi-partial/gplfr/config.json
multi-partial,shared_planets,gplfr,relative_rmse,specific_humidity_dex,0.66517174243927,results/models/multi-partial/gplfr/metrics_shared_planets.json,results/models/multi-partial/gplfr/predictions_shared_planets.npz,results/models/multi-partial/gplfr/config.json
multi-partial,shared_planets,gplfr,relative_rmse,cloud_fraction,0.5590317249298096,results/models/multi-partial/gplfr/metrics_shared_planets.json,results/models/multi-partial/gplfr/predictions_shared_planets.npz,results/models/multi-partial/gplfr/config.json
multi-partial,shared_planets,gplfr,relative_rmse,u,0.7610818147659302,results/models/multi-partial/gplfr/metrics_shared_planets.json,results/models/multi-partial/gplfr/predictions_shared_planets.npz,results/models/multi-partial/gplfr/config.json
multi-partial,shared_planets,gplfr,relative_rmse,v,0.7473699450492859,results/models/multi-partial/gplfr/metrics_shared_planets.json,results/models/multi-partial/gplfr/predictions_shared_planets.npz,results/models/multi-partial/gplfr/config.json
multi-partial,shared_planets,gplfr,relative_rmse,asr,0.5808218121528625,results/models/multi-partial/gplfr/metrics_shared_planets.json,results/models/multi-partial/gplfr/predictions_shared_planets.npz,results/models/multi-partial/gplfr/config.json
multi-partial,shared_planets,gplfr,relative_rmse,olr,0.6348080635070801,results/models/multi-partial/gplfr/metrics_shared_planets.json,results/models/multi-partial/gplfr/predictions_shared_planets.npz,results/models/multi-partial/gplfr/config.json
multi-partial,shared_planets,gplfr,relative_acc,surface_temperature,1.047177791595459,results/models/multi-partial/gplfr/metrics_shared_planets.json,results/models/multi-partial/gplfr/predictions_shared_planets.npz,results/models/multi-partial/gplfr/config.json
multi-partial,shared_planets,gplfr,relative_acc,temperature,5.136190891265869,results/models/multi-partial/gplfr/metrics_shared_planets.json,results/models/multi-partial/gplfr/predictions_shared_planets.npz,results/models/multi-partial/gplfr/config.json
multi-partial,shared_planets,gplfr,relative_acc,specific_humidity_dex,1.2985533475875854,results/models/multi-partial/gplfr/metrics_shared_planets.json,results/models/multi-partial/gplfr/predictions_shared_planets.npz,results/models/multi-partial/gplfr/config.json
multi-partial,shared_planets,gplfr,relative_acc,cloud_fraction,1.503434419631958,results/models/multi-partial/gplfr/metrics_shared_planets.json,results/models/multi-partial/gplfr/predictions_shared_planets.npz,results/models/multi-partial/gplfr/config.json
multi-partial,shared_planets,gplfr,relative_acc,u,3.61397385597229,results/models/multi-partial/gplfr/metrics_shared_planets.json,results/models/multi-partial/gplfr/predictions_shared_planets.npz,results/models/multi-partial/gplfr/config.json
multi-partial,shared_planets,gplfr,relative_acc,v,1.3620450496673584,results/models/multi-partial/gplfr/metrics_shared_planets.json,results/models/multi-partial/gplfr/predictions_shared_planets.npz,results/models/multi-partial/gplfr/config.json
multi-partial,shared_planets,gplfr,relative_acc,asr,1.0054055452346802,results/models/multi-partial/gplfr/metrics_shared_planets.json,results/models/multi-partial/gplfr/predictions_shared_planets.npz,results/models/multi-partial/gplfr/config.json
multi-partial,shared_planets,gplfr,relative_acc,olr,1.176120400428772,results/models/multi-partial/gplfr/metrics_shared_planets.json,results/models/multi-partial/gplfr/predictions_shared_planets.npz,results/models/multi-partial/gplfr/config.json
multi-partial,shared_planets,gplfr,relative_energy_score,surface_temperature,0.617218554019928,results/models/multi-partial/gplfr/metrics_shared_planets.json,results/models/multi-partial/gplfr/predictions_shared_planets.npz,results/models/multi-partial/gplfr/config.json
multi-partial,shared_planets,gplfr,relative_energy_score,temperature,0.5470758080482483,results/models/multi-partial/gplfr/metrics_shared_planets.json,results/models/multi-partial/gplfr/predictions_shared_planets.npz,results/models/multi-partial/gplfr/config.json
multi-partial,shared_planets,gplfr,relative_energy_score,specific_humidity_dex,0.557897686958313,results/models/multi-partial/gplfr/metrics_shared_planets.json,results/models/multi-partial/gplfr/predictions_shared_planets.npz,results/models/multi-partial/gplfr/config.json
multi-partial,shared_planets,gplfr,relative_energy_score,cloud_fraction,0.4141966998577118,results/models/multi-partial/gplfr/metrics_shared_planets.json,results/models/multi-partial/gplfr/predictions_shared_planets.npz,results/models/multi-partial/gplfr/config.json
multi-partial,shared_planets,gplfr,relative_energy_score,u,0.575628936290741,results/models/multi-partial/gplfr/metrics_shared_planets.json,results/models/multi-partial/gplfr/predictions_shared_planets.npz,results/models/multi-partial/gplfr/config.json
multi-partial,shared_planets,gplfr,relative_energy_score,v,0.5806031227111816,results/models/multi-partial/gplfr/metrics_shared_planets.json,results/models/multi-partial/gplfr/predictions_shared_planets.npz,results/models/multi-partial/gplfr/config.json
multi-partial,shared_planets,gplfr,relative_energy_score,asr,0.467658668756485,results/models/multi-partial/gplfr/metrics_shared_planets.json,results/models/multi-partial/gplfr/predictions_shared_planets.npz,results/models/multi-partial/gplfr/config.json
multi-partial,shared_planets,gplfr,relative_energy_score,olr,0.49742329120635986,results/models/multi-partial/gplfr/metrics_shared_planets.json,results/models/multi-partial/gplfr/predictions_shared_planets.npz,results/models/multi-partial/gplfr/config.json
multi-partial,standard,knn,rmse,surface_temperature,18.793922424316406,results/models/multi-partial/knn/metrics_standard.json,results/models/multi-partial/knn/predictions.npz,results/models/multi-partial/knn/config.json
multi-partial,standard,knn,rmse,temperature,14.661604309082032,results/models/multi-partial/knn/metrics_standard.json,results/models/multi-partial/knn/predictions.npz,results/models/multi-partial/knn/config.json
multi-partial,standard,knn,rmse,specific_humidity_dex,0.78364776968956,results/models/multi-partial/knn/metrics_standard.json,results/models/multi-partial/knn/predictions.npz,results/models/multi-partial/knn/config.json
multi-partial,standard,knn,rmse,cloud_fraction,0.09976855814456939,results/models/multi-partial/knn/metrics_standard.json,results/models/multi-partial/knn/predictions.npz,results/models/multi-partial/knn/config.json
multi-partial,standard,knn,rmse,u,10.92206826210022,results/models/multi-partial/knn/metrics_standard.json,results/models/multi-partial/knn/predictions.npz,results/models/multi-partial/knn/config.json
multi-partial,standard,knn,rmse,v,4.722093296051026,results/models/multi-partial/knn/metrics_standard.json,results/models/multi-partial/knn/predictions.npz,results/models/multi-partial/knn/config.json
multi-partial,standard,knn,rmse,asr,33.178287506103516,results/models/multi-partial/knn/metrics_standard.json,results/models/multi-partial/knn/predictions.npz,results/models/multi-partial/knn/config.json
multi-partial,standard,knn,rmse,olr,24.795509338378906,results/models/multi-partial/knn/metrics_standard.json,results/models/multi-partial/knn/predictions.npz,results/models/multi-partial/knn/config.json
multi-partial,standard,knn,acc,surface_temperature,0.9675062298774719,results/models/multi-partial/knn/metrics_standard.json,results/models/multi-partial/knn/predictions.npz,results/models/multi-partial/knn/config.json
multi-partial,standard,knn,acc,temperature,0.6342451572418213,results/models/multi-partial/knn/metrics_standard.json,results/models/multi-partial/knn/predictions.npz,results/models/multi-partial/knn/config.json
multi-partial,standard,knn,acc,specific_humidity_dex,0.7804919242858886,results/models/multi-partial/knn/metrics_standard.json,results/models/multi-partial/knn/predictions.npz,results/models/multi-partial/knn/config.json
multi-partial,standard,knn,acc,cloud_fraction,0.6347853392362595,results/models/multi-partial/knn/metrics_standard.json,results/models/multi-partial/knn/predictions.npz,results/models/multi-partial/knn/config.json
multi-partial,standard,knn,acc,u,0.6698642611503601,results/models/multi-partial/knn/metrics_standard.json,results/models/multi-partial/knn/predictions.npz,results/models/multi-partial/knn/config.json
multi-partial,standard,knn,acc,v,0.6648091018199921,results/models/multi-partial/knn/metrics_standard.json,results/models/multi-partial/knn/predictions.npz,results/models/multi-partial/knn/config.json
multi-partial,standard,knn,acc,asr,0.9949461221694946,results/models/multi-partial/knn/metrics_standard.json,results/models/multi-partial/knn/predictions.npz,results/models/multi-partial/knn/config.json
multi-partial,standard,knn,acc,olr,0.8153479099273682,results/models/multi-partial/knn/metrics_standard.json,results/models/multi-partial/knn/predictions.npz,results/models/multi-partial/knn/config.json
multi-partial,standard,knn,ramse,surface_temperature,19.070541381835938,results/models/multi-partial/knn/metrics_standard.json,results/models/multi-partial/knn/predictions.npz,results/models/multi-partial/knn/config.json
multi-partial,standard,knn,ramse,temperature,15.030132484436034,results/models/multi-partial/knn/metrics_standard.json,results/models/multi-partial/knn/predictions.npz,results/models/multi-partial/knn/config.json
multi-partial,standard,knn,ramse,specific_humidity_dex,0.7995890259742737,results/models/multi-partial/knn/metrics_standard.json,results/models/multi-partial/knn/predictions.npz,results/models/multi-partial/knn/config.json
multi-partial,standard,knn,ramse,cloud_fraction,0.1183881763368845,results/models/multi-partial/knn/metrics_standard.json,results/models/multi-partial/knn/predictions.npz,results/models/multi-partial/knn/config.json
multi-partial,standard,knn,ramse,u,13.241886520385743,results/models/multi-partial/knn/metrics_standard.json,results/models/multi-partial/knn/predictions.npz,results/models/multi-partial/knn/config.json
multi-partial,standard,knn,ramse,v,5.775532650947571,results/models/multi-partial/knn/metrics_standard.json,results/models/multi-partial/knn/predictions.npz,results/models/multi-partial/knn/config.json
multi-partial,standard,knn,ramse,asr,35.117374420166016,results/models/multi-partial/knn/metrics_standard.json,results/models/multi-partial/knn/predictions.npz,results/models/multi-partial/knn/config.json
multi-partial,standard,knn,ramse,olr,27.53128433227539,results/models/multi-partial/knn/metrics_standard.json,results/models/multi-partial/knn/predictions.npz,results/models/multi-partial/knn/config.json
multi-partial,shared_planets,knn,relative_rmse,surface_temperature,1.2825928926467896,results/models/multi-partial/knn/metrics_shared_planets.json,results/models/multi-partial/knn/predictions_shared_planets.npz,results/models/multi-partial/knn/config.json
multi-partial,shared_planets,knn,relative_rmse,temperature,1.2093088626861572,results/models/multi-partial/knn/metrics_shared_planets.json,results/models/multi-partial/knn/predictions_shared_planets.npz,results/models/multi-partial/knn/config.json
multi-partial,shared_planets,knn,relative_rmse,specific_humidity_dex,1.2468352317810059,results/models/multi-partial/knn/metrics_shared_planets.json,results/models/multi-partial/knn/predictions_shared_planets.npz,results/models/multi-partial/knn/config.json
multi-partial,shared_planets,knn,relative_rmse,cloud_fraction,0.7517367005348206,results/models/multi-partial/knn/metrics_shared_planets.json,results/models/multi-partial/knn/predictions_shared_planets.npz,results/models/multi-partial/knn/config.json
multi-partial,shared_planets,knn,relative_rmse,u,0.832310676574707,results/models/multi-partial/knn/metrics_shared_planets.json,results/models/multi-partial/knn/predictions_shared_planets.npz,results/models/multi-partial/knn/config.json
multi-partial,shared_planets,knn,relative_rmse,v,0.8283330202102661,results/models/multi-partial/knn/metrics_shared_planets.json,results/models/multi-partial/knn/predictions_shared_planets.npz,results/models/multi-partial/knn/config.json
multi-partial,shared_planets,knn,relative_rmse,asr,0.883643627166748,results/models/multi-partial/knn/metrics_shared_planets.json,results/models/multi-partial/knn/predictions_shared_planets.npz,results/models/multi-partial/knn/config.json
multi-partial,shared_planets,knn,relative_rmse,olr,1.0230122804641724,results/models/multi-partial/knn/metrics_shared_planets.json,results/models/multi-partial/knn/predictions_shared_planets.npz,results/models/multi-partial/knn/config.json
multi-partial,shared_planets,knn,relative_acc,surface_temperature,1.0435914993286133,results/models/multi-partial/knn/metrics_shared_planets.json,results/models/multi-partial/knn/predictions_shared_planets.npz,results/models/multi-partial/knn/config.json
multi-partial,shared_planets,knn,relative_acc,temperature,5.671046257019043,results/models/multi-partial/knn/metrics_shared_planets.json,results/models/multi-partial/knn/predictions_shared_planets.npz,results/models/multi-partial/knn/config.json
multi-partial,shared_planets,knn,relative_acc,specific_humidity_dex,1.3100757598876953,results/models/multi-partial/knn/metrics_shared_planets.json,results/models/multi-partial/knn/predictions_shared_planets.npz,results/models/multi-partial/knn/config.json
multi-partial,shared_planets,knn,relative_acc,cloud_fraction,1.3175597190856934,results/models/multi-partial/knn/metrics_shared_planets.json,results/models/multi-partial/knn/predictions_shared_planets.npz,results/models/multi-partial/knn/config.json
multi-partial,shared_planets,knn,relative_acc,u,3.629149913787842,results/models/multi-partial/knn/metrics_shared_planets.json,results/models/multi-partial/knn/predictions_shared_planets.npz,results/models/multi-partial/knn/config.json
multi-partial,shared_planets,knn,relative_acc,v,1.2472363710403442,results/models/multi-partial/knn/metrics_shared_planets.json,results/models/multi-partial/knn/predictions_shared_planets.npz,results/models/multi-partial/knn/config.json
multi-partial,shared_planets,knn,relative_acc,asr,1.003507375717163,results/models/multi-partial/knn/metrics_shared_planets.json,results/models/multi-partial/knn/predictions_shared_planets.npz,results/models/multi-partial/knn/config.json
multi-partial,shared_planets,knn,relative_acc,olr,1.0750585794448853,results/models/multi-partial/knn/metrics_shared_planets.json,results/models/multi-partial/knn/predictions_shared_planets.npz,results/models/multi-partial/knn/config.json
multi-partial,standard,pca_gbt,rmse,surface_temperature,11.870917320251465,results/models/multi-partial/pca_gbt/metrics_standard.json,results/models/multi-partial/pca_gbt/predictions.npz,results/models/multi-partial/pca_gbt/config.json
multi-partial,standard,pca_gbt,rmse,temperature,10.187142086029052,results/models/multi-partial/pca_gbt/metrics_standard.json,results/models/multi-partial/pca_gbt/predictions.npz,results/models/multi-partial/pca_gbt/config.json
multi-partial,standard,pca_gbt,rmse,specific_humidity_dex,0.537006801366806,results/models/multi-partial/pca_gbt/metrics_standard.json,results/models/multi-partial/pca_gbt/predictions.npz,results/models/multi-partial/pca_gbt/config.json
multi-partial,standard,pca_gbt,rmse,cloud_fraction,0.08875879421830177,results/models/multi-partial/pca_gbt/metrics_standard.json,results/models/multi-partial/pca_gbt/predictions.npz,results/models/multi-partial/pca_gbt/config.json
multi-partial,standard,pca_gbt,rmse,u,10.684427046775818,results/models/multi-partial/pca_gbt/metrics_standard.json,results/models/multi-partial/pca_gbt/predictions.npz,results/models/multi-partial/pca_gbt/config.json
multi-partial,standard,pca_gbt,rmse,v,4.811474704742432,results/models/multi-partial/pca_gbt/metrics_standard.json,results/models/multi-partial/pca_gbt/predictions.npz,results/models/multi-partial/pca_gbt/config.json
multi-partial,standard,pca_gbt,rmse,asr,27.16459083557129,results/models/multi-partial/pca_gbt/metrics_standard.json,results/models/multi-partial/pca_gbt/predictions.npz,results/models/multi-partial/pca_gbt/config.json
multi-partial,standard,pca_gbt,rmse,olr,19.15777015686035,results/models/multi-partial/pca_gbt/metrics_standard.json,results/models/multi-partial/pca_gbt/predictions.npz,results/models/multi-partial/pca_gbt/config.json
multi-partial,standard,pca_gbt,acc,surface_temperature,0.9643977880477905,results/models/multi-partial/pca_gbt/metrics_standard.json,results/models/multi-partial/pca_gbt/predictions.npz,results/models/multi-partial/pca_gbt/config.json
multi-partial,standard,pca_gbt,acc,temperature,0.5905296549201011,results/models/multi-partial/pca_gbt/metrics_standard.json,results/models/multi-partial/pca_gbt/predictions.npz,results/models/multi-partial/pca_gbt/config.json
multi-partial,standard,pca_gbt,acc,specific_humidity_dex,0.7551705807447433,results/models/multi-partial/pca_gbt/metrics_standard.json,results/models/multi-partial/pca_gbt/predictions.npz,results/models/multi-partial/pca_gbt/config.json
multi-partial,standard,pca_gbt,acc,cloud_fraction,0.662357023358345,results/models/multi-partial/pca_gbt/metrics_standard.json,results/models/multi-partial/pca_gbt/predictions.npz,results/models/multi-partial/pca_gbt/config.json
multi-partial,standard,pca_gbt,acc,u,0.6520624816417694,results/models/multi-partial/pca_gbt/metrics_standard.json,results/models/multi-partial/pca_gbt/predictions.npz,results/models/multi-partial/pca_gbt/config.json
multi-partial,standard,pca_gbt,acc,v,0.6304126977920532,results/models/multi-partial/pca_gbt/metrics_standard.json,results/models/multi-partial/pca_gbt/predictions.npz,results/models/multi-partial/pca_gbt/config.json
multi-partial,standard,pca_gbt,acc,asr,0.9960055351257324,results/models/multi-partial/pca_gbt/metrics_standard.json,results/models/multi-partial/pca_gbt/predictions.npz,results/models/multi-partial/pca_gbt/config.json
multi-partial,standard,pca_gbt,acc,olr,0.8602495193481445,results/models/multi-partial/pca_gbt/metrics_standard.json,results/models/multi-partial/pca_gbt/predictions.npz,results/models/multi-partial/pca_gbt/config.json
multi-partial,standard,pca_gbt,ramse,surface_temperature,12.149626731872559,results/models/multi-partial/pca_gbt/metrics_standard.json,results/models/multi-partial/pca_gbt/predictions.npz,results/models/multi-partial/pca_gbt/config.json
multi-partial,standard,pca_gbt,ramse,temperature,10.575212669372558,results/models/multi-partial/pca_gbt/metrics_standard.json,results/models/multi-partial/pca_gbt/predictions.npz,results/models/multi-partial/pca_gbt/config.json
multi-partial,standard,pca_gbt,ramse,specific_humidity_dex,0.5610202819108963,results/models/multi-partial/pca_gbt/metrics_standard.json,results/models/multi-partial/pca_gbt/predictions.npz,results/models/multi-partial/pca_gbt/config.json
multi-partial,standard,pca_gbt,ramse,cloud_fraction,0.10384241715073586,results/models/multi-partial/pca_gbt/metrics_standard.json,results/models/multi-partial/pca_gbt/predictions.npz,results/models/multi-partial/pca_gbt/config.json
multi-partial,standard,pca_gbt,ramse,u,13.120346736907958,results/models/multi-partial/pca_gbt/metrics_standard.json,results/models/multi-partial/pca_gbt/predictions.npz,results/models/multi-partial/pca_gbt/config.json
multi-partial,standard,pca_gbt,ramse,v,5.932850646972656,results/models/multi-partial/pca_gbt/metrics_standard.json,results/models/multi-partial/pca_gbt/predictions.npz,results/models/multi-partial/pca_gbt/config.json
multi-partial,standard,pca_gbt,ramse,asr,28.968496322631836,results/models/multi-partial/pca_gbt/metrics_standard.json,results/models/multi-partial/pca_gbt/predictions.npz,results/models/multi-partial/pca_gbt/config.json
multi-partial,standard,pca_gbt,ramse,olr,20.64192771911621,results/models/multi-partial/pca_gbt/metrics_standard.json,results/models/multi-partial/pca_gbt/predictions.npz,results/models/multi-partial/pca_gbt/config.json
multi-partial,shared_planets,pca_gbt,relative_rmse,surface_temperature,0.9619677066802979,results/models/multi-partial/pca_gbt/metrics_shared_planets.json,results/models/multi-partial/pca_gbt/predictions_shared_planets.npz,results/models/multi-partial/pca_gbt/config.json
multi-partial,shared_planets,pca_gbt,relative_rmse,temperature,0.9293258190155029,results/models/multi-partial/pca_gbt/metrics_shared_planets.json,results/models/multi-partial/pca_gbt/predictions_shared_planets.npz,results/models/multi-partial/pca_gbt/config.json
multi-partial,shared_planets,pca_gbt,relative_rmse,specific_humidity_dex,0.8836098909378052,results/models/multi-partial/pca_gbt/metrics_shared_planets.json,results/models/multi-partial/pca_gbt/predictions_shared_planets.npz,results/models/multi-partial/pca_gbt/config.json
multi-partial,shared_planets,pca_gbt,relative_rmse,cloud_fraction,0.6449089050292969,results/models/multi-partial/pca_gbt/metrics_shared_planets.json,results/models/multi-partial/pca_gbt/predictions_shared_planets.npz,results/models/multi-partial/pca_gbt/config.json
multi-partial,shared_planets,pca_gbt,relative_rmse,u,0.8777987957000732,results/models/multi-partial/pca_gbt/metrics_shared_planets.json,results/models/multi-partial/pca_gbt/predictions_shared_planets.npz,results/models/multi-partial/pca_gbt/config.json
multi-partial,shared_planets,pca_gbt,relative_rmse,v,0.8687546253204346,results/models/multi-partial/pca_gbt/metrics_shared_planets.json,results/models/multi-partial/pca_gbt/predictions_shared_planets.npz,results/models/multi-partial/pca_gbt/config.json
multi-partial,shared_planets,pca_gbt,relative_rmse,asr,0.7011507153511047,results/models/multi-partial/pca_gbt/metrics_shared_planets.json,results/models/multi-partial/pca_gbt/predictions_shared_planets.npz,results/models/multi-partial/pca_gbt/config.json
multi-partial,shared_planets,pca_gbt,relative_rmse,olr,0.7349663972854614,results/models/multi-partial/pca_gbt/metrics_shared_planets.json,results/models/multi-partial/pca_gbt/predictions_shared_planets.npz,results/models/multi-partial/pca_gbt/config.json
multi-partial,shared_planets,pca_gbt,relative_acc,surface_temperature,1.0380384922027588,results/models/multi-partial/pca_gbt/metrics_shared_planets.json,results/models/multi-partial/pca_gbt/predictions_shared_planets.npz,results/models/multi-partial/pca_gbt/config.json
multi-partial,shared_planets,pca_gbt,relative_acc,temperature,4.431608200073242,results/models/multi-partial/pca_gbt/metrics_shared_planets.json,results/models/multi-partial/pca_gbt/predictions_shared_planets.npz,results/models/multi-partial/pca_gbt/config.json
multi-partial,shared_planets,pca_gbt,relative_acc,specific_humidity_dex,1.232460618019104,results/models/multi-partial/pca_gbt/metrics_shared_planets.json,results/models/multi-partial/pca_gbt/predictions_shared_planets.npz,results/models/multi-partial/pca_gbt/config.json
multi-partial,shared_planets,pca_gbt,relative_acc,cloud_fraction,1.3884366750717163,results/models/multi-partial/pca_gbt/metrics_shared_planets.json,results/models/multi-partial/pca_gbt/predictions_shared_planets.npz,results/models/multi-partial/pca_gbt/config.json
multi-partial,shared_planets,pca_gbt,relative_acc,u,3.373417377471924,results/models/multi-partial/pca_gbt/metrics_shared_planets.json,results/models/multi-partial/pca_gbt/predictions_shared_planets.npz,results/models/multi-partial/pca_gbt/config.json
multi-partial,shared_planets,pca_gbt,relative_acc,v,1.1913450956344604,results/models/multi-partial/pca_gbt/metrics_shared_planets.json,results/models/multi-partial/pca_gbt/predictions_shared_planets.npz,results/models/multi-partial/pca_gbt/config.json
multi-partial,shared_planets,pca_gbt,relative_acc,asr,1.0048298835754395,results/models/multi-partial/pca_gbt/metrics_shared_planets.json,results/models/multi-partial/pca_gbt/predictions_shared_planets.npz,results/models/multi-partial/pca_gbt/config.json
multi-partial,shared_planets,pca_gbt,relative_acc,olr,1.1516889333724976,results/models/multi-partial/pca_gbt/metrics_shared_planets.json,results/models/multi-partial/pca_gbt/predictions_shared_planets.npz,results/models/multi-partial/pca_gbt/config.json
multi-partial,standard,pca_mlp,rmse,surface_temperature,12.399310111999512,results/models/multi-partial/pca_mlp/metrics_standard.json,results/models/multi-partial/pca_mlp/predictions.npz,results/models/multi-partial/pca_mlp/config.json
multi-partial,standard,pca_mlp,rmse,temperature,10.148998737335205,results/models/multi-partial/pca_mlp/metrics_standard.json,results/models/multi-partial/pca_mlp/predictions.npz,results/models/multi-partial/pca_mlp/config.json
multi-partial,standard,pca_mlp,rmse,specific_humidity_dex,0.527558696269989,results/models/multi-partial/pca_mlp/metrics_standard.json,results/models/multi-partial/pca_mlp/predictions.npz,results/models/multi-partial/pca_mlp/config.json
multi-partial,standard,pca_mlp,rmse,cloud_fraction,0.09034475050866604,results/models/multi-partial/pca_mlp/metrics_standard.json,results/models/multi-partial/pca_mlp/predictions.npz,results/models/multi-partial/pca_mlp/config.json
multi-partial,standard,pca_mlp,rmse,u,11.198612260818482,results/models/multi-partial/pca_mlp/metrics_standard.json,results/models/multi-partial/pca_mlp/predictions.npz,results/models/multi-partial/pca_mlp/config.json
multi-partial,standard,pca_mlp,rmse,v,4.653822708129883,results/models/multi-partial/pca_mlp/metrics_standard.json,results/models/multi-partial/pca_mlp/predictions.npz,results/models/multi-partial/pca_mlp/config.json
multi-partial,standard,pca_mlp,rmse,asr,26.90611457824707,results/models/multi-partial/pca_mlp/metrics_standard.json,results/models/multi-partial/pca_mlp/predictions.npz,results/models/multi-partial/pca_mlp/config.json
multi-partial,standard,pca_mlp,rmse,olr,19.07231903076172,results/models/multi-partial/pca_mlp/metrics_standard.json,results/models/multi-partial/pca_mlp/predictions.npz,results/models/multi-partial/pca_mlp/config.json
multi-partial,standard,pca_mlp,acc,surface_temperature,0.9512108564376831,results/models/multi-partial/pca_mlp/metrics_standard.json,results/models/multi-partial/pca_mlp/predictions.npz,results/models/multi-partial/pca_mlp/config.json
multi-partial,standard,pca_mlp,acc,temperature,0.6289445191621781,results/models/multi-partial/pca_mlp/metrics_standard.json,results/models/multi-partial/pca_mlp/predictions.npz,results/models/multi-partial/pca_mlp/config.json
multi-partial,standard,pca_mlp,acc,specific_humidity_dex,0.7623748347163201,results/models/multi-partial/pca_mlp/metrics_standard.json,results/models/multi-partial/pca_mlp/predictions.npz,results/models/multi-partial/pca_mlp/config.json
multi-partial,standard,pca_mlp,acc,cloud_fraction,0.6728346347808838,results/models/multi-partial/pca_mlp/metrics_standard.json,results/models/multi-partial/pca_mlp/predictions.npz,results/models/multi-partial/pca_mlp/config.json
multi-partial,standard,pca_mlp,acc,u,0.6672449141740799,results/models/multi-partial/pca_mlp/metrics_standard.json,results/models/multi-partial/pca_mlp/predictions.npz,results/models/multi-partial/pca_mlp/config.json
multi-partial,standard,pca_mlp,acc,v,0.6591102570295334,results/models/multi-partial/pca_mlp/metrics_standard.json,results/models/multi-partial/pca_mlp/predictions.npz,results/models/multi-partial/pca_mlp/config.json
multi-partial,standard,pca_mlp,acc,asr,0.9959985017776489,results/models/multi-partial/pca_mlp/metrics_standard.json,results/models/multi-partial/pca_mlp/predictions.npz,results/models/multi-partial/pca_mlp/config.json
multi-partial,standard,pca_mlp,acc,olr,0.8573113679885864,results/models/multi-partial/pca_mlp/metrics_standard.json,results/models/multi-partial/pca_mlp/predictions.npz,results/models/multi-partial/pca_mlp/config.json
multi-partial,standard,pca_mlp,ramse,surface_temperature,12.706315040588379,results/models/multi-partial/pca_mlp/metrics_standard.json,results/models/multi-partial/pca_mlp/predictions.npz,results/models/multi-partial/pca_mlp/config.json
multi-partial,standard,pca_mlp,ramse,temperature,10.537519168853759,results/models/multi-partial/pca_mlp/metrics_standard.json,results/models/multi-partial/pca_mlp/predictions.npz,results/models/multi-partial/pca_mlp/config.json
multi-partial,standard,pca_mlp,ramse,specific_humidity_dex,0.5489795982837677,results/models/multi-partial/pca_mlp/metrics_standard.json,results/models/multi-partial/pca_mlp/predictions.npz,results/models/multi-partial/pca_mlp/config.json
multi-partial,standard,pca_mlp,ramse,cloud_fraction,0.10517190136015415,results/models/multi-partial/pca_mlp/metrics_standard.json,results/models/multi-partial/pca_mlp/predictions.npz,results/models/multi-partial/pca_mlp/config.json
multi-partial,standard,pca_mlp,ramse,u,13.74472997188568,results/models/multi-partial/pca_mlp/metrics_standard.json,results/models/multi-partial/pca_mlp/predictions.npz,results/models/multi-partial/pca_mlp/config.json
multi-partial,standard,pca_mlp,ramse,v,5.610722517967224,results/models/multi-partial/pca_mlp/metrics_standard.json,results/models/multi-partial/pca_mlp/predictions.npz,results/models/multi-partial/pca_mlp/config.json
multi-partial,standard,pca_mlp,ramse,asr,28.73229217529297,results/models/multi-partial/pca_mlp/metrics_standard.json,results/models/multi-partial/pca_mlp/predictions.npz,results/models/multi-partial/pca_mlp/config.json
multi-partial,standard,pca_mlp,ramse,olr,20.67842674255371,results/models/multi-partial/pca_mlp/metrics_standard.json,results/models/multi-partial/pca_mlp/predictions.npz,results/models/multi-partial/pca_mlp/config.json
multi-partial,shared_planets,pca_mlp,relative_rmse,surface_temperature,1.0883054733276367,results/models/multi-partial/pca_mlp/metrics_shared_planets.json,results/models/multi-partial/pca_mlp/predictions_shared_planets.npz,results/models/multi-partial/pca_mlp/config.json
multi-partial,shared_planets,pca_mlp,relative_rmse,temperature,0.9425706267356873,results/models/multi-partial/pca_mlp/metrics_shared_planets.json,results/models/multi-partial/pca_mlp/predictions_shared_planets.npz,results/models/multi-partial/pca_mlp/config.json
multi-partial,shared_planets,pca_mlp,relative_rmse,specific_humidity_dex,0.8094886541366577,results/models/multi-partial/pca_mlp/metrics_shared_planets.json,results/models/multi-partial/pca_mlp/predictions_shared_planets.npz,results/models/multi-partial/pca_mlp/config.json
multi-partial,shared_planets,pca_mlp,relative_rmse,cloud_fraction,0.6392945051193237,results/models/multi-partial/pca_mlp/metrics_shared_planets.json,results/models/multi-partial/pca_mlp/predictions_shared_planets.npz,results/models/multi-partial/pca_mlp/config.json
multi-partial,shared_planets,pca_mlp,relative_rmse,u,0.9043076038360596,results/models/multi-partial/pca_mlp/metrics_shared_planets.json,results/models/multi-partial/pca_mlp/predictions_shared_planets.npz,results/models/multi-partial/pca_mlp/config.json
multi-partial,shared_planets,pca_mlp,relative_rmse,v,0.8243337869644165,results/models/multi-partial/pca_mlp/metrics_shared_planets.json,results/models/multi-partial/pca_mlp/predictions_shared_planets.npz,results/models/multi-partial/pca_mlp/config.json
multi-partial,shared_planets,pca_mlp,relative_rmse,asr,0.7221971154212952,results/models/multi-partial/pca_mlp/metrics_shared_planets.json,results/models/multi-partial/pca_mlp/predictions_shared_planets.npz,results/models/multi-partial/pca_mlp/config.json
multi-partial,shared_planets,pca_mlp,relative_rmse,olr,0.805866539478302,results/models/multi-partial/pca_mlp/metrics_shared_planets.json,results/models/multi-partial/pca_mlp/predictions_shared_planets.npz,results/models/multi-partial/pca_mlp/config.json
multi-partial,shared_planets,pca_mlp,relative_acc,surface_temperature,1.037928819656372,results/models/multi-partial/pca_mlp/metrics_shared_planets.json,results/models/multi-partial/pca_mlp/predictions_shared_planets.npz,results/models/multi-partial/pca_mlp/config.json
multi-partial,shared_planets,pca_mlp,relative_acc,temperature,4.534906387329102,results/models/multi-partial/pca_mlp/metrics_shared_planets.json,results/models/multi-partial/pca_mlp/predictions_shared_planets.npz,results/models/multi-partial/pca_mlp/config.json
multi-partial,shared_planets,pca_mlp,relative_acc,specific_humidity_dex,1.2565284967422485,results/models/multi-partial/pca_mlp/metrics_shared_planets.json,results/models/multi-partial/pca_mlp/predictions_shared_planets.npz,results/models/multi-partial/pca_mlp/config.json
multi-partial,shared_planets,pca_mlp,relative_acc,cloud_fraction,1.4125730991363525,results/models/multi-partial/pca_mlp/metrics_shared_planets.json,results/models/multi-partial/pca_mlp/predictions_shared_planets.npz,results/models/multi-partial/pca_mlp/config.json
multi-partial,shared_planets,pca_mlp,relative_acc,u,3.387207508087158,results/models/multi-partial/pca_mlp/metrics_shared_planets.json,results/models/multi-partial/pca_mlp/predictions_shared_planets.npz,results/models/multi-partial/pca_mlp/config.json
multi-partial,shared_planets,pca_mlp,relative_acc,v,1.2196730375289917,results/models/multi-partial/pca_mlp/metrics_shared_planets.json,results/models/multi-partial/pca_mlp/predictions_shared_planets.npz,results/models/multi-partial/pca_mlp/config.json
multi-partial,shared_planets,pca_mlp,relative_acc,asr,1.0048353672027588,results/models/multi-partial/pca_mlp/metrics_shared_planets.json,results/models/multi-partial/pca_mlp/predictions_shared_planets.npz,results/models/multi-partial/pca_mlp/config.json
multi-partial,shared_planets,pca_mlp,relative_acc,olr,1.1479265689849854,results/models/multi-partial/pca_mlp/metrics_shared_planets.json,results/models/multi-partial/pca_mlp/predictions_shared_planets.npz,results/models/multi-partial/pca_mlp/config.json
multi-partial,standard,pca_ridge,rmse,surface_temperature,16.5269832611084,results/models/multi-partial/pca_ridge/metrics_standard.json,results/models/multi-partial/pca_ridge/predictions.npz,results/models/multi-partial/pca_ridge/config.json
multi-partial,standard,pca_ridge,rmse,temperature,14.187188339233398,results/models/multi-partial/pca_ridge/metrics_standard.json,results/models/multi-partial/pca_ridge/predictions.npz,results/models/multi-partial/pca_ridge/config.json
multi-partial,standard,pca_ridge,rmse,specific_humidity_dex,0.6894884675741195,results/models/multi-partial/pca_ridge/metrics_standard.json,results/models/multi-partial/pca_ridge/predictions.npz,results/models/multi-partial/pca_ridge/config.json
multi-partial,standard,pca_ridge,rmse,cloud_fraction,0.10689832791686057,results/models/multi-partial/pca_ridge/metrics_standard.json,results/models/multi-partial/pca_ridge/predictions.npz,results/models/multi-partial/pca_ridge/config.json
multi-partial,standard,pca_ridge,rmse,u,13.038309288024902,results/models/multi-partial/pca_ridge/metrics_standard.json,results/models/multi-partial/pca_ridge/predictions.npz,results/models/multi-partial/pca_ridge/config.json
multi-partial,standard,pca_ridge,rmse,v,5.361840796470642,results/models/multi-partial/pca_ridge/metrics_standard.json,results/models/multi-partial/pca_ridge/predictions.npz,results/models/multi-partial/pca_ridge/config.json
multi-partial,standard,pca_ridge,rmse,asr,32.39564514160156,results/models/multi-partial/pca_ridge/metrics_standard.json,results/models/multi-partial/pca_ridge/predictions.npz,results/models/multi-partial/pca_ridge/config.json
multi-partial,standard,pca_ridge,rmse,olr,24.06399154663086,results/models/multi-partial/pca_ridge/metrics_standard.json,results/models/multi-partial/pca_ridge/predictions.npz,results/models/multi-partial/pca_ridge/config.json
multi-partial,standard,pca_ridge,acc,surface_temperature,0.9648683071136475,results/models/multi-partial/pca_ridge/metrics_standard.json,results/models/multi-partial/pca_ridge/predictions.npz,results/models/multi-partial/pca_ridge/config.json
multi-partial,standard,pca_ridge,acc,temperature,0.45899458408821375,results/models/multi-partial/pca_ridge/metrics_standard.json,results/models/multi-partial/pca_ridge/predictions.npz,results/models/multi-partial/pca_ridge/config.json
multi-partial,standard,pca_ridge,acc,specific_humidity_dex,0.74398243278265,results/models/multi-partial/pca_ridge/metrics_standard.json,results/models/multi-partial/pca_ridge/predictions.npz,results/models/multi-partial/pca_ridge/config.json
multi-partial,standard,pca_ridge,acc,cloud_fraction,0.6057067573070526,results/models/multi-partial/pca_ridge/metrics_standard.json,results/models/multi-partial/pca_ridge/predictions.npz,results/models/multi-partial/pca_ridge/config.json
multi-partial,standard,pca_ridge,acc,u,0.6023461252450943,results/models/multi-partial/pca_ridge/metrics_standard.json,results/models/multi-partial/pca_ridge/predictions.npz,results/models/multi-partial/pca_ridge/config.json
multi-partial,standard,pca_ridge,acc,v,0.6268795251846313,results/models/multi-partial/pca_ridge/metrics_standard.json,results/models/multi-partial/pca_ridge/predictions.npz,results/models/multi-partial/pca_ridge/config.json
multi-partial,standard,pca_ridge,acc,asr,0.9954798817634583,results/models/multi-partial/pca_ridge/metrics_standard.json,results/models/multi-partial/pca_ridge/predictions.npz,results/models/multi-partial/pca_ridge/config.json
multi-partial,standard,pca_ridge,acc,olr,0.8248118162155151,results/models/multi-partial/pca_ridge/metrics_standard.json,results/models/multi-partial/pca_ridge/predictions.npz,results/models/multi-partial/pca_ridge/config.json
multi-partial,standard,pca_ridge,ramse,surface_temperature,16.833587646484375,results/models/multi-partial/pca_ridge/metrics_standard.json,results/models/multi-partial/pca_ridge/predictions.npz,results/models/multi-partial/pca_ridge/config.json
multi-partial,standard,pca_ridge,ramse,temperature,14.60945987701416,results/models/multi-partial/pca_ridge/metrics_standard.json,results/models/multi-partial/pca_ridge/predictions.npz,results/models/multi-partial/pca_ridge/config.json
multi-partial,standard,pca_ridge,ramse,specific_humidity_dex,0.7124834448099137,results/models/multi-partial/pca_ridge/metrics_standard.json,results/models/multi-partial/pca_ridge/predictions.npz,results/models/multi-partial/pca_ridge/config.json
multi-partial,standard,pca_ridge,ramse,cloud_fraction,0.12474310100078582,results/models/multi-partial/pca_ridge/metrics_standard.json,results/models/multi-partial/pca_ridge/predictions.npz,results/models/multi-partial/pca_ridge/config.json
multi-partial,standard,pca_ridge,ramse,u,15.68069052696228,results/models/multi-partial/pca_ridge/metrics_standard.json,results/models/multi-partial/pca_ridge/predictions.npz,results/models/multi-partial/pca_ridge/config.json
multi-partial,standard,pca_ridge,ramse,v,6.493959212303162,results/models/multi-partial/pca_ridge/metrics_standard.json,results/models/multi-partial/pca_ridge/predictions.npz,results/models/multi-partial/pca_ridge/config.json
multi-partial,standard,pca_ridge,ramse,asr,34.28230285644531,results/models/multi-partial/pca_ridge/metrics_standard.json,results/models/multi-partial/pca_ridge/predictions.npz,results/models/multi-partial/pca_ridge/config.json
multi-partial,standard,pca_ridge,ramse,olr,26.050378799438477,results/models/multi-partial/pca_ridge/metrics_standard.json,results/models/multi-partial/pca_ridge/predictions.npz,results/models/multi-partial/pca_ridge/config.json
multi-partial,shared_planets,pca_ridge,relative_rmse,surface_temperature,1.307268500328064,results/models/multi-partial/pca_ridge/metrics_shared_planets.json,results/models/multi-partial/pca_ridge/predictions_shared_planets.npz,results/models/multi-partial/pca_ridge/config.json
multi-partial,shared_planets,pca_ridge,relative_rmse,temperature,1.1414148807525635,results/models/multi-partial/pca_ridge/metrics_shared_planets.json,results/models/multi-partial/pca_ridge/predictions_shared_planets.npz,results/models/multi-partial/pca_ridge/config.json
multi-partial,shared_planets,pca_ridge,relative_rmse,specific_humidity_dex,1.0610077381134033,results/models/multi-partial/pca_ridge/metrics_shared_planets.json,results/models/multi-partial/pca_ridge/predictions_shared_planets.npz,results/models/multi-partial/pca_ridge/config.json
multi-partial,shared_planets,pca_ridge,relative_rmse,cloud_fraction,0.7014668583869934,results/models/multi-partial/pca_ridge/metrics_shared_planets.json,results/models/multi-partial/pca_ridge/predictions_shared_planets.npz,results/models/multi-partial/pca_ridge/config.json
multi-partial,shared_planets,pca_ridge,relative_rmse,u,1.0483070611953735,results/models/multi-partial/pca_ridge/metrics_shared_planets.json,results/models/multi-partial/pca_ridge/predictions_shared_planets.npz,results/models/multi-partial/pca_ridge/config.json
multi-partial,shared_planets,pca_ridge,relative_rmse,v,0.937798261642456,results/models/multi-partial/pca_ridge/metrics_shared_planets.json,results/models/multi-partial/pca_ridge/predictions_shared_planets.npz,results/models/multi-partial/pca_ridge/config.json
multi-partial,shared_planets,pca_ridge,relative_rmse,asr,0.8091794848442078,results/models/multi-partial/pca_ridge/metrics_shared_planets.json,results/models/multi-partial/pca_ridge/predictions_shared_planets.npz,results/models/multi-partial/pca_ridge/config.json
multi-partial,shared_planets,pca_ridge,relative_rmse,olr,0.9775423407554626,results/models/multi-partial/pca_ridge/metrics_shared_planets.json,results/models/multi-partial/pca_ridge/predictions_shared_planets.npz,results/models/multi-partial/pca_ridge/config.json
multi-partial,shared_planets,pca_ridge,relative_acc,surface_temperature,1.0431180000305176,results/models/multi-partial/pca_ridge/metrics_shared_planets.json,results/models/multi-partial/pca_ridge/predictions_shared_planets.npz,results/models/multi-partial/pca_ridge/config.json
multi-partial,shared_planets,pca_ridge,relative_acc,temperature,4.0403008460998535,results/models/multi-partial/pca_ridge/metrics_shared_planets.json,results/models/multi-partial/pca_ridge/predictions_shared_planets.npz,results/models/multi-partial/pca_ridge/config.json
multi-partial,shared_planets,pca_ridge,relative_acc,specific_humidity_dex,1.2447069883346558,results/models/multi-partial/pca_ridge/metrics_shared_planets.json,results/models/multi-partial/pca_ridge/predictions_shared_planets.npz,results/models/multi-partial/pca_ridge/config.json
multi-partial,shared_planets,pca_ridge,relative_acc,cloud_fraction,1.3328642845153809,results/models/multi-partial/pca_ridge/metrics_shared_planets.json,results/models/multi-partial/pca_ridge/predictions_shared_planets.npz,results/models/multi-partial/pca_ridge/config.json
multi-partial,shared_planets,pca_ridge,relative_acc,u,3.3775012493133545,results/models/multi-partial/pca_ridge/metrics_shared_planets.json,results/models/multi-partial/pca_ridge/predictions_shared_planets.npz,results/models/multi-partial/pca_ridge/config.json
multi-partial,shared_planets,pca_ridge,relative_acc,v,1.2552789449691772,results/models/multi-partial/pca_ridge/metrics_shared_planets.json,results/models/multi-partial/pca_ridge/predictions_shared_planets.npz,results/models/multi-partial/pca_ridge/config.json
multi-partial,shared_planets,pca_ridge,relative_acc,asr,1.0047616958618164,results/models/multi-partial/pca_ridge/metrics_shared_planets.json,results/models/multi-partial/pca_ridge/predictions_shared_planets.npz,results/models/multi-partial/pca_ridge/config.json
multi-partial,shared_planets,pca_ridge,relative_acc,olr,1.1193106174468994,results/models/multi-partial/pca_ridge/metrics_shared_planets.json,results/models/multi-partial/pca_ridge/predictions_shared_planets.npz,results/models/multi-partial/pca_ridge/config.json
multi-partial,standard,ppca_icm,rmse,surface_temperature,10.085410118103027,results/models/multi-partial/ppca_icm/metrics_standard.json,results/models/multi-partial/ppca_icm/predictions.npz,results/models/multi-partial/ppca_icm/config.json
multi-partial,standard,ppca_icm,rmse,temperature,8.819560480117797,results/models/multi-partial/ppca_icm/metrics_standard.json,results/models/multi-partial/ppca_icm/predictions.npz,results/models/multi-partial/ppca_icm/config.json
multi-partial,standard,ppca_icm,rmse,specific_humidity_dex,0.44339416921138763,results/models/multi-partial/ppca_icm/metrics_standard.json,results/models/multi-partial/ppca_icm/predictions.npz,results/models/multi-partial/ppca_icm/config.json
multi-partial,standard,ppca_icm,rmse,cloud_fraction,0.08390743918716907,results/models/multi-partial/ppca_icm/metrics_standard.json,results/models/multi-partial/ppca_icm/predictions.npz,results/models/multi-partial/ppca_icm/config.json
multi-partial,standard,ppca_icm,rmse,u,9.630670046806335,results/models/multi-partial/ppca_icm/metrics_standard.json,results/models/multi-partial/ppca_icm/predictions.npz,results/models/multi-partial/ppca_icm/config.json
multi-partial,standard,ppca_icm,rmse,v,4.334003591537476,results/models/multi-partial/ppca_icm/metrics_standard.json,results/models/multi-partial/ppca_icm/predictions.npz,results/models/multi-partial/ppca_icm/config.json
multi-partial,standard,ppca_icm,rmse,asr,25.95606803894043,results/models/multi-partial/ppca_icm/metrics_standard.json,results/models/multi-partial/ppca_icm/predictions.npz,results/models/multi-partial/ppca_icm/config.json
multi-partial,standard,ppca_icm,rmse,olr,18.028194427490234,results/models/multi-partial/ppca_icm/metrics_standard.json,results/models/multi-partial/ppca_icm/predictions.npz,results/models/multi-partial/ppca_icm/config.json
multi-partial,standard,ppca_icm,acc,surface_temperature,0.9706354141235352,results/models/multi-partial/ppca_icm/metrics_standard.json,results/models/multi-partial/ppca_icm/predictions.npz,results/models/multi-partial/ppca_icm/config.json
multi-partial,standard,ppca_icm,acc,temperature,0.6278322696685791,results/models/multi-partial/ppca_icm/metrics_standard.json,results/models/multi-partial/ppca_icm/predictions.npz,results/models/multi-partial/ppca_icm/config.json
multi-partial,standard,ppca_icm,acc,specific_humidity_dex,0.7749673709273338,results/models/multi-partial/ppca_icm/metrics_standard.json,results/models/multi-partial/ppca_icm/predictions.npz,results/models/multi-partial/ppca_icm/config.json
multi-partial,standard,ppca_icm,acc,cloud_fraction,0.6897536635398864,results/models/multi-partial/ppca_icm/metrics_standard.json,results/models/multi-partial/ppca_icm/predictions.npz,results/models/multi-partial/ppca_icm/config.json
multi-partial,standard,ppca_icm,acc,u,0.6966657668352128,results/models/multi-partial/ppca_icm/metrics_standard.json,results/models/multi-partial/ppca_icm/predictions.npz,results/models/multi-partial/ppca_icm/config.json
multi-partial,standard,ppca_icm,acc,v,0.6729676514863968,results/models/multi-partial/ppca_icm/metrics_standard.json,results/models/multi-partial/ppca_icm/predictions.npz,results/models/multi-partial/ppca_icm/config.json
multi-partial,standard,ppca_icm,acc,asr,0.9961140155792236,results/models/multi-partial/ppca_icm/metrics_standard.json,results/models/multi-partial/ppca_icm/predictions.npz,results/models/multi-partial/ppca_icm/config.json
multi-partial,standard,ppca_icm,acc,olr,0.8727918863296509,results/models/multi-partial/ppca_icm/metrics_standard.json,results/models/multi-partial/ppca_icm/predictions.npz,results/models/multi-partial/ppca_icm/config.json
multi-partial,standard,ppca_icm,ramse,surface_temperature,10.381856918334961,results/models/multi-partial/ppca_icm/metrics_standard.json,results/models/multi-partial/ppca_icm/predictions.npz,results/models/multi-partial/ppca_icm/config.json
multi-partial,standard,ppca_icm,ramse,temperature,9.209255123138428,results/models/multi-partial/ppca_icm/metrics_standard.json,results/models/multi-partial/ppca_icm/predictions.npz,results/models/multi-partial/ppca_icm/config.json
multi-partial,standard,ppca_icm,ramse,specific_humidity_dex,0.46459989845752714,results/models/multi-partial/ppca_icm/metrics_standard.json,results/models/multi-partial/ppca_icm/predictions.npz,results/models/multi-partial/ppca_icm/config.json
multi-partial,standard,ppca_icm,ramse,cloud_fraction,0.09757967814803123,results/models/multi-partial/ppca_icm/metrics_standard.json,results/models/multi-partial/ppca_icm/predictions.npz,results/models/multi-partial/ppca_icm/config.json
multi-partial,standard,ppca_icm,ramse,u,11.483064675331116,results/models/multi-partial/ppca_icm/metrics_standard.json,results/models/multi-partial/ppca_icm/predictions.npz,results/models/multi-partial/ppca_icm/config.json
multi-partial,standard,ppca_icm,ramse,v,5.240771198272705,results/models/multi-partial/ppca_icm/metrics_standard.json,results/models/multi-partial/ppca_icm/predictions.npz,results/models/multi-partial/ppca_icm/config.json
multi-partial,standard,ppca_icm,ramse,asr,27.894737243652344,results/models/multi-partial/ppca_icm/metrics_standard.json,results/models/multi-partial/ppca_icm/predictions.npz,results/models/multi-partial/ppca_icm/config.json
multi-partial,standard,ppca_icm,ramse,olr,19.572938919067383,results/models/multi-partial/ppca_icm/metrics_standard.json,results/models/multi-partial/ppca_icm/predictions.npz,results/models/multi-partial/ppca_icm/config.json
multi-partial,standard,ppca_icm,energy_score,surface_temperature,7.839030742645264,results/models/multi-partial/ppca_icm/metrics_standard.json,results/models/multi-partial/ppca_icm/predictions.npz,results/models/multi-partial/ppca_icm/config.json
multi-partial,standard,ppca_icm,energy_score,temperature,6.915039873123169,results/models/multi-partial/ppca_icm/metrics_standard.json,results/models/multi-partial/ppca_icm/predictions.npz,results/models/multi-partial/ppca_icm/config.json
multi-partial,standard,ppca_icm,energy_score,specific_humidity_dex,0.3434823423624039,results/models/multi-partial/ppca_icm/metrics_standard.json,results/models/multi-partial/ppca_icm/predictions.npz,results/models/multi-partial/ppca_icm/config.json
multi-partial,standard,ppca_icm,energy_score,cloud_fraction,0.06775932535529136,results/models/multi-partial/ppca_icm/metrics_standard.json,results/models/multi-partial/ppca_icm/predictions.npz,results/models/multi-partial/ppca_icm/config.json
multi-partial,standard,ppca_icm,energy_score,u,8.01643636226654,results/models/multi-partial/ppca_icm/metrics_standard.json,results/models/multi-partial/ppca_icm/predictions.npz,results/models/multi-partial/ppca_icm/config.json
multi-partial,standard,ppca_icm,energy_score,v,3.5878576040267944,results/models/multi-partial/ppca_icm/metrics_standard.json,results/models/multi-partial/ppca_icm/predictions.npz,results/models/multi-partial/ppca_icm/config.json
multi-partial,standard,ppca_icm,energy_score,asr,20.80525779724121,results/models/multi-partial/ppca_icm/metrics_standard.json,results/models/multi-partial/ppca_icm/predictions.npz,results/models/multi-partial/ppca_icm/config.json
multi-partial,standard,ppca_icm,energy_score,olr,14.153382301330566,results/models/multi-partial/ppca_icm/metrics_standard.json,results/models/multi-partial/ppca_icm/predictions.npz,results/models/multi-partial/ppca_icm/config.json
multi-partial,standard,ppca_icm,spread_skill_ratio,surface_temperature,0.6791995763778687,results/models/multi-partial/ppca_icm/metrics_standard.json,results/models/multi-partial/ppca_icm/predictions.npz,results/models/multi-partial/ppca_icm/config.json
multi-partial,standard,ppca_icm,spread_skill_ratio,temperature,0.6202518224716187,results/models/multi-partial/ppca_icm/metrics_standard.json,results/models/multi-partial/ppca_icm/predictions.npz,results/models/multi-partial/ppca_icm/config.json
multi-partial,standard,ppca_icm,spread_skill_ratio,specific_humidity_dex,0.7408770740032196,results/models/multi-partial/ppca_icm/metrics_standard.json,results/models/multi-partial/ppca_icm/predictions.npz,results/models/multi-partial/ppca_icm/config.json
multi-partial,standard,ppca_icm,spread_skill_ratio,cloud_fraction,0.3951224863529205,results/models/multi-partial/ppca_icm/metrics_standard.json,results/models/multi-partial/ppca_icm/predictions.npz,results/models/multi-partial/ppca_icm/config.json
multi-partial,standard,ppca_icm,spread_skill_ratio,u,0.30952756106853485,results/models/multi-partial/ppca_icm/metrics_standard.json,results/models/multi-partial/ppca_icm/predictions.npz,results/models/multi-partial/ppca_icm/config.json
multi-partial,standard,ppca_icm,spread_skill_ratio,v,0.3722998291254044,results/models/multi-partial/ppca_icm/metrics_standard.json,results/models/multi-partial/ppca_icm/predictions.npz,results/models/multi-partial/ppca_icm/config.json
multi-partial,standard,ppca_icm,spread_skill_ratio,asr,0.38974976539611816,results/models/multi-partial/ppca_icm/metrics_standard.json,results/models/multi-partial/ppca_icm/predictions.npz,results/models/multi-partial/ppca_icm/config.json
multi-partial,standard,ppca_icm,spread_skill_ratio,olr,0.47776585817337036,results/models/multi-partial/ppca_icm/metrics_standard.json,results/models/multi-partial/ppca_icm/predictions.npz,results/models/multi-partial/ppca_icm/config.json
multi-partial,shared_planets,ppca_icm,relative_rmse,surface_temperature,0.9294688701629639,results/models/multi-partial/ppca_icm/metrics_shared_planets.json,results/models/multi-partial/ppca_icm/predictions_shared_planets.npz,results/models/multi-partial/ppca_icm/config.json
multi-partial,shared_planets,ppca_icm,relative_rmse,temperature,0.8295407295227051,results/models/multi-partial/ppca_icm/metrics_shared_planets.json,results/models/multi-partial/ppca_icm/predictions_shared_planets.npz,results/models/multi-partial/ppca_icm/config.json
multi-partial,shared_planets,ppca_icm,relative_rmse,specific_humidity_dex,0.7776010036468506,results/models/multi-partial/ppca_icm/metrics_shared_planets.json,results/models/multi-partial/ppca_icm/predictions_shared_planets.npz,results/models/multi-partial/ppca_icm/config.json
multi-partial,shared_planets,ppca_icm,relative_rmse,cloud_fraction,0.6280731558799744,results/models/multi-partial/ppca_icm/metrics_shared_planets.json,results/models/multi-partial/ppca_icm/predictions_shared_planets.npz,results/models/multi-partial/ppca_icm/config.json
multi-partial,shared_planets,ppca_icm,relative_rmse,u,0.7841795682907104,results/models/multi-partial/ppca_icm/metrics_shared_planets.json,results/models/multi-partial/ppca_icm/predictions_shared_planets.npz,results/models/multi-partial/ppca_icm/config.json
multi-partial,shared_planets,ppca_icm,relative_rmse,v,0.8015060424804688,results/models/multi-partial/ppca_icm/metrics_shared_planets.json,results/models/multi-partial/ppca_icm/predictions_shared_planets.npz,results/models/multi-partial/ppca_icm/config.json
multi-partial,shared_planets,ppca_icm,relative_rmse,asr,0.7114202380180359,results/models/multi-partial/ppca_icm/metrics_shared_planets.json,results/models/multi-partial/ppca_icm/predictions_shared_planets.npz,results/models/multi-partial/ppca_icm/config.json
multi-partial,shared_planets,ppca_icm,relative_rmse,olr,0.7714053988456726,results/models/multi-partial/ppca_icm/metrics_shared_planets.json,results/models/multi-partial/ppca_icm/predictions_shared_planets.npz,results/models/multi-partial/ppca_icm/config.json
multi-partial,shared_planets,ppca_icm,relative_acc,surface_temperature,1.0511250495910645,results/models/multi-partial/ppca_icm/metrics_shared_planets.json,results/models/multi-partial/ppca_icm/predictions_shared_planets.npz,results/models/multi-partial/ppca_icm/config.json
multi-partial,shared_planets,ppca_icm,relative_acc,temperature,5.322991371154785,results/models/multi-partial/ppca_icm/metrics_shared_planets.json,results/models/multi-partial/ppca_icm/predictions_shared_planets.npz,results/models/multi-partial/ppca_icm/config.json
multi-partial,shared_planets,ppca_icm,relative_acc,specific_humidity_dex,1.2877832651138306,results/models/multi-partial/ppca_icm/metrics_shared_planets.json,results/models/multi-partial/ppca_icm/predictions_shared_planets.npz,results/models/multi-partial/ppca_icm/config.json
multi-partial,shared_planets,ppca_icm,relative_acc,cloud_fraction,1.4577043056488037,results/models/multi-partial/ppca_icm/metrics_shared_planets.json,results/models/multi-partial/ppca_icm/predictions_shared_planets.npz,results/models/multi-partial/ppca_icm/config.json
multi-partial,shared_planets,ppca_icm,relative_acc,u,3.8907711505889893,results/models/multi-partial/ppca_icm/metrics_shared_planets.json,results/models/multi-partial/ppca_icm/predictions_shared_planets.npz,results/models/multi-partial/ppca_icm/config.json
multi-partial,shared_planets,ppca_icm,relative_acc,v,1.3114784955978394,results/models/multi-partial/ppca_icm/metrics_shared_planets.json,results/models/multi-partial/ppca_icm/predictions_shared_planets.npz,results/models/multi-partial/ppca_icm/config.json
multi-partial,shared_planets,ppca_icm,relative_acc,asr,1.0046628713607788,results/models/multi-partial/ppca_icm/metrics_shared_planets.json,results/models/multi-partial/ppca_icm/predictions_shared_planets.npz,results/models/multi-partial/ppca_icm/config.json
multi-partial,shared_planets,ppca_icm,relative_acc,olr,1.1528632640838623,results/models/multi-partial/ppca_icm/metrics_shared_planets.json,results/models/multi-partial/ppca_icm/predictions_shared_planets.npz,results/models/multi-partial/ppca_icm/config.json
multi-partial,shared_planets,ppca_icm,relative_energy_score,surface_temperature,0.721234142780304,results/models/multi-partial/ppca_icm/metrics_shared_planets.json,results/models/multi-partial/ppca_icm/predictions_shared_planets.npz,results/models/multi-partial/ppca_icm/config.json
multi-partial,shared_planets,ppca_icm,relative_energy_score,temperature,0.638553261756897,results/models/multi-partial/ppca_icm/metrics_shared_planets.json,results/models/multi-partial/ppca_icm/predictions_shared_planets.npz,results/models/multi-partial/ppca_icm/config.json
multi-partial,shared_planets,ppca_icm,relative_energy_score,specific_humidity_dex,0.5801811218261719,results/models/multi-partial/ppca_icm/metrics_shared_planets.json,results/models/multi-partial/ppca_icm/predictions_shared_planets.npz,results/models/multi-partial/ppca_icm/config.json
multi-partial,shared_planets,ppca_icm,relative_energy_score,cloud_fraction,0.5091177821159363,results/models/multi-partial/ppca_icm/metrics_shared_planets.json,results/models/multi-partial/ppca_icm/predictions_shared_planets.npz,results/models/multi-partial/ppca_icm/config.json
multi-partial,shared_planets,ppca_icm,relative_energy_score,u,0.6354302167892456,results/models/multi-partial/ppca_icm/metrics_shared_planets.json,results/models/multi-partial/ppca_icm/predictions_shared_planets.npz,results/models/multi-partial/ppca_icm/config.json
multi-partial,shared_planets,ppca_icm,relative_energy_score,v,0.6564686298370361,results/models/multi-partial/ppca_icm/metrics_shared_planets.json,results/models/multi-partial/ppca_icm/predictions_shared_planets.npz,results/models/multi-partial/ppca_icm/config.json
multi-partial,shared_planets,ppca_icm,relative_energy_score,asr,0.5653027892112732,results/models/multi-partial/ppca_icm/metrics_shared_planets.json,results/models/multi-partial/ppca_icm/predictions_shared_planets.npz,results/models/multi-partial/ppca_icm/config.json
multi-partial,shared_planets,ppca_icm,relative_energy_score,olr,0.6076940298080444,results/models/multi-partial/ppca_icm/metrics_shared_planets.json,results/models/multi-partial/ppca_icm/predictions_shared_planets.npz,results/models/multi-partial/ppca_icm/config.json
multi-partial,standard,sfno,rmse,surface_temperature,13.156966209411621,results/models/multi-partial/sfno/metrics_standard.json,results/models/multi-partial/sfno/predictions.npz,results/models/multi-partial/sfno/config.json
multi-partial,standard,sfno,rmse,temperature,10.78567123413086,results/models/multi-partial/sfno/metrics_standard.json,results/models/multi-partial/sfno/predictions.npz,results/models/multi-partial/sfno/config.json
multi-partial,standard,sfno,rmse,specific_humidity_dex,0.5312204658985138,results/models/multi-partial/sfno/metrics_standard.json,results/models/multi-partial/sfno/predictions.npz,results/models/multi-partial/sfno/config.json
multi-partial,standard,sfno,rmse,cloud_fraction,0.0850891750305891,results/models/multi-partial/sfno/metrics_standard.json,results/models/multi-partial/sfno/predictions.npz,results/models/multi-partial/sfno/config.json
multi-partial,standard,sfno,rmse,u,10.606792378425599,results/models/multi-partial/sfno/metrics_standard.json,results/models/multi-partial/sfno/predictions.npz,results/models/multi-partial/sfno/config.json
multi-partial,standard,sfno,rmse,v,4.283011484146118,results/models/multi-partial/sfno/metrics_standard.json,results/models/multi-partial/sfno/predictions.npz,results/models/multi-partial/sfno/config.json
multi-partial,standard,sfno,rmse,asr,32.38471221923828,results/models/multi-partial/sfno/metrics_standard.json,results/models/multi-partial/sfno/predictions.npz,results/models/multi-partial/sfno/config.json
multi-partial,standard,sfno,rmse,olr,18.706762313842773,results/models/multi-partial/sfno/metrics_standard.json,results/models/multi-partial/sfno/predictions.npz,results/models/multi-partial/sfno/config.json
multi-partial,standard,sfno,acc,surface_temperature,0.95804762840271,results/models/multi-partial/sfno/metrics_standard.json,results/models/multi-partial/sfno/predictions.npz,results/models/multi-partial/sfno/config.json
multi-partial,standard,sfno,acc,temperature,0.5227116018533706,results/models/multi-partial/sfno/metrics_standard.json,results/models/multi-partial/sfno/predictions.npz,results/models/multi-partial/sfno/config.json
multi-partial,standard,sfno,acc,specific_humidity_dex,0.716921928524971,results/models/multi-partial/sfno/metrics_standard.json,results/models/multi-partial/sfno/predictions.npz,results/models/multi-partial/sfno/config.json
multi-partial,standard,sfno,acc,cloud_fraction,0.6865214616060257,results/models/multi-partial/sfno/metrics_standard.json,results/models/multi-partial/sfno/predictions.npz,results/models/multi-partial/sfno/config.json
multi-partial,standard,sfno,acc,u,0.6820575267076492,results/models/multi-partial/sfno/metrics_standard.json,results/models/multi-partial/sfno/predictions.npz,results/models/multi-partial/sfno/config.json
multi-partial,standard,sfno,acc,v,0.6908194452524186,results/models/multi-partial/sfno/metrics_standard.json,results/models/multi-partial/sfno/predictions.npz,results/models/multi-partial/sfno/config.json
multi-partial,standard,sfno,acc,asr,0.9953799843788147,results/models/multi-partial/sfno/metrics_standard.json,results/models/multi-partial/sfno/predictions.npz,results/models/multi-partial/sfno/config.json
multi-partial,standard,sfno,acc,olr,0.8569254279136658,results/models/multi-partial/sfno/metrics_standard.json,results/models/multi-partial/sfno/predictions.npz,results/models/multi-partial/sfno/config.json
multi-partial,standard,sfno,ramse,surface_temperature,13.54281234741211,results/models/multi-partial/sfno/metrics_standard.json,results/models/multi-partial/sfno/predictions.npz,results/models/multi-partial/sfno/config.json
multi-partial,standard,sfno,ramse,temperature,11.52151403427124,results/models/multi-partial/sfno/metrics_standard.json,results/models/multi-partial/sfno/predictions.npz,results/models/multi-partial/sfno/config.json
multi-partial,standard,sfno,ramse,specific_humidity_dex,0.566435694694519,results/models/multi-partial/sfno/metrics_standard.json,results/models/multi-partial/sfno/predictions.npz,results/models/multi-partial/sfno/config.json
multi-partial,standard,sfno,ramse,cloud_fraction,0.09794064052402973,results/models/multi-partial/sfno/metrics_standard.json,results/models/multi-partial/sfno/predictions.npz,results/models/multi-partial/sfno/config.json
multi-partial,standard,sfno,ramse,u,12.696057105064392,results/models/multi-partial/sfno/metrics_standard.json,results/models/multi-partial/sfno/predictions.npz,results/models/multi-partial/sfno/config.json
multi-partial,standard,sfno,ramse,v,5.053560900688171,results/models/multi-partial/sfno/metrics_standard.json,results/models/multi-partial/sfno/predictions.npz,results/models/multi-partial/sfno/config.json
multi-partial,standard,sfno,ramse,asr,34.20325469970703,results/models/multi-partial/sfno/metrics_standard.json,results/models/multi-partial/sfno/predictions.npz,results/models/multi-partial/sfno/config.json
multi-partial,standard,sfno,ramse,olr,20.247047424316406,results/models/multi-partial/sfno/metrics_standard.json,results/models/multi-partial/sfno/predictions.npz,results/models/multi-partial/sfno/config.json
multi-partial,shared_planets,sfno,relative_rmse,surface_temperature,1.0557327270507812,results/models/multi-partial/sfno/metrics_shared_planets.json,results/models/multi-partial/sfno/predictions_shared_planets.npz,results/models/multi-partial/sfno/config.json
multi-partial,shared_planets,sfno,relative_rmse,temperature,0.9577412605285645,results/models/multi-partial/sfno/metrics_shared_planets.json,results/models/multi-partial/sfno/predictions_shared_planets.npz,results/models/multi-partial/sfno/config.json
multi-partial,shared_planets,sfno,relative_rmse,specific_humidity_dex,0.8211114406585693,results/models/multi-partial/sfno/metrics_shared_planets.json,results/models/multi-partial/sfno/predictions_shared_planets.npz,results/models/multi-partial/sfno/config.json
multi-partial,shared_planets,sfno,relative_rmse,cloud_fraction,0.6080504655838013,results/models/multi-partial/sfno/metrics_shared_planets.json,results/models/multi-partial/sfno/predictions_shared_planets.npz,results/models/multi-partial/sfno/config.json
multi-partial,shared_planets,sfno,relative_rmse,u,0.8742114305496216,results/models/multi-partial/sfno/metrics_shared_planets.json,results/models/multi-partial/sfno/predictions_shared_planets.npz,results/models/multi-partial/sfno/config.json
multi-partial,shared_planets,sfno,relative_rmse,v,0.7569305896759033,results/models/multi-partial/sfno/metrics_shared_planets.json,results/models/multi-partial/sfno/predictions_shared_planets.npz,results/models/multi-partial/sfno/config.json
multi-partial,shared_planets,sfno,relative_rmse,asr,0.8719761967658997,results/models/multi-partial/sfno/metrics_shared_planets.json,results/models/multi-partial/sfno/predictions_shared_planets.npz,results/models/multi-partial/sfno/config.json
multi-partial,shared_planets,sfno,relative_rmse,olr,0.775346577167511,results/models/multi-partial/sfno/metrics_shared_planets.json,results/models/multi-partial/sfno/predictions_shared_planets.npz,results/models/multi-partial/sfno/config.json
multi-partial,shared_planets,sfno,relative_acc,surface_temperature,1.0371503829956055,results/models/multi-partial/sfno/metrics_shared_planets.json,results/models/multi-partial/sfno/predictions_shared_planets.npz,results/models/multi-partial/sfno/config.json
multi-partial,shared_planets,sfno,relative_acc,temperature,4.272302627563477,results/models/multi-partial/sfno/metrics_shared_planets.json,results/models/multi-partial/sfno/predictions_shared_planets.npz,results/models/multi-partial/sfno/config.json
multi-partial,shared_planets,sfno,relative_acc,specific_humidity_dex,1.199336051940918,results/models/multi-partial/sfno/metrics_shared_planets.json,results/models/multi-partial/sfno/predictions_shared_planets.npz,results/models/multi-partial/sfno/config.json
multi-partial,shared_planets,sfno,relative_acc,cloud_fraction,1.471718668937683,results/models/multi-partial/sfno/metrics_shared_planets.json,results/models/multi-partial/sfno/predictions_shared_planets.npz,results/models/multi-partial/sfno/config.json
multi-partial,shared_planets,sfno,relative_acc,u,3.4797253608703613,results/models/multi-partial/sfno/metrics_shared_planets.json,results/models/multi-partial/sfno/predictions_shared_planets.npz,results/models/multi-partial/sfno/config.json
multi-partial,shared_planets,sfno,relative_acc,v,1.2824362516403198,results/models/multi-partial/sfno/metrics_shared_planets.json,results/models/multi-partial/sfno/predictions_shared_planets.npz,results/models/multi-partial/sfno/config.json
multi-partial,shared_planets,sfno,relative_acc,asr,1.0037715435028076,results/models/multi-partial/sfno/metrics_shared_planets.json,results/models/multi-partial/sfno/predictions_shared_planets.npz,results/models/multi-partial/sfno/config.json
multi-partial,shared_planets,sfno,relative_acc,olr,1.1313369274139404,results/models/multi-partial/sfno/metrics_shared_planets.json,results/models/multi-partial/sfno/predictions_shared_planets.npz,results/models/multi-partial/sfno/config.json
multi-partial,standard,train_mean,rmse,surface_temperature,24.52280044555664,results/models/multi-partial/train_mean/metrics_standard.json,results/models/multi-partial/train_mean/predictions.npz,results/models/multi-partial/train_mean/config.json
multi-partial,standard,train_mean,rmse,temperature,20.344562911987303,results/models/multi-partial/train_mean/metrics_standard.json,results/models/multi-partial/train_mean/predictions.npz,results/models/multi-partial/train_mean/config.json
multi-partial,standard,train_mean,rmse,specific_humidity_dex,1.118581771850586,results/models/multi-partial/train_mean/metrics_standard.json,results/models/multi-partial/train_mean/predictions.npz,results/models/multi-partial/train_mean/config.json
multi-partial,standard,train_mean,rmse,cloud_fraction,0.12770588397979737,results/models/multi-partial/train_mean/metrics_standard.json,results/models/multi-partial/train_mean/predictions.npz,results/models/multi-partial/train_mean/config.json
multi-partial,standard,train_mean,rmse,u,16.731809282302855,results/models/multi-partial/train_mean/metrics_standard.json,results/models/multi-partial/train_mean/predictions.npz,results/models/multi-partial/train_mean/config.json
multi-partial,standard,train_mean,rmse,v,6.565287446975708,results/models/multi-partial/train_mean/metrics_standard.json,results/models/multi-partial/train_mean/predictions.npz,results/models/multi-partial/train_mean/config.json
multi-partial,standard,train_mean,rmse,asr,58.98640060424805,results/models/multi-partial/train_mean/metrics_standard.json,results/models/multi-partial/train_mean/predictions.npz,results/models/multi-partial/train_mean/config.json
multi-partial,standard,train_mean,rmse,olr,40.980262756347656,results/models/multi-partial/train_mean/metrics_standard.json,results/models/multi-partial/train_mean/predictions.npz,results/models/multi-partial/train_mean/config.json
multi-partial,standard,train_mean,acc,surface_temperature,0.9412403106689453,results/models/multi-partial/train_mean/metrics_standard.json,results/models/multi-partial/train_mean/predictions.npz,results/models/multi-partial/train_mean/config.json
multi-partial,standard,train_mean,acc,temperature,0.39984707832336425,results/models/multi-partial/train_mean/metrics_standard.json,results/models/multi-partial/train_mean/predictions.npz,results/models/multi-partial/train_mean/config.json
multi-partial,standard,train_mean,acc,specific_humidity_dex,0.6824259459972382,results/models/multi-partial/train_mean/metrics_standard.json,results/models/multi-partial/train_mean/predictions.npz,results/models/multi-partial/train_mean/config.json
multi-partial,standard,train_mean,acc,cloud_fraction,0.5354751527309418,results/models/multi-partial/train_mean/metrics_standard.json,results/models/multi-partial/train_mean/predictions.npz,results/models/multi-partial/train_mean/config.json
multi-partial,standard,train_mean,acc,u,0.5284722447395325,results/models/multi-partial/train_mean/metrics_standard.json,results/models/multi-partial/train_mean/predictions.npz,results/models/multi-partial/train_mean/config.json
multi-partial,standard,train_mean,acc,v,0.5435263067483902,results/models/multi-partial/train_mean/metrics_standard.json,results/models/multi-partial/train_mean/predictions.npz,results/models/multi-partial/train_mean/config.json
multi-partial,standard,train_mean,acc,asr,0.9941542148590088,results/models/multi-partial/train_mean/metrics_standard.json,results/models/multi-partial/train_mean/predictions.npz,results/models/multi-partial/train_mean/config.json
multi-partial,standard,train_mean,acc,olr,0.7119371891021729,results/models/multi-partial/train_mean/metrics_standard.json,results/models/multi-partial/train_mean/predictions.npz,results/models/multi-partial/train_mean/config.json
multi-partial,standard,train_mean,ramse,surface_temperature,25.06821632385254,results/models/multi-partial/train_mean/metrics_standard.json,results/models/multi-partial/train_mean/predictions.npz,results/models/multi-partial/train_mean/config.json
multi-partial,standard,train_mean,ramse,temperature,20.869341087341308,results/models/multi-partial/train_mean/metrics_standard.json,results/models/multi-partial/train_mean/predictions.npz,results/models/multi-partial/train_mean/config.json
multi-partial,standard,train_mean,ramse,specific_humidity_dex,1.1507873833179474,results/models/multi-partial/train_mean/metrics_standard.json,results/models/multi-partial/train_mean/predictions.npz,results/models/multi-partial/train_mean/config.json
multi-partial,standard,train_mean,ramse,cloud_fraction,0.15112838000059128,results/models/multi-partial/train_mean/metrics_standard.json,results/models/multi-partial/train_mean/predictions.npz,results/models/multi-partial/train_mean/config.json
multi-partial,standard,train_mean,ramse,u,19.42385115623474,results/models/multi-partial/train_mean/metrics_standard.json,results/models/multi-partial/train_mean/predictions.npz,results/models/multi-partial/train_mean/config.json
multi-partial,standard,train_mean,ramse,v,8.279989051818848,results/models/multi-partial/train_mean/metrics_standard.json,results/models/multi-partial/train_mean/predictions.npz,results/models/multi-partial/train_mean/config.json
multi-partial,standard,train_mean,ramse,asr,61.180023193359375,results/models/multi-partial/train_mean/metrics_standard.json,results/models/multi-partial/train_mean/predictions.npz,results/models/multi-partial/train_mean/config.json
multi-partial,standard,train_mean,ramse,olr,43.84955596923828,results/models/multi-partial/train_mean/metrics_standard.json,results/models/multi-partial/train_mean/predictions.npz,results/models/multi-partial/train_mean/config.json
multi-partial,shared_planets,train_mean,relative_rmse,surface_temperature,1.679621934890747,results/models/multi-partial/train_mean/metrics_shared_planets.json,results/models/multi-partial/train_mean/predictions_shared_planets.npz,results/models/multi-partial/train_mean/config.json
multi-partial,shared_planets,train_mean,relative_rmse,temperature,1.6549971103668213,results/models/multi-partial/train_mean/metrics_shared_planets.json,results/models/multi-partial/train_mean/predictions_shared_planets.npz,results/models/multi-partial/train_mean/config.json
multi-partial,shared_planets,train_mean,relative_rmse,specific_humidity_dex,1.5151115655899048,results/models/multi-partial/train_mean/metrics_shared_planets.json,results/models/multi-partial/train_mean/predictions_shared_planets.npz,results/models/multi-partial/train_mean/config.json
multi-partial,shared_planets,train_mean,relative_rmse,cloud_fraction,0.8669055700302124,results/models/multi-partial/train_mean/metrics_shared_planets.json,results/models/multi-partial/train_mean/predictions_shared_planets.npz,results/models/multi-partial/train_mean/config.json
multi-partial,shared_planets,train_mean,relative_rmse,u,1.2647132873535156,results/models/multi-partial/train_mean/metrics_shared_planets.json,results/models/multi-partial/train_mean/predictions_shared_planets.npz,results/models/multi-partial/train_mean/config.json
multi-partial,shared_planets,train_mean,relative_rmse,v,1.2045772075653076,results/models/multi-partial/train_mean/metrics_shared_planets.json,results/models/multi-partial/train_mean/predictions_shared_planets.npz,results/models/multi-partial/train_mean/config.json
multi-partial,shared_planets,train_mean,relative_rmse,asr,1.3421084880828857,results/models/multi-partial/train_mean/metrics_shared_planets.json,results/models/multi-partial/train_mean/predictions_shared_planets.npz,results/models/multi-partial/train_mean/config.json
multi-partial,shared_planets,train_mean,relative_rmse,olr,1.5714470148086548,results/models/multi-partial/train_mean/metrics_shared_planets.json,results/models/multi-partial/train_mean/predictions_shared_planets.npz,results/models/multi-partial/train_mean/config.json
multi-partial,shared_planets,train_mean,relative_acc,surface_temperature,1.0251433849334717,results/models/multi-partial/train_mean/metrics_shared_planets.json,results/models/multi-partial/train_mean/predictions_shared_planets.npz,results/models/multi-partial/train_mean/config.json
multi-partial,shared_planets,train_mean,relative_acc,temperature,4.086145401000977,results/models/multi-partial/train_mean/metrics_shared_planets.json,results/models/multi-partial/train_mean/predictions_shared_planets.npz,results/models/multi-partial/train_mean/config.json
multi-partial,shared_planets,train_mean,relative_acc,specific_humidity_dex,1.1496903896331787,results/models/multi-partial/train_mean/metrics_shared_planets.json,results/models/multi-partial/train_mean/predictions_shared_planets.npz,results/models/multi-partial/train_mean/config.json
multi-partial,shared_planets,train_mean,relative_acc,cloud_fraction,1.1878652572631836,results/models/multi-partial/train_mean/metrics_shared_planets.json,results/models/multi-partial/train_mean/predictions_shared_planets.npz,results/models/multi-partial/train_mean/config.json
multi-partial,shared_planets,train_mean,relative_acc,u,2.8076937198638916,results/models/multi-partial/train_mean/metrics_shared_planets.json,results/models/multi-partial/train_mean/predictions_shared_planets.npz,results/models/multi-partial/train_mean/config.json
multi-partial,shared_planets,train_mean,relative_acc,v,1.0432521104812622,results/models/multi-partial/train_mean/metrics_shared_planets.json,results/models/multi-partial/train_mean/predictions_shared_planets.npz,results/models/multi-partial/train_mean/config.json
multi-partial,shared_planets,train_mean,relative_acc,asr,1.0037715435028076,results/models/multi-partial/train_mean/metrics_shared_planets.json,results/models/multi-partial/train_mean/predictions_shared_planets.npz,results/models/multi-partial/train_mean/config.json
multi-partial,shared_planets,train_mean,relative_acc,olr,0.9884036779403687,results/models/multi-partial/train_mean/metrics_shared_planets.json,results/models/multi-partial/train_mean/predictions_shared_planets.npz,results/models/multi-partial/train_mean/config.json
multi-complete,standard,conv_decoder,rmse,surface_temperature,12.685680389404297,results/models/multi-complete/conv_decoder/metrics_standard.json,results/models/multi-complete/conv_decoder/predictions.npz,results/models/multi-complete/conv_decoder/config.json
multi-complete,standard,conv_decoder,rmse,temperature,10.005623499552408,results/models/multi-complete/conv_decoder/metrics_standard.json,results/models/multi-complete/conv_decoder/predictions.npz,results/models/multi-complete/conv_decoder/config.json
multi-complete,standard,conv_decoder,rmse,specific_humidity_dex,0.5168581174479591,results/models/multi-complete/conv_decoder/metrics_standard.json,results/models/multi-complete/conv_decoder/predictions.npz,results/models/multi-complete/conv_decoder/config.json
multi-complete,standard,conv_decoder,rmse,cloud_fraction,0.085531794362598,results/models/multi-complete/conv_decoder/metrics_standard.json,results/models/multi-complete/conv_decoder/predictions.npz,results/models/multi-complete/conv_decoder/config.json
multi-complete,standard,conv_decoder,rmse,u,8.605425463782417,results/models/multi-complete/conv_decoder/metrics_standard.json,results/models/multi-complete/conv_decoder/predictions.npz,results/models/multi-complete/conv_decoder/config.json
multi-complete,standard,conv_decoder,rmse,v,4.112848944134182,results/models/multi-complete/conv_decoder/metrics_standard.json,results/models/multi-complete/conv_decoder/predictions.npz,results/models/multi-complete/conv_decoder/config.json
multi-complete,standard,conv_decoder,rmse,asr,36.59822463989258,results/models/multi-complete/conv_decoder/metrics_standard.json,results/models/multi-complete/conv_decoder/predictions.npz,results/models/multi-complete/conv_decoder/config.json
multi-complete,standard,conv_decoder,rmse,olr,17.667041778564453,results/models/multi-complete/conv_decoder/metrics_standard.json,results/models/multi-complete/conv_decoder/predictions.npz,results/models/multi-complete/conv_decoder/config.json
multi-complete,standard,conv_decoder,acc,surface_temperature,0.9361318349838257,results/models/multi-complete/conv_decoder/metrics_standard.json,results/models/multi-complete/conv_decoder/predictions.npz,results/models/multi-complete/conv_decoder/config.json
multi-complete,standard,conv_decoder,acc,temperature,0.5143472436401579,results/models/multi-complete/conv_decoder/metrics_standard.json,results/models/multi-complete/conv_decoder/predictions.npz,results/models/multi-complete/conv_decoder/config.json
multi-complete,standard,conv_decoder,acc,specific_humidity_dex,0.7084005276362101,results/models/multi-complete/conv_decoder/metrics_standard.json,results/models/multi-complete/conv_decoder/predictions.npz,results/models/multi-complete/conv_decoder/config.json
multi-complete,standard,conv_decoder,acc,cloud_fraction,0.7351050509346856,results/models/multi-complete/conv_decoder/metrics_standard.json,results/models/multi-complete/conv_decoder/predictions.npz,results/models/multi-complete/conv_decoder/config.json
multi-complete,standard,conv_decoder,acc,u,0.6996061835024092,results/models/multi-complete/conv_decoder/metrics_standard.json,results/models/multi-complete/conv_decoder/predictions.npz,results/models/multi-complete/conv_decoder/config.json
multi-complete,standard,conv_decoder,acc,v,0.6947195596165128,results/models/multi-complete/conv_decoder/metrics_standard.json,results/models/multi-complete/conv_decoder/predictions.npz,results/models/multi-complete/conv_decoder/config.json
multi-complete,standard,conv_decoder,acc,asr,0.9924069046974182,results/models/multi-complete/conv_decoder/metrics_standard.json,results/models/multi-complete/conv_decoder/predictions.npz,results/models/multi-complete/conv_decoder/config.json
multi-complete,standard,conv_decoder,acc,olr,0.8654709458351135,results/models/multi-complete/conv_decoder/metrics_standard.json,results/models/multi-complete/conv_decoder/predictions.npz,results/models/multi-complete/conv_decoder/config.json
multi-complete,standard,conv_decoder,ramse,surface_temperature,13.350198745727539,results/models/multi-complete/conv_decoder/metrics_standard.json,results/models/multi-complete/conv_decoder/predictions.npz,results/models/multi-complete/conv_decoder/config.json
multi-complete,standard,conv_decoder,ramse,temperature,11.156774838765463,results/models/multi-complete/conv_decoder/metrics_standard.json,results/models/multi-complete/conv_decoder/predictions.npz,results/models/multi-complete/conv_decoder/config.json
multi-complete,standard,conv_decoder,ramse,specific_humidity_dex,0.5697467890050676,results/models/multi-complete/conv_decoder/metrics_standard.json,results/models/multi-complete/conv_decoder/predictions.npz,results/models/multi-complete/conv_decoder/config.json
multi-complete,standard,conv_decoder,ramse,cloud_fraction,0.09917378011677,results/models/multi-complete/conv_decoder/metrics_standard.json,results/models/multi-complete/conv_decoder/predictions.npz,results/models/multi-complete/conv_decoder/config.json
multi-complete,standard,conv_decoder,ramse,u,10.271522124608358,results/models/multi-complete/conv_decoder/metrics_standard.json,results/models/multi-complete/conv_decoder/predictions.npz,results/models/multi-complete/conv_decoder/config.json
multi-complete,standard,conv_decoder,ramse,v,4.928381178114149,results/models/multi-complete/conv_decoder/metrics_standard.json,results/models/multi-complete/conv_decoder/predictions.npz,results/models/multi-complete/conv_decoder/config.json
multi-complete,standard,conv_decoder,ramse,asr,39.22679901123047,results/models/multi-complete/conv_decoder/metrics_standard.json,results/models/multi-complete/conv_decoder/predictions.npz,results/models/multi-complete/conv_decoder/config.json
multi-complete,standard,conv_decoder,ramse,olr,19.2075252532959,results/models/multi-complete/conv_decoder/metrics_standard.json,results/models/multi-complete/conv_decoder/predictions.npz,results/models/multi-complete/conv_decoder/config.json
multi-complete,shared_planets,conv_decoder,relative_rmse,surface_temperature,1.0051790475845337,results/models/multi-complete/conv_decoder/metrics_shared_planets.json,results/models/multi-complete/conv_decoder/predictions_shared_planets.npz,results/models/multi-complete/conv_decoder/config.json
multi-complete,shared_planets,conv_decoder,relative_rmse,temperature,0.8909575343132019,results/models/multi-complete/conv_decoder/metrics_shared_planets.json,results/models/multi-complete/conv_decoder/predictions_shared_planets.npz,results/models/multi-complete/conv_decoder/config.json
multi-complete,shared_planets,conv_decoder,relative_rmse,specific_humidity_dex,0.8979865312576294,results/models/multi-complete/conv_decoder/metrics_shared_planets.json,results/models/multi-complete/conv_decoder/predictions_shared_planets.npz,results/models/multi-complete/conv_decoder/config.json
multi-complete,shared_planets,conv_decoder,relative_rmse,cloud_fraction,0.5962003469467163,results/models/multi-complete/conv_decoder/metrics_shared_planets.json,results/models/multi-complete/conv_decoder/predictions_shared_planets.npz,results/models/multi-complete/conv_decoder/config.json
multi-complete,shared_planets,conv_decoder,relative_rmse,u,0.8018654584884644,results/models/multi-complete/conv_decoder/metrics_shared_planets.json,results/models/multi-complete/conv_decoder/predictions_shared_planets.npz,results/models/multi-complete/conv_decoder/config.json
multi-complete,shared_planets,conv_decoder,relative_rmse,v,0.7690966129302979,results/models/multi-complete/conv_decoder/metrics_shared_planets.json,results/models/multi-complete/conv_decoder/predictions_shared_planets.npz,results/models/multi-complete/conv_decoder/config.json
multi-complete,shared_planets,conv_decoder,relative_rmse,asr,1.0374778509140015,results/models/multi-complete/conv_decoder/metrics_shared_planets.json,results/models/multi-complete/conv_decoder/predictions_shared_planets.npz,results/models/multi-complete/conv_decoder/config.json
multi-complete,shared_planets,conv_decoder,relative_rmse,olr,0.7397777438163757,results/models/multi-complete/conv_decoder/metrics_shared_planets.json,results/models/multi-complete/conv_decoder/predictions_shared_planets.npz,results/models/multi-complete/conv_decoder/config.json
multi-complete,shared_planets,conv_decoder,relative_acc,surface_temperature,1.0101783275604248,results/models/multi-complete/conv_decoder/metrics_shared_planets.json,results/models/multi-complete/conv_decoder/predictions_shared_planets.npz,results/models/multi-complete/conv_decoder/config.json
multi-complete,shared_planets,conv_decoder,relative_acc,temperature,1.259542465209961,results/models/multi-complete/conv_decoder/metrics_shared_planets.json,results/models/multi-complete/conv_decoder/predictions_shared_planets.npz,results/models/multi-complete/conv_decoder/config.json
multi-complete,shared_planets,conv_decoder,relative_acc,specific_humidity_dex,1.0531730651855469,results/models/multi-complete/conv_decoder/metrics_shared_planets.json,results/models/multi-complete/conv_decoder/predictions_shared_planets.npz,results/models/multi-complete/conv_decoder/config.json
multi-complete,shared_planets,conv_decoder,relative_acc,cloud_fraction,1.3798331022262573,results/models/multi-complete/conv_decoder/metrics_shared_planets.json,results/models/multi-complete/conv_decoder/predictions_shared_planets.npz,results/models/multi-complete/conv_decoder/config.json
multi-complete,shared_planets,conv_decoder,relative_acc,u,4.340178966522217,results/models/multi-complete/conv_decoder/metrics_shared_planets.json,results/models/multi-complete/conv_decoder/predictions_shared_planets.npz,results/models/multi-complete/conv_decoder/config.json
multi-complete,shared_planets,conv_decoder,relative_acc,v,1.227585792541504,results/models/multi-complete/conv_decoder/metrics_shared_planets.json,results/models/multi-complete/conv_decoder/predictions_shared_planets.npz,results/models/multi-complete/conv_decoder/config.json
multi-complete,shared_planets,conv_decoder,relative_acc,asr,1.000024676322937,results/models/multi-complete/conv_decoder/metrics_shared_planets.json,results/models/multi-complete/conv_decoder/predictions_shared_planets.npz,results/models/multi-complete/conv_decoder/config.json
multi-complete,shared_planets,conv_decoder,relative_acc,olr,1.1218253374099731,results/models/multi-complete/conv_decoder/metrics_shared_planets.json,results/models/multi-complete/conv_decoder/predictions_shared_planets.npz,results/models/multi-complete/conv_decoder/config.json
multi-complete,standard,coord_deeponet,rmse,surface_temperature,10.37130069732666,results/models/multi-complete/coord_deeponet/metrics_standard.json,results/models/multi-complete/coord_deeponet/predictions.npz,results/models/multi-complete/coord_deeponet/config.json
multi-complete,standard,coord_deeponet,rmse,temperature,9.035245948367649,results/models/multi-complete/coord_deeponet/metrics_standard.json,results/models/multi-complete/coord_deeponet/predictions.npz,results/models/multi-complete/coord_deeponet/config.json
multi-complete,standard,coord_deeponet,rmse,specific_humidity_dex,0.4697661300500234,results/models/multi-complete/coord_deeponet/metrics_standard.json,results/models/multi-complete/coord_deeponet/predictions.npz,results/models/multi-complete/coord_deeponet/config.json
multi-complete,standard,coord_deeponet,rmse,cloud_fraction,0.09776144433352682,results/models/multi-complete/coord_deeponet/metrics_standard.json,results/models/multi-complete/coord_deeponet/predictions.npz,results/models/multi-complete/coord_deeponet/config.json
multi-complete,standard,coord_deeponet,rmse,u,9.30300529797872,results/models/multi-complete/coord_deeponet/metrics_standard.json,results/models/multi-complete/coord_deeponet/predictions.npz,results/models/multi-complete/coord_deeponet/config.json
multi-complete,standard,coord_deeponet,rmse,v,4.656042602327135,results/models/multi-complete/coord_deeponet/metrics_standard.json,results/models/multi-complete/coord_deeponet/predictions.npz,results/models/multi-complete/coord_deeponet/config.json
multi-complete,standard,coord_deeponet,rmse,asr,28.24137306213379,results/models/multi-complete/coord_deeponet/metrics_standard.json,results/models/multi-complete/coord_deeponet/predictions.npz,results/models/multi-complete/coord_deeponet/config.json
multi-complete,standard,coord_deeponet,rmse,olr,17.606109619140625,results/models/multi-complete/coord_deeponet/metrics_standard.json,results/models/multi-complete/coord_deeponet/predictions.npz,results/models/multi-complete/coord_deeponet/config.json
multi-complete,standard,coord_deeponet,acc,surface_temperature,0.9368625283241272,results/models/multi-complete/coord_deeponet/metrics_standard.json,results/models/multi-complete/coord_deeponet/predictions.npz,results/models/multi-complete/coord_deeponet/config.json
multi-complete,standard,coord_deeponet,acc,temperature,0.5867087443669637,results/models/multi-complete/coord_deeponet/metrics_standard.json,results/models/multi-complete/coord_deeponet/predictions.npz,results/models/multi-complete/coord_deeponet/config.json
multi-complete,standard,coord_deeponet,acc,specific_humidity_dex,0.7898882528146108,results/models/multi-complete/coord_deeponet/metrics_standard.json,results/models/multi-complete/coord_deeponet/predictions.npz,results/models/multi-complete/coord_deeponet/config.json
multi-complete,standard,coord_deeponet,acc,cloud_fraction,0.7007850805918375,results/models/multi-complete/coord_deeponet/metrics_standard.json,results/models/multi-complete/coord_deeponet/predictions.npz,results/models/multi-complete/coord_deeponet/config.json
multi-complete,standard,coord_deeponet,acc,u,0.6711871557765536,results/models/multi-complete/coord_deeponet/metrics_standard.json,results/models/multi-complete/coord_deeponet/predictions.npz,results/models/multi-complete/coord_deeponet/config.json
multi-complete,standard,coord_deeponet,acc,v,0.6532258954313066,results/models/multi-complete/coord_deeponet/metrics_standard.json,results/models/multi-complete/coord_deeponet/predictions.npz,results/models/multi-complete/coord_deeponet/config.json
multi-complete,standard,coord_deeponet,acc,asr,0.9955719113349915,results/models/multi-complete/coord_deeponet/metrics_standard.json,results/models/multi-complete/coord_deeponet/predictions.npz,results/models/multi-complete/coord_deeponet/config.json
multi-complete,standard,coord_deeponet,acc,olr,0.8595300316810608,results/models/multi-complete/coord_deeponet/metrics_standard.json,results/models/multi-complete/coord_deeponet/predictions.npz,results/models/multi-complete/coord_deeponet/config.json
multi-complete,standard,coord_deeponet,ramse,surface_temperature,10.8251314163208,results/models/multi-complete/coord_deeponet/metrics_standard.json,results/models/multi-complete/coord_deeponet/predictions.npz,results/models/multi-complete/coord_deeponet/config.json
multi-complete,standard,coord_deeponet,ramse,temperature,9.522112528483072,results/models/multi-complete/coord_deeponet/metrics_standard.json,results/models/multi-complete/coord_deeponet/predictions.npz,results/models/multi-complete/coord_deeponet/config.json
multi-complete,standard,coord_deeponet,ramse,specific_humidity_dex,0.4971320662233565,results/models/multi-complete/coord_deeponet/metrics_standard.json,results/models/multi-complete/coord_deeponet/predictions.npz,results/models/multi-complete/coord_deeponet/config.json
multi-complete,standard,coord_deeponet,ramse,cloud_fraction,0.11533254964484109,results/models/multi-complete/coord_deeponet/metrics_standard.json,results/models/multi-complete/coord_deeponet/predictions.npz,results/models/multi-complete/coord_deeponet/config.json
multi-complete,standard,coord_deeponet,ramse,u,11.28193802303738,results/models/multi-complete/coord_deeponet/metrics_standard.json,results/models/multi-complete/coord_deeponet/predictions.npz,results/models/multi-complete/coord_deeponet/config.json
multi-complete,standard,coord_deeponet,ramse,v,5.70873745282491,results/models/multi-complete/coord_deeponet/metrics_standard.json,results/models/multi-complete/coord_deeponet/predictions.npz,results/models/multi-complete/coord_deeponet/config.json
multi-complete,standard,coord_deeponet,ramse,asr,30.454919815063477,results/models/multi-complete/coord_deeponet/metrics_standard.json,results/models/multi-complete/coord_deeponet/predictions.npz,results/models/multi-complete/coord_deeponet/config.json
multi-complete,standard,coord_deeponet,ramse,olr,19.092266082763672,results/models/multi-complete/coord_deeponet/metrics_standard.json,results/models/multi-complete/coord_deeponet/predictions.npz,results/models/multi-complete/coord_deeponet/config.json
multi-complete,shared_planets,coord_deeponet,relative_rmse,surface_temperature,0.9118756055831909,results/models/multi-complete/coord_deeponet/metrics_shared_planets.json,results/models/multi-complete/coord_deeponet/predictions_shared_planets.npz,results/models/multi-complete/coord_deeponet/config.json
multi-complete,shared_planets,coord_deeponet,relative_rmse,temperature,0.9020148515701294,results/models/multi-complete/coord_deeponet/metrics_shared_planets.json,results/models/multi-complete/coord_deeponet/predictions_shared_planets.npz,results/models/multi-complete/coord_deeponet/config.json
multi-complete,shared_planets,coord_deeponet,relative_rmse,specific_humidity_dex,0.8127511143684387,results/models/multi-complete/coord_deeponet/metrics_shared_planets.json,results/models/multi-complete/coord_deeponet/predictions_shared_planets.npz,results/models/multi-complete/coord_deeponet/config.json
multi-complete,shared_planets,coord_deeponet,relative_rmse,cloud_fraction,0.6801203489303589,results/models/multi-complete/coord_deeponet/metrics_shared_planets.json,results/models/multi-complete/coord_deeponet/predictions_shared_planets.npz,results/models/multi-complete/coord_deeponet/config.json
multi-complete,shared_planets,coord_deeponet,relative_rmse,u,0.914879560470581,results/models/multi-complete/coord_deeponet/metrics_shared_planets.json,results/models/multi-complete/coord_deeponet/predictions_shared_planets.npz,results/models/multi-complete/coord_deeponet/config.json
multi-complete,shared_planets,coord_deeponet,relative_rmse,v,0.9246533513069153,results/models/multi-complete/coord_deeponet/metrics_shared_planets.json,results/models/multi-complete/coord_deeponet/predictions_shared_planets.npz,results/models/multi-complete/coord_deeponet/config.json
multi-complete,shared_planets,coord_deeponet,relative_rmse,asr,0.7331210970878601,results/models/multi-complete/coord_deeponet/metrics_shared_planets.json,results/models/multi-complete/coord_deeponet/predictions_shared_planets.npz,results/models/multi-complete/coord_deeponet/config.json
multi-complete,shared_planets,coord_deeponet,relative_rmse,olr,0.7175675630569458,results/models/multi-complete/coord_deeponet/metrics_shared_planets.json,results/models/multi-complete/coord_deeponet/predictions_shared_planets.npz,results/models/multi-complete/coord_deeponet/config.json
multi-complete,shared_planets,coord_deeponet,relative_acc,surface_temperature,1.0079567432403564,results/models/multi-complete/coord_deeponet/metrics_shared_planets.json,results/models/multi-complete/coord_deeponet/predictions_shared_planets.npz,results/models/multi-complete/coord_deeponet/config.json
multi-complete,shared_planets,coord_deeponet,relative_acc,temperature,1.4392434358596802,results/models/multi-complete/coord_deeponet/metrics_shared_planets.json,results/models/multi-complete/coord_deeponet/predictions_shared_planets.npz,results/models/multi-complete/coord_deeponet/config.json
multi-complete,shared_planets,coord_deeponet,relative_acc,specific_humidity_dex,1.1811755895614624,results/models/multi-complete/coord_deeponet/metrics_shared_planets.json,results/models/multi-complete/coord_deeponet/predictions_shared_planets.npz,results/models/multi-complete/coord_deeponet/config.json
multi-complete,shared_planets,coord_deeponet,relative_acc,cloud_fraction,1.317315936088562,results/models/multi-complete/coord_deeponet/metrics_shared_planets.json,results/models/multi-complete/coord_deeponet/predictions_shared_planets.npz,results/models/multi-complete/coord_deeponet/config.json
multi-complete,shared_planets,coord_deeponet,relative_acc,u,4.038216590881348,results/models/multi-complete/coord_deeponet/metrics_shared_planets.json,results/models/multi-complete/coord_deeponet/predictions_shared_planets.npz,results/models/multi-complete/coord_deeponet/config.json
multi-complete,shared_planets,coord_deeponet,relative_acc,v,1.1800442934036255,results/models/multi-complete/coord_deeponet/metrics_shared_planets.json,results/models/multi-complete/coord_deeponet/predictions_shared_planets.npz,results/models/multi-complete/coord_deeponet/config.json
multi-complete,shared_planets,coord_deeponet,relative_acc,asr,1.004269003868103,results/models/multi-complete/coord_deeponet/metrics_shared_planets.json,results/models/multi-complete/coord_deeponet/predictions_shared_planets.npz,results/models/multi-complete/coord_deeponet/config.json
multi-complete,shared_planets,coord_deeponet,relative_acc,olr,1.1330363750457764,results/models/multi-complete/coord_deeponet/metrics_shared_planets.json,results/models/multi-complete/coord_deeponet/predictions_shared_planets.npz,results/models/multi-complete/coord_deeponet/config.json
multi-complete,standard,coord_mlp,rmse,surface_temperature,16.7823486328125,results/models/multi-complete/coord_mlp/metrics_standard.json,results/models/multi-complete/coord_mlp/predictions.npz,results/models/multi-complete/coord_mlp/config.json
multi-complete,standard,coord_mlp,rmse,temperature,10.600563791063097,results/models/multi-complete/coord_mlp/metrics_standard.json,results/models/multi-complete/coord_mlp/predictions.npz,results/models/multi-complete/coord_mlp/config.json
multi-complete,standard,coord_mlp,rmse,specific_humidity_dex,0.6027427315711975,results/models/multi-complete/coord_mlp/metrics_standard.json,results/models/multi-complete/coord_mlp/predictions.npz,results/models/multi-complete/coord_mlp/config.json
multi-complete,standard,coord_mlp,rmse,cloud_fraction,0.10891962920626004,results/models/multi-complete/coord_mlp/metrics_standard.json,results/models/multi-complete/coord_mlp/predictions.npz,results/models/multi-complete/coord_mlp/config.json
multi-complete,standard,coord_mlp,rmse,u,10.164274295171102,results/models/multi-complete/coord_mlp/metrics_standard.json,results/models/multi-complete/coord_mlp/predictions.npz,results/models/multi-complete/coord_mlp/config.json
multi-complete,standard,coord_mlp,rmse,v,4.733104520373875,results/models/multi-complete/coord_mlp/metrics_standard.json,results/models/multi-complete/coord_mlp/predictions.npz,results/models/multi-complete/coord_mlp/config.json
multi-complete,standard,coord_mlp,rmse,asr,57.73263168334961,results/models/multi-complete/coord_mlp/metrics_standard.json,results/models/multi-complete/coord_mlp/predictions.npz,results/models/multi-complete/coord_mlp/config.json
multi-complete,standard,coord_mlp,rmse,olr,26.59894561767578,results/models/multi-complete/coord_mlp/metrics_standard.json,results/models/multi-complete/coord_mlp/predictions.npz,results/models/multi-complete/coord_mlp/config.json
multi-complete,standard,coord_mlp,acc,surface_temperature,0.9054863452911377,results/models/multi-complete/coord_mlp/metrics_standard.json,results/models/multi-complete/coord_mlp/predictions.npz,results/models/multi-complete/coord_mlp/config.json
multi-complete,standard,coord_mlp,acc,temperature,0.46530694100591874,results/models/multi-complete/coord_mlp/metrics_standard.json,results/models/multi-complete/coord_mlp/predictions.npz,results/models/multi-complete/coord_mlp/config.json
multi-complete,standard,coord_mlp,acc,specific_humidity_dex,0.674121446079678,results/models/multi-complete/coord_mlp/metrics_standard.json,results/models/multi-complete/coord_mlp/predictions.npz,results/models/multi-complete/coord_mlp/config.json
multi-complete,standard,coord_mlp,acc,cloud_fraction,0.6480442252424028,results/models/multi-complete/coord_mlp/metrics_standard.json,results/models/multi-complete/coord_mlp/predictions.npz,results/models/multi-complete/coord_mlp/config.json
multi-complete,standard,coord_mlp,acc,u,0.604392452372445,results/models/multi-complete/coord_mlp/metrics_standard.json,results/models/multi-complete/coord_mlp/predictions.npz,results/models/multi-complete/coord_mlp/config.json
multi-complete,standard,coord_mlp,acc,v,0.643330819076962,results/models/multi-complete/coord_mlp/metrics_standard.json,results/models/multi-complete/coord_mlp/predictions.npz,results/models/multi-complete/coord_mlp/config.json
multi-complete,standard,coord_mlp,acc,asr,0.9780742526054382,results/models/multi-complete/coord_mlp/metrics_standard.json,results/models/multi-complete/coord_mlp/predictions.npz,results/models/multi-complete/coord_mlp/config.json
multi-complete,standard,coord_mlp,acc,olr,0.732511579990387,results/models/multi-complete/coord_mlp/metrics_standard.json,results/models/multi-complete/coord_mlp/predictions.npz,results/models/multi-complete/coord_mlp/config.json
multi-complete,standard,coord_mlp,ramse,surface_temperature,17.90898323059082,results/models/multi-complete/coord_mlp/metrics_standard.json,results/models/multi-complete/coord_mlp/predictions.npz,results/models/multi-complete/coord_mlp/config.json
multi-complete,standard,coord_mlp,ramse,temperature,11.571197827657064,results/models/multi-complete/coord_mlp/metrics_standard.json,results/models/multi-complete/coord_mlp/predictions.npz,results/models/multi-complete/coord_mlp/config.json
multi-complete,standard,coord_mlp,ramse,specific_humidity_dex,0.6536069214344025,results/models/multi-complete/coord_mlp/metrics_standard.json,results/models/multi-complete/coord_mlp/predictions.npz,results/models/multi-complete/coord_mlp/config.json
multi-complete,standard,coord_mlp,ramse,cloud_fraction,0.1309261168870661,results/models/multi-complete/coord_mlp/metrics_standard.json,results/models/multi-complete/coord_mlp/predictions.npz,results/models/multi-complete/coord_mlp/config.json
multi-complete,standard,coord_mlp,ramse,u,12.02525912390815,results/models/multi-complete/coord_mlp/metrics_standard.json,results/models/multi-complete/coord_mlp/predictions.npz,results/models/multi-complete/coord_mlp/config.json
multi-complete,standard,coord_mlp,ramse,v,5.616615533828735,results/models/multi-complete/coord_mlp/metrics_standard.json,results/models/multi-complete/coord_mlp/predictions.npz,results/models/multi-complete/coord_mlp/config.json
multi-complete,standard,coord_mlp,ramse,asr,64.114013671875,results/models/multi-complete/coord_mlp/metrics_standard.json,results/models/multi-complete/coord_mlp/predictions.npz,results/models/multi-complete/coord_mlp/config.json
multi-complete,standard,coord_mlp,ramse,olr,29.680776596069336,results/models/multi-complete/coord_mlp/metrics_standard.json,results/models/multi-complete/coord_mlp/predictions.npz,results/models/multi-complete/coord_mlp/config.json
multi-complete,shared_planets,coord_mlp,relative_rmse,surface_temperature,1.3237911462783813,results/models/multi-complete/coord_mlp/metrics_shared_planets.json,results/models/multi-complete/coord_mlp/predictions_shared_planets.npz,results/models/multi-complete/coord_mlp/config.json
multi-complete,shared_planets,coord_mlp,relative_rmse,temperature,0.8964282870292664,results/models/multi-complete/coord_mlp/metrics_shared_planets.json,results/models/multi-complete/coord_mlp/predictions_shared_planets.npz,results/models/multi-complete/coord_mlp/config.json
multi-complete,shared_planets,coord_mlp,relative_rmse,specific_humidity_dex,0.9929633140563965,results/models/multi-complete/coord_mlp/metrics_shared_planets.json,results/models/multi-complete/coord_mlp/predictions_shared_planets.npz,results/models/multi-complete/coord_mlp/config.json
multi-complete,shared_planets,coord_mlp,relative_rmse,cloud_fraction,0.7114118933677673,results/models/multi-complete/coord_mlp/metrics_shared_planets.json,results/models/multi-complete/coord_mlp/predictions_shared_planets.npz,results/models/multi-complete/coord_mlp/config.json
multi-complete,shared_planets,coord_mlp,relative_rmse,u,0.9234021902084351,results/models/multi-complete/coord_mlp/metrics_shared_planets.json,results/models/multi-complete/coord_mlp/predictions_shared_planets.npz,results/models/multi-complete/coord_mlp/config.json
multi-complete,shared_planets,coord_mlp,relative_rmse,v,0.9219703078269958,results/models/multi-complete/coord_mlp/metrics_shared_planets.json,results/models/multi-complete/coord_mlp/predictions_shared_planets.npz,results/models/multi-complete/coord_mlp/config.json
multi-complete,shared_planets,coord_mlp,relative_rmse,asr,1.5140979290008545,results/models/multi-complete/coord_mlp/metrics_shared_planets.json,results/models/multi-complete/coord_mlp/predictions_shared_planets.npz,results/models/multi-complete/coord_mlp/config.json
multi-complete,shared_planets,coord_mlp,relative_rmse,olr,1.099442958831787,results/models/multi-complete/coord_mlp/metrics_shared_planets.json,results/models/multi-complete/coord_mlp/predictions_shared_planets.npz,results/models/multi-complete/coord_mlp/config.json
multi-complete,shared_planets,coord_mlp,relative_acc,surface_temperature,0.9728449583053589,results/models/multi-complete/coord_mlp/metrics_shared_planets.json,results/models/multi-complete/coord_mlp/predictions_shared_planets.npz,results/models/multi-complete/coord_mlp/config.json
multi-complete,shared_planets,coord_mlp,relative_acc,temperature,1.1905547380447388,results/models/multi-complete/coord_mlp/metrics_shared_planets.json,results/models/multi-complete/coord_mlp/predictions_shared_planets.npz,results/models/multi-complete/coord_mlp/config.json
multi-complete,shared_planets,coord_mlp,relative_acc,specific_humidity_dex,1.014419674873352,results/models/multi-complete/coord_mlp/metrics_shared_planets.json,results/models/multi-complete/coord_mlp/predictions_shared_planets.npz,results/models/multi-complete/coord_mlp/config.json
multi-complete,shared_planets,coord_mlp,relative_acc,cloud_fraction,1.2910958528518677,results/models/multi-complete/coord_mlp/metrics_shared_planets.json,results/models/multi-complete/coord_mlp/predictions_shared_planets.npz,results/models/multi-complete/coord_mlp/config.json
multi-complete,shared_planets,coord_mlp,relative_acc,u,4.38097620010376,results/models/multi-complete/coord_mlp/metrics_shared_planets.json,results/models/multi-complete/coord_mlp/predictions_shared_planets.npz,results/models/multi-complete/coord_mlp/config.json
multi-complete,shared_planets,coord_mlp,relative_acc,v,1.1332173347473145,results/models/multi-complete/coord_mlp/metrics_shared_planets.json,results/models/multi-complete/coord_mlp/predictions_shared_planets.npz,results/models/multi-complete/coord_mlp/config.json
multi-complete,shared_planets,coord_mlp,relative_acc,asr,0.9869126677513123,results/models/multi-complete/coord_mlp/metrics_shared_planets.json,results/models/multi-complete/coord_mlp/predictions_shared_planets.npz,results/models/multi-complete/coord_mlp/config.json
multi-complete,shared_planets,coord_mlp,relative_acc,olr,1.0127254724502563,results/models/multi-complete/coord_mlp/metrics_shared_planets.json,results/models/multi-complete/coord_mlp/predictions_shared_planets.npz,results/models/multi-complete/coord_mlp/config.json
multi-complete,standard,gplfr,rmse,surface_temperature,9.730849266052246,results/models/multi-complete/gplfr/metrics_standard.json,results/models/multi-complete/gplfr/predictions.npz,results/models/multi-complete/gplfr/config.json
multi-complete,standard,gplfr,rmse,temperature,8.144811312357584,results/models/multi-complete/gplfr/metrics_standard.json,results/models/multi-complete/gplfr/predictions.npz,results/models/multi-complete/gplfr/config.json
multi-complete,standard,gplfr,rmse,specific_humidity_dex,0.40335754884613884,results/models/multi-complete/gplfr/metrics_standard.json,results/models/multi-complete/gplfr/predictions.npz,results/models/multi-complete/gplfr/config.json
multi-complete,standard,gplfr,rmse,cloud_fraction,0.08173966283599536,results/models/multi-complete/gplfr/metrics_standard.json,results/models/multi-complete/gplfr/predictions.npz,results/models/multi-complete/gplfr/config.json
multi-complete,standard,gplfr,rmse,u,8.192544539769491,results/models/multi-complete/gplfr/metrics_standard.json,results/models/multi-complete/gplfr/predictions.npz,results/models/multi-complete/gplfr/config.json
multi-complete,standard,gplfr,rmse,v,4.050169044070774,results/models/multi-complete/gplfr/metrics_standard.json,results/models/multi-complete/gplfr/predictions.npz,results/models/multi-complete/gplfr/config.json
multi-complete,standard,gplfr,rmse,asr,22.14569854736328,results/models/multi-complete/gplfr/metrics_standard.json,results/models/multi-complete/gplfr/predictions.npz,results/models/multi-complete/gplfr/config.json
multi-complete,standard,gplfr,rmse,olr,15.449631690979004,results/models/multi-complete/gplfr/metrics_standard.json,results/models/multi-complete/gplfr/predictions.npz,results/models/multi-complete/gplfr/config.json
multi-complete,standard,gplfr,acc,surface_temperature,0.9722144603729248,results/models/multi-complete/gplfr/metrics_standard.json,results/models/multi-complete/gplfr/predictions.npz,results/models/multi-complete/gplfr/config.json
multi-complete,standard,gplfr,acc,temperature,0.7011972996923659,results/models/multi-complete/gplfr/metrics_standard.json,results/models/multi-complete/gplfr/predictions.npz,results/models/multi-complete/gplfr/config.json
multi-complete,standard,gplfr,acc,specific_humidity_dex,0.8498134613037109,results/models/multi-complete/gplfr/metrics_standard.json,results/models/multi-complete/gplfr/predictions.npz,results/models/multi-complete/gplfr/config.json
multi-complete,standard,gplfr,acc,cloud_fraction,0.7556723157564799,results/models/multi-complete/gplfr/metrics_standard.json,results/models/multi-complete/gplfr/predictions.npz,results/models/multi-complete/gplfr/config.json
multi-complete,standard,gplfr,acc,u,0.7420301106241014,results/models/multi-complete/gplfr/metrics_standard.json,results/models/multi-complete/gplfr/predictions.npz,results/models/multi-complete/gplfr/config.json
multi-complete,standard,gplfr,acc,v,0.7044226394759284,results/models/multi-complete/gplfr/metrics_standard.json,results/models/multi-complete/gplfr/predictions.npz,results/models/multi-complete/gplfr/config.json
multi-complete,standard,gplfr,acc,asr,0.996769905090332,results/models/multi-complete/gplfr/metrics_standard.json,results/models/multi-complete/gplfr/predictions.npz,results/models/multi-complete/gplfr/config.json
multi-complete,standard,gplfr,acc,olr,0.8947253823280334,results/models/multi-complete/gplfr/metrics_standard.json,results/models/multi-complete/gplfr/predictions.npz,results/models/multi-complete/gplfr/config.json
multi-complete,standard,gplfr,ramse,surface_temperature,9.935306549072266,results/models/multi-complete/gplfr/metrics_standard.json,results/models/multi-complete/gplfr/predictions.npz,results/models/multi-complete/gplfr/config.json
multi-complete,standard,gplfr,ramse,temperature,8.437315199110243,results/models/multi-complete/gplfr/metrics_standard.json,results/models/multi-complete/gplfr/predictions.npz,results/models/multi-complete/gplfr/config.json
multi-complete,standard,gplfr,ramse,specific_humidity_dex,0.4213634464475844,results/models/multi-complete/gplfr/metrics_standard.json,results/models/multi-complete/gplfr/predictions.npz,results/models/multi-complete/gplfr/config.json
multi-complete,standard,gplfr,ramse,cloud_fraction,0.09416667289204067,results/models/multi-complete/gplfr/metrics_standard.json,results/models/multi-complete/gplfr/predictions.npz,results/models/multi-complete/gplfr/config.json
multi-complete,standard,gplfr,ramse,u,9.738373385535347,results/models/multi-complete/gplfr/metrics_standard.json,results/models/multi-complete/gplfr/predictions.npz,results/models/multi-complete/gplfr/config.json
multi-complete,standard,gplfr,ramse,v,4.830436838997735,results/models/multi-complete/gplfr/metrics_standard.json,results/models/multi-complete/gplfr/predictions.npz,results/models/multi-complete/gplfr/config.json
multi-complete,standard,gplfr,ramse,asr,23.53392791748047,results/models/multi-complete/gplfr/metrics_standard.json,results/models/multi-complete/gplfr/predictions.npz,results/models/multi-complete/gplfr/config.json
multi-complete,standard,gplfr,ramse,olr,16.53032684326172,results/models/multi-complete/gplfr/metrics_standard.json,results/models/multi-complete/gplfr/predictions.npz,results/models/multi-complete/gplfr/config.json
multi-complete,standard,gplfr,energy_score,surface_temperature,7.980602741241455,results/models/multi-complete/gplfr/metrics_standard.json,results/models/multi-complete/gplfr/predictions.npz,results/models/multi-complete/gplfr/config.json
multi-complete,standard,gplfr,energy_score,temperature,6.647984875573052,results/models/multi-complete/gplfr/metrics_standard.json,results/models/multi-complete/gplfr/predictions.npz,results/models/multi-complete/gplfr/config.json
multi-complete,standard,gplfr,energy_score,specific_humidity_dex,0.3383440441555447,results/models/multi-complete/gplfr/metrics_standard.json,results/models/multi-complete/gplfr/predictions.npz,results/models/multi-complete/gplfr/config.json
multi-complete,standard,gplfr,energy_score,cloud_fraction,0.06227227755718761,results/models/multi-complete/gplfr/metrics_standard.json,results/models/multi-complete/gplfr/predictions.npz,results/models/multi-complete/gplfr/config.json
multi-complete,standard,gplfr,energy_score,u,6.343578788969252,results/models/multi-complete/gplfr/metrics_standard.json,results/models/multi-complete/gplfr/predictions.npz,results/models/multi-complete/gplfr/config.json
multi-complete,standard,gplfr,energy_score,v,3.1073116858800254,results/models/multi-complete/gplfr/metrics_standard.json,results/models/multi-complete/gplfr/predictions.npz,results/models/multi-complete/gplfr/config.json
multi-complete,standard,gplfr,energy_score,asr,18.31644058227539,results/models/multi-complete/gplfr/metrics_standard.json,results/models/multi-complete/gplfr/predictions.npz,results/models/multi-complete/gplfr/config.json
multi-complete,standard,gplfr,energy_score,olr,12.20738410949707,results/models/multi-complete/gplfr/metrics_standard.json,results/models/multi-complete/gplfr/predictions.npz,results/models/multi-complete/gplfr/config.json
multi-complete,standard,gplfr,spread_skill_ratio,surface_temperature,1.0942453145980835,results/models/multi-complete/gplfr/metrics_standard.json,results/models/multi-complete/gplfr/predictions.npz,results/models/multi-complete/gplfr/config.json
multi-complete,standard,gplfr,spread_skill_ratio,temperature,0.9891227748658922,results/models/multi-complete/gplfr/metrics_standard.json,results/models/multi-complete/gplfr/predictions.npz,results/models/multi-complete/gplfr/config.json
multi-complete,standard,gplfr,spread_skill_ratio,specific_humidity_dex,1.2013487418492634,results/models/multi-complete/gplfr/metrics_standard.json,results/models/multi-complete/gplfr/predictions.npz,results/models/multi-complete/gplfr/config.json
multi-complete,standard,gplfr,spread_skill_ratio,cloud_fraction,1.1725735929277208,results/models/multi-complete/gplfr/metrics_standard.json,results/models/multi-complete/gplfr/predictions.npz,results/models/multi-complete/gplfr/config.json
multi-complete,standard,gplfr,spread_skill_ratio,u,0.672693649927775,results/models/multi-complete/gplfr/metrics_standard.json,results/models/multi-complete/gplfr/predictions.npz,results/models/multi-complete/gplfr/config.json
multi-complete,standard,gplfr,spread_skill_ratio,v,0.8283009462886386,results/models/multi-complete/gplfr/metrics_standard.json,results/models/multi-complete/gplfr/predictions.npz,results/models/multi-complete/gplfr/config.json
multi-complete,standard,gplfr,spread_skill_ratio,asr,1.0666159391403198,results/models/multi-complete/gplfr/metrics_standard.json,results/models/multi-complete/gplfr/predictions.npz,results/models/multi-complete/gplfr/config.json
multi-complete,standard,gplfr,spread_skill_ratio,olr,1.121254324913025,results/models/multi-complete/gplfr/metrics_standard.json,results/models/multi-complete/gplfr/predictions.npz,results/models/multi-complete/gplfr/config.json
multi-complete,shared_planets,gplfr,relative_rmse,surface_temperature,0.7875787615776062,results/models/multi-complete/gplfr/metrics_shared_planets.json,results/models/multi-complete/gplfr/predictions_shared_planets.npz,results/models/multi-complete/gplfr/config.json
multi-complete,shared_planets,gplfr,relative_rmse,temperature,0.6961178779602051,results/models/multi-complete/gplfr/metrics_shared_planets.json,results/models/multi-complete/gplfr/predictions_shared_planets.npz,results/models/multi-complete/gplfr/config.json
multi-complete,shared_planets,gplfr,relative_rmse,specific_humidity_dex,0.6978994011878967,results/models/multi-complete/gplfr/metrics_shared_planets.json,results/models/multi-complete/gplfr/predictions_shared_planets.npz,results/models/multi-complete/gplfr/config.json
multi-complete,shared_planets,gplfr,relative_rmse,cloud_fraction,0.5667399168014526,results/models/multi-complete/gplfr/metrics_shared_planets.json,results/models/multi-complete/gplfr/predictions_shared_planets.npz,results/models/multi-complete/gplfr/config.json
multi-complete,shared_planets,gplfr,relative_rmse,u,0.783589780330658,results/models/multi-complete/gplfr/metrics_shared_planets.json,results/models/multi-complete/gplfr/predictions_shared_planets.npz,results/models/multi-complete/gplfr/config.json
multi-complete,shared_planets,gplfr,relative_rmse,v,0.7696391344070435,results/models/multi-complete/gplfr/metrics_shared_planets.json,results/models/multi-complete/gplfr/predictions_shared_planets.npz,results/models/multi-complete/gplfr/config.json
multi-complete,shared_planets,gplfr,relative_rmse,asr,0.6000022292137146,results/models/multi-complete/gplfr/metrics_shared_planets.json,results/models/multi-complete/gplfr/predictions_shared_planets.npz,results/models/multi-complete/gplfr/config.json
multi-complete,shared_planets,gplfr,relative_rmse,olr,0.6380904912948608,results/models/multi-complete/gplfr/metrics_shared_planets.json,results/models/multi-complete/gplfr/predictions_shared_planets.npz,results/models/multi-complete/gplfr/config.json
multi-complete,shared_planets,gplfr,relative_acc,surface_temperature,1.0495890378952026,results/models/multi-complete/gplfr/metrics_shared_planets.json,results/models/multi-complete/gplfr/predictions_shared_planets.npz,results/models/multi-complete/gplfr/config.json
multi-complete,shared_planets,gplfr,relative_acc,temperature,1.6630651950836182,results/models/multi-complete/gplfr/metrics_shared_planets.json,results/models/multi-complete/gplfr/predictions_shared_planets.npz,results/models/multi-complete/gplfr/config.json
multi-complete,shared_planets,gplfr,relative_acc,specific_humidity_dex,1.2819619178771973,results/models/multi-complete/gplfr/metrics_shared_planets.json,results/models/multi-complete/gplfr/predictions_shared_planets.npz,results/models/multi-complete/gplfr/config.json
multi-complete,shared_planets,gplfr,relative_acc,cloud_fraction,1.4229494333267212,results/models/multi-complete/gplfr/metrics_shared_planets.json,results/models/multi-complete/gplfr/predictions_shared_planets.npz,results/models/multi-complete/gplfr/config.json
multi-complete,shared_planets,gplfr,relative_acc,u,4.586854934692383,results/models/multi-complete/gplfr/metrics_shared_planets.json,results/models/multi-complete/gplfr/predictions_shared_planets.npz,results/models/multi-complete/gplfr/config.json
multi-complete,shared_planets,gplfr,relative_acc,v,1.3425354957580566,results/models/multi-complete/gplfr/metrics_shared_planets.json,results/models/multi-complete/gplfr/predictions_shared_planets.npz,results/models/multi-complete/gplfr/config.json
multi-complete,shared_planets,gplfr,relative_acc,asr,1.0052367448806763,results/models/multi-complete/gplfr/metrics_shared_planets.json,results/models/multi-complete/gplfr/predictions_shared_planets.npz,results/models/multi-complete/gplfr/config.json
multi-complete,shared_planets,gplfr,relative_acc,olr,1.175355076789856,results/models/multi-complete/gplfr/metrics_shared_planets.json,results/models/multi-complete/gplfr/predictions_shared_planets.npz,results/models/multi-complete/gplfr/config.json
multi-complete,shared_planets,gplfr,relative_energy_score,surface_temperature,0.6672393083572388,results/models/multi-complete/gplfr/metrics_shared_planets.json,results/models/multi-complete/gplfr/predictions_shared_planets.npz,results/models/multi-complete/gplfr/config.json
multi-complete,shared_planets,gplfr,relative_energy_score,temperature,0.5801669359207153,results/models/multi-complete/gplfr/metrics_shared_planets.json,results/models/multi-complete/gplfr/predictions_shared_planets.npz,results/models/multi-complete/gplfr/config.json
multi-complete,shared_planets,gplfr,relative_energy_score,specific_humidity_dex,0.5867024064064026,results/models/multi-complete/gplfr/metrics_shared_planets.json,results/models/multi-complete/gplfr/predictions_shared_planets.npz,results/models/multi-complete/gplfr/config.json
multi-complete,shared_planets,gplfr,relative_energy_score,cloud_fraction,0.4320218861103058,results/models/multi-complete/gplfr/metrics_shared_planets.json,results/models/multi-complete/gplfr/predictions_shared_planets.npz,results/models/multi-complete/gplfr/config.json
multi-complete,shared_planets,gplfr,relative_energy_score,u,0.6007698774337769,results/models/multi-complete/gplfr/metrics_shared_planets.json,results/models/multi-complete/gplfr/predictions_shared_planets.npz,results/models/multi-complete/gplfr/config.json
multi-complete,shared_planets,gplfr,relative_energy_score,v,0.595770537853241,results/models/multi-complete/gplfr/metrics_shared_planets.json,results/models/multi-complete/gplfr/predictions_shared_planets.npz,results/models/multi-complete/gplfr/config.json
multi-complete,shared_planets,gplfr,relative_energy_score,asr,0.48388510942459106,results/models/multi-complete/gplfr/metrics_shared_planets.json,results/models/multi-complete/gplfr/predictions_shared_planets.npz,results/models/multi-complete/gplfr/config.json
multi-complete,shared_planets,gplfr,relative_energy_score,olr,0.505771815776825,results/models/multi-complete/gplfr/metrics_shared_planets.json,results/models/multi-complete/gplfr/predictions_shared_planets.npz,results/models/multi-complete/gplfr/config.json
multi-complete,standard,knn,rmse,surface_temperature,19.577972412109375,results/models/multi-complete/knn/metrics_standard.json,results/models/multi-complete/knn/predictions.npz,results/models/multi-complete/knn/config.json
multi-complete,standard,knn,rmse,temperature,15.217071215311686,results/models/multi-complete/knn/metrics_standard.json,results/models/multi-complete/knn/predictions.npz,results/models/multi-complete/knn/config.json
multi-complete,standard,knn,rmse,specific_humidity_dex,0.765385799937778,results/models/multi-complete/knn/metrics_standard.json,results/models/multi-complete/knn/predictions.npz,results/models/multi-complete/knn/config.json
multi-complete,standard,knn,rmse,cloud_fraction,0.10743875842955378,results/models/multi-complete/knn/metrics_standard.json,results/models/multi-complete/knn/predictions.npz,results/models/multi-complete/knn/config.json
multi-complete,standard,knn,rmse,u,10.163873778449165,results/models/multi-complete/knn/metrics_standard.json,results/models/multi-complete/knn/predictions.npz,results/models/multi-complete/knn/config.json
multi-complete,standard,knn,rmse,v,4.900258488125271,results/models/multi-complete/knn/metrics_standard.json,results/models/multi-complete/knn/predictions.npz,results/models/multi-complete/knn/config.json
multi-complete,standard,knn,rmse,asr,31.460647583007812,results/models/multi-complete/knn/metrics_standard.json,results/models/multi-complete/knn/predictions.npz,results/models/multi-complete/knn/config.json
multi-complete,standard,knn,rmse,olr,23.77284812927246,results/models/multi-complete/knn/metrics_standard.json,results/models/multi-complete/knn/predictions.npz,results/models/multi-complete/knn/config.json
multi-complete,standard,knn,acc,surface_temperature,0.9654809832572937,results/models/multi-complete/knn/metrics_standard.json,results/models/multi-complete/knn/predictions.npz,results/models/multi-complete/knn/config.json
multi-complete,standard,knn,acc,temperature,0.6342694527573056,results/models/multi-complete/knn/metrics_standard.json,results/models/multi-complete/knn/predictions.npz,results/models/multi-complete/knn/config.json
multi-complete,standard,knn,acc,specific_humidity_dex,0.8136130902502272,results/models/multi-complete/knn/metrics_standard.json,results/models/multi-complete/knn/predictions.npz,results/models/multi-complete/knn/config.json
multi-complete,standard,knn,acc,cloud_fraction,0.6779088874657949,results/models/multi-complete/knn/metrics_standard.json,results/models/multi-complete/knn/predictions.npz,results/models/multi-complete/knn/config.json
multi-complete,standard,knn,acc,u,0.6570837994416555,results/models/multi-complete/knn/metrics_standard.json,results/models/multi-complete/knn/predictions.npz,results/models/multi-complete/knn/config.json
multi-complete,standard,knn,acc,v,0.646983289056354,results/models/multi-complete/knn/metrics_standard.json,results/models/multi-complete/knn/predictions.npz,results/models/multi-complete/knn/config.json
multi-complete,standard,knn,acc,asr,0.9949024319648743,results/models/multi-complete/knn/metrics_standard.json,results/models/multi-complete/knn/predictions.npz,results/models/multi-complete/knn/config.json
multi-complete,standard,knn,acc,olr,0.8208117485046387,results/models/multi-complete/knn/metrics_standard.json,results/models/multi-complete/knn/predictions.npz,results/models/multi-complete/knn/config.json
multi-complete,standard,knn,ramse,surface_temperature,19.871597290039062,results/models/multi-complete/knn/metrics_standard.json,results/models/multi-complete/knn/predictions.npz,results/models/multi-complete/knn/config.json
multi-complete,standard,knn,ramse,temperature,15.570583555433485,results/models/multi-complete/knn/metrics_standard.json,results/models/multi-complete/knn/predictions.npz,results/models/multi-complete/knn/config.json
multi-complete,standard,knn,ramse,specific_humidity_dex,0.7851608528031243,results/models/multi-complete/knn/metrics_standard.json,results/models/multi-complete/knn/predictions.npz,results/models/multi-complete/knn/config.json
multi-complete,standard,knn,ramse,cloud_fraction,0.1267471309337351,results/models/multi-complete/knn/metrics_standard.json,results/models/multi-complete/knn/predictions.npz,results/models/multi-complete/knn/config.json
multi-complete,standard,knn,ramse,u,12.372562726338705,results/models/multi-complete/knn/metrics_standard.json,results/models/multi-complete/knn/predictions.npz,results/models/multi-complete/knn/config.json
multi-complete,standard,knn,ramse,v,6.034983237584432,results/models/multi-complete/knn/metrics_standard.json,results/models/multi-complete/knn/predictions.npz,results/models/multi-complete/knn/config.json
multi-complete,standard,knn,ramse,asr,33.45427703857422,results/models/multi-complete/knn/metrics_standard.json,results/models/multi-complete/knn/predictions.npz,results/models/multi-complete/knn/config.json
multi-complete,standard,knn,ramse,olr,26.431556701660156,results/models/multi-complete/knn/metrics_standard.json,results/models/multi-complete/knn/predictions.npz,results/models/multi-complete/knn/config.json
multi-complete,shared_planets,knn,relative_rmse,surface_temperature,1.4447541236877441,results/models/multi-complete/knn/metrics_shared_planets.json,results/models/multi-complete/knn/predictions_shared_planets.npz,results/models/multi-complete/knn/config.json
multi-complete,shared_planets,knn,relative_rmse,temperature,1.317431926727295,results/models/multi-complete/knn/metrics_shared_planets.json,results/models/multi-complete/knn/predictions_shared_planets.npz,results/models/multi-complete/knn/config.json
multi-complete,shared_planets,knn,relative_rmse,specific_humidity_dex,1.2735644578933716,results/models/multi-complete/knn/metrics_shared_planets.json,results/models/multi-complete/knn/predictions_shared_planets.npz,results/models/multi-complete/knn/config.json
multi-complete,shared_planets,knn,relative_rmse,cloud_fraction,0.7476211190223694,results/models/multi-complete/knn/metrics_shared_planets.json,results/models/multi-complete/knn/predictions_shared_planets.npz,results/models/multi-complete/knn/config.json
multi-complete,shared_planets,knn,relative_rmse,u,0.9740294814109802,results/models/multi-complete/knn/metrics_shared_planets.json,results/models/multi-complete/knn/predictions_shared_planets.npz,results/models/multi-complete/knn/config.json
multi-complete,shared_planets,knn,relative_rmse,v,0.9296975135803223,results/models/multi-complete/knn/metrics_shared_planets.json,results/models/multi-complete/knn/predictions_shared_planets.npz,results/models/multi-complete/knn/config.json
multi-complete,shared_planets,knn,relative_rmse,asr,0.853394627571106,results/models/multi-complete/knn/metrics_shared_planets.json,results/models/multi-complete/knn/predictions_shared_planets.npz,results/models/multi-complete/knn/config.json
multi-complete,shared_planets,knn,relative_rmse,olr,0.9735067486763,results/models/multi-complete/knn/metrics_shared_planets.json,results/models/multi-complete/knn/predictions_shared_planets.npz,results/models/multi-complete/knn/config.json
multi-complete,shared_planets,knn,relative_acc,surface_temperature,1.0399224758148193,results/models/multi-complete/knn/metrics_shared_planets.json,results/models/multi-complete/knn/predictions_shared_planets.npz,results/models/multi-complete/knn/config.json
multi-complete,shared_planets,knn,relative_acc,temperature,1.6339424848556519,results/models/multi-complete/knn/metrics_shared_planets.json,results/models/multi-complete/knn/predictions_shared_planets.npz,results/models/multi-complete/knn/config.json
multi-complete,shared_planets,knn,relative_acc,specific_humidity_dex,1.2437727451324463,results/models/multi-complete/knn/metrics_shared_planets.json,results/models/multi-complete/knn/predictions_shared_planets.npz,results/models/multi-complete/knn/config.json
multi-complete,shared_planets,knn,relative_acc,cloud_fraction,1.2991242408752441,results/models/multi-complete/knn/metrics_shared_planets.json,results/models/multi-complete/knn/predictions_shared_planets.npz,results/models/multi-complete/knn/config.json
multi-complete,shared_planets,knn,relative_acc,u,4.291323661804199,results/models/multi-complete/knn/metrics_shared_planets.json,results/models/multi-complete/knn/predictions_shared_planets.npz,results/models/multi-complete/knn/config.json
multi-complete,shared_planets,knn,relative_acc,v,1.155815601348877,results/models/multi-complete/knn/metrics_shared_planets.json,results/models/multi-complete/knn/predictions_shared_planets.npz,results/models/multi-complete/knn/config.json
multi-complete,shared_planets,knn,relative_acc,asr,1.0034050941467285,results/models/multi-complete/knn/metrics_shared_planets.json,results/models/multi-complete/knn/predictions_shared_planets.npz,results/models/multi-complete/knn/config.json
multi-complete,shared_planets,knn,relative_acc,olr,1.0610970258712769,results/models/multi-complete/knn/metrics_shared_planets.json,results/models/multi-complete/knn/predictions_shared_planets.npz,results/models/multi-complete/knn/config.json
multi-complete,standard,pca_gbt,rmse,surface_temperature,13.123454093933105,results/models/multi-complete/pca_gbt/metrics_standard.json,results/models/multi-complete/pca_gbt/predictions.npz,results/models/multi-complete/pca_gbt/config.json
multi-complete,standard,pca_gbt,rmse,temperature,10.025472852918837,results/models/multi-complete/pca_gbt/metrics_standard.json,results/models/multi-complete/pca_gbt/predictions.npz,results/models/multi-complete/pca_gbt/config.json
multi-complete,standard,pca_gbt,rmse,specific_humidity_dex,0.5135170287556119,results/models/multi-complete/pca_gbt/metrics_standard.json,results/models/multi-complete/pca_gbt/predictions.npz,results/models/multi-complete/pca_gbt/config.json
multi-complete,standard,pca_gbt,rmse,cloud_fraction,0.09099237124125163,results/models/multi-complete/pca_gbt/metrics_standard.json,results/models/multi-complete/pca_gbt/predictions.npz,results/models/multi-complete/pca_gbt/config.json
multi-complete,standard,pca_gbt,rmse,u,8.959893703460693,results/models/multi-complete/pca_gbt/metrics_standard.json,results/models/multi-complete/pca_gbt/predictions.npz,results/models/multi-complete/pca_gbt/config.json
multi-complete,standard,pca_gbt,rmse,v,4.469169272316827,results/models/multi-complete/pca_gbt/metrics_standard.json,results/models/multi-complete/pca_gbt/predictions.npz,results/models/multi-complete/pca_gbt/config.json
multi-complete,standard,pca_gbt,rmse,asr,26.175758361816406,results/models/multi-complete/pca_gbt/metrics_standard.json,results/models/multi-complete/pca_gbt/predictions.npz,results/models/multi-complete/pca_gbt/config.json
multi-complete,standard,pca_gbt,rmse,olr,19.12456512451172,results/models/multi-complete/pca_gbt/metrics_standard.json,results/models/multi-complete/pca_gbt/predictions.npz,results/models/multi-complete/pca_gbt/config.json
multi-complete,standard,pca_gbt,acc,surface_temperature,0.959563136100769,results/models/multi-complete/pca_gbt/metrics_standard.json,results/models/multi-complete/pca_gbt/predictions.npz,results/models/multi-complete/pca_gbt/config.json
multi-complete,standard,pca_gbt,acc,temperature,0.6422090232372284,results/models/multi-complete/pca_gbt/metrics_standard.json,results/models/multi-complete/pca_gbt/predictions.npz,results/models/multi-complete/pca_gbt/config.json
multi-complete,standard,pca_gbt,acc,specific_humidity_dex,0.8128402431805929,results/models/multi-complete/pca_gbt/metrics_standard.json,results/models/multi-complete/pca_gbt/predictions.npz,results/models/multi-complete/pca_gbt/config.json
multi-complete,standard,pca_gbt,acc,cloud_fraction,0.7191563480430179,results/models/multi-complete/pca_gbt/metrics_standard.json,results/models/multi-complete/pca_gbt/predictions.npz,results/models/multi-complete/pca_gbt/config.json
multi-complete,standard,pca_gbt,acc,u,0.6772597663932376,results/models/multi-complete/pca_gbt/metrics_standard.json,results/models/multi-complete/pca_gbt/predictions.npz,results/models/multi-complete/pca_gbt/config.json
multi-complete,standard,pca_gbt,acc,v,0.6489001082049476,results/models/multi-complete/pca_gbt/metrics_standard.json,results/models/multi-complete/pca_gbt/predictions.npz,results/models/multi-complete/pca_gbt/config.json
multi-complete,standard,pca_gbt,acc,asr,0.9963695406913757,results/models/multi-complete/pca_gbt/metrics_standard.json,results/models/multi-complete/pca_gbt/predictions.npz,results/models/multi-complete/pca_gbt/config.json
multi-complete,standard,pca_gbt,acc,olr,0.8563331961631775,results/models/multi-complete/pca_gbt/metrics_standard.json,results/models/multi-complete/pca_gbt/predictions.npz,results/models/multi-complete/pca_gbt/config.json
multi-complete,standard,pca_gbt,ramse,surface_temperature,13.377137184143066,results/models/multi-complete/pca_gbt/metrics_standard.json,results/models/multi-complete/pca_gbt/predictions.npz,results/models/multi-complete/pca_gbt/config.json
multi-complete,standard,pca_gbt,ramse,temperature,10.326051817999947,results/models/multi-complete/pca_gbt/metrics_standard.json,results/models/multi-complete/pca_gbt/predictions.npz,results/models/multi-complete/pca_gbt/config.json
multi-complete,standard,pca_gbt,ramse,specific_humidity_dex,0.5376285910606384,results/models/multi-complete/pca_gbt/metrics_standard.json,results/models/multi-complete/pca_gbt/predictions.npz,results/models/multi-complete/pca_gbt/config.json
multi-complete,standard,pca_gbt,ramse,cloud_fraction,0.10487975883815023,results/models/multi-complete/pca_gbt/metrics_standard.json,results/models/multi-complete/pca_gbt/predictions.npz,results/models/multi-complete/pca_gbt/config.json
multi-complete,standard,pca_gbt,ramse,u,10.83794519636366,results/models/multi-complete/pca_gbt/metrics_standard.json,results/models/multi-complete/pca_gbt/predictions.npz,results/models/multi-complete/pca_gbt/config.json
multi-complete,standard,pca_gbt,ramse,v,5.4274928834703235,results/models/multi-complete/pca_gbt/metrics_standard.json,results/models/multi-complete/pca_gbt/predictions.npz,results/models/multi-complete/pca_gbt/config.json
multi-complete,standard,pca_gbt,ramse,asr,27.764970779418945,results/models/multi-complete/pca_gbt/metrics_standard.json,results/models/multi-complete/pca_gbt/predictions.npz,results/models/multi-complete/pca_gbt/config.json
multi-complete,standard,pca_gbt,ramse,olr,20.618206024169922,results/models/multi-complete/pca_gbt/metrics_standard.json,results/models/multi-complete/pca_gbt/predictions.npz,results/models/multi-complete/pca_gbt/config.json
multi-complete,shared_planets,pca_gbt,relative_rmse,surface_temperature,1.0821243524551392,results/models/multi-complete/pca_gbt/metrics_shared_planets.json,results/models/multi-complete/pca_gbt/predictions_shared_planets.npz,results/models/multi-complete/pca_gbt/config.json
multi-complete,shared_planets,pca_gbt,relative_rmse,temperature,0.8850519061088562,results/models/multi-complete/pca_gbt/metrics_shared_planets.json,results/models/multi-complete/pca_gbt/predictions_shared_planets.npz,results/models/multi-complete/pca_gbt/config.json
multi-complete,shared_planets,pca_gbt,relative_rmse,specific_humidity_dex,0.8512558341026306,results/models/multi-complete/pca_gbt/metrics_shared_planets.json,results/models/multi-complete/pca_gbt/predictions_shared_planets.npz,results/models/multi-complete/pca_gbt/config.json
multi-complete,shared_planets,pca_gbt,relative_rmse,cloud_fraction,0.6303596496582031,results/models/multi-complete/pca_gbt/metrics_shared_planets.json,results/models/multi-complete/pca_gbt/predictions_shared_planets.npz,results/models/multi-complete/pca_gbt/config.json
multi-complete,shared_planets,pca_gbt,relative_rmse,u,0.8831031322479248,results/models/multi-complete/pca_gbt/metrics_shared_planets.json,results/models/multi-complete/pca_gbt/predictions_shared_planets.npz,results/models/multi-complete/pca_gbt/config.json
multi-complete,shared_planets,pca_gbt,relative_rmse,v,0.8681239485740662,results/models/multi-complete/pca_gbt/metrics_shared_planets.json,results/models/multi-complete/pca_gbt/predictions_shared_planets.npz,results/models/multi-complete/pca_gbt/config.json
multi-complete,shared_planets,pca_gbt,relative_rmse,asr,0.7098767161369324,results/models/multi-complete/pca_gbt/metrics_shared_planets.json,results/models/multi-complete/pca_gbt/predictions_shared_planets.npz,results/models/multi-complete/pca_gbt/config.json
multi-complete,shared_planets,pca_gbt,relative_rmse,olr,0.7772526144981384,results/models/multi-complete/pca_gbt/metrics_shared_planets.json,results/models/multi-complete/pca_gbt/predictions_shared_planets.npz,results/models/multi-complete/pca_gbt/config.json
multi-complete,shared_planets,pca_gbt,relative_acc,surface_temperature,1.0318855047225952,results/models/multi-complete/pca_gbt/metrics_shared_planets.json,results/models/multi-complete/pca_gbt/predictions_shared_planets.npz,results/models/multi-complete/pca_gbt/config.json
multi-complete,shared_planets,pca_gbt,relative_acc,temperature,1.4951903820037842,results/models/multi-complete/pca_gbt/metrics_shared_planets.json,results/models/multi-complete/pca_gbt/predictions_shared_planets.npz,results/models/multi-complete/pca_gbt/config.json
multi-complete,shared_planets,pca_gbt,relative_acc,specific_humidity_dex,1.2087769508361816,results/models/multi-complete/pca_gbt/metrics_shared_planets.json,results/models/multi-complete/pca_gbt/predictions_shared_planets.npz,results/models/multi-complete/pca_gbt/config.json
multi-complete,shared_planets,pca_gbt,relative_acc,cloud_fraction,1.364163875579834,results/models/multi-complete/pca_gbt/metrics_shared_planets.json,results/models/multi-complete/pca_gbt/predictions_shared_planets.npz,results/models/multi-complete/pca_gbt/config.json
multi-complete,shared_planets,pca_gbt,relative_acc,u,4.304737091064453,results/models/multi-complete/pca_gbt/metrics_shared_planets.json,results/models/multi-complete/pca_gbt/predictions_shared_planets.npz,results/models/multi-complete/pca_gbt/config.json
multi-complete,shared_planets,pca_gbt,relative_acc,v,1.1581454277038574,results/models/multi-complete/pca_gbt/metrics_shared_planets.json,results/models/multi-complete/pca_gbt/predictions_shared_planets.npz,results/models/multi-complete/pca_gbt/config.json
multi-complete,shared_planets,pca_gbt,relative_acc,asr,1.004947304725647,results/models/multi-complete/pca_gbt/metrics_shared_planets.json,results/models/multi-complete/pca_gbt/predictions_shared_planets.npz,results/models/multi-complete/pca_gbt/config.json
multi-complete,shared_planets,pca_gbt,relative_acc,olr,1.1082838773727417,results/models/multi-complete/pca_gbt/metrics_shared_planets.json,results/models/multi-complete/pca_gbt/predictions_shared_planets.npz,results/models/multi-complete/pca_gbt/config.json
multi-complete,standard,pca_mlp,rmse,surface_temperature,12.31664752960205,results/models/multi-complete/pca_mlp/metrics_standard.json,results/models/multi-complete/pca_mlp/predictions.npz,results/models/multi-complete/pca_mlp/config.json
multi-complete,standard,pca_mlp,rmse,temperature,9.678202841016981,results/models/multi-complete/pca_mlp/metrics_standard.json,results/models/multi-complete/pca_mlp/predictions.npz,results/models/multi-complete/pca_mlp/config.json
multi-complete,standard,pca_mlp,rmse,specific_humidity_dex,0.4985785981019338,results/models/multi-complete/pca_mlp/metrics_standard.json,results/models/multi-complete/pca_mlp/predictions.npz,results/models/multi-complete/pca_mlp/config.json
multi-complete,standard,pca_mlp,rmse,cloud_fraction,0.09338073887758785,results/models/multi-complete/pca_mlp/metrics_standard.json,results/models/multi-complete/pca_mlp/predictions.npz,results/models/multi-complete/pca_mlp/config.json
multi-complete,standard,pca_mlp,rmse,u,9.435050593482124,results/models/multi-complete/pca_mlp/metrics_standard.json,results/models/multi-complete/pca_mlp/predictions.npz,results/models/multi-complete/pca_mlp/config.json
multi-complete,standard,pca_mlp,rmse,v,4.6210536691877575,results/models/multi-complete/pca_mlp/metrics_standard.json,results/models/multi-complete/pca_mlp/predictions.npz,results/models/multi-complete/pca_mlp/config.json
multi-complete,standard,pca_mlp,rmse,asr,25.370885848999023,results/models/multi-complete/pca_mlp/metrics_standard.json,results/models/multi-complete/pca_mlp/predictions.npz,results/models/multi-complete/pca_mlp/config.json
multi-complete,standard,pca_mlp,rmse,olr,18.65996742248535,results/models/multi-complete/pca_mlp/metrics_standard.json,results/models/multi-complete/pca_mlp/predictions.npz,results/models/multi-complete/pca_mlp/config.json
multi-complete,standard,pca_mlp,acc,surface_temperature,0.941484272480011,results/models/multi-complete/pca_mlp/metrics_standard.json,results/models/multi-complete/pca_mlp/predictions.npz,results/models/multi-complete/pca_mlp/config.json
multi-complete,standard,pca_mlp,acc,temperature,0.6580848197142283,results/models/multi-complete/pca_mlp/metrics_standard.json,results/models/multi-complete/pca_mlp/predictions.npz,results/models/multi-complete/pca_mlp/config.json
multi-complete,standard,pca_mlp,acc,specific_humidity_dex,0.8119600945048862,results/models/multi-complete/pca_mlp/metrics_standard.json,results/models/multi-complete/pca_mlp/predictions.npz,results/models/multi-complete/pca_mlp/config.json
multi-complete,standard,pca_mlp,acc,cloud_fraction,0.7251313726107279,results/models/multi-complete/pca_mlp/metrics_standard.json,results/models/multi-complete/pca_mlp/predictions.npz,results/models/multi-complete/pca_mlp/config.json
multi-complete,standard,pca_mlp,acc,u,0.678119937578837,results/models/multi-complete/pca_mlp/metrics_standard.json,results/models/multi-complete/pca_mlp/predictions.npz,results/models/multi-complete/pca_mlp/config.json
multi-complete,standard,pca_mlp,acc,v,0.6540153324604034,results/models/multi-complete/pca_mlp/metrics_standard.json,results/models/multi-complete/pca_mlp/predictions.npz,results/models/multi-complete/pca_mlp/config.json
multi-complete,standard,pca_mlp,acc,asr,0.9961483478546143,results/models/multi-complete/pca_mlp/metrics_standard.json,results/models/multi-complete/pca_mlp/predictions.npz,results/models/multi-complete/pca_mlp/config.json
multi-complete,standard,pca_mlp,acc,olr,0.8508525490760803,results/models/multi-complete/pca_mlp/metrics_standard.json,results/models/multi-complete/pca_mlp/predictions.npz,results/models/multi-complete/pca_mlp/config.json
multi-complete,standard,pca_mlp,ramse,surface_temperature,12.645742416381836,results/models/multi-complete/pca_mlp/metrics_standard.json,results/models/multi-complete/pca_mlp/predictions.npz,results/models/multi-complete/pca_mlp/config.json
multi-complete,standard,pca_mlp,ramse,temperature,10.017369906107584,results/models/multi-complete/pca_mlp/metrics_standard.json,results/models/multi-complete/pca_mlp/predictions.npz,results/models/multi-complete/pca_mlp/config.json
multi-complete,standard,pca_mlp,ramse,specific_humidity_dex,0.5221513145499759,results/models/multi-complete/pca_mlp/metrics_standard.json,results/models/multi-complete/pca_mlp/predictions.npz,results/models/multi-complete/pca_mlp/config.json
multi-complete,standard,pca_mlp,ramse,cloud_fraction,0.1073351109193431,results/models/multi-complete/pca_mlp/metrics_standard.json,results/models/multi-complete/pca_mlp/predictions.npz,results/models/multi-complete/pca_mlp/config.json
multi-complete,standard,pca_mlp,ramse,u,11.261592812008328,results/models/multi-complete/pca_mlp/metrics_standard.json,results/models/multi-complete/pca_mlp/predictions.npz,results/models/multi-complete/pca_mlp/config.json
multi-complete,standard,pca_mlp,ramse,v,5.57971387439304,results/models/multi-complete/pca_mlp/metrics_standard.json,results/models/multi-complete/pca_mlp/predictions.npz,results/models/multi-complete/pca_mlp/config.json
multi-complete,standard,pca_mlp,ramse,asr,27.182584762573242,results/models/multi-complete/pca_mlp/metrics_standard.json,results/models/multi-complete/pca_mlp/predictions.npz,results/models/multi-complete/pca_mlp/config.json
multi-complete,standard,pca_mlp,ramse,olr,20.31695556640625,results/models/multi-complete/pca_mlp/metrics_standard.json,results/models/multi-complete/pca_mlp/predictions.npz,results/models/multi-complete/pca_mlp/config.json
multi-complete,shared_planets,pca_mlp,relative_rmse,surface_temperature,1.0135687589645386,results/models/multi-complete/pca_mlp/metrics_shared_planets.json,results/models/multi-complete/pca_mlp/predictions_shared_planets.npz,results/models/multi-complete/pca_mlp/config.json
multi-complete,shared_planets,pca_mlp,relative_rmse,temperature,0.8963498473167419,results/models/multi-complete/pca_mlp/metrics_shared_planets.json,results/models/multi-complete/pca_mlp/predictions_shared_planets.npz,results/models/multi-complete/pca_mlp/config.json
multi-complete,shared_planets,pca_mlp,relative_rmse,specific_humidity_dex,0.8091801404953003,results/models/multi-complete/pca_mlp/metrics_shared_planets.json,results/models/multi-complete/pca_mlp/predictions_shared_planets.npz,results/models/multi-complete/pca_mlp/config.json
multi-complete,shared_planets,pca_mlp,relative_rmse,cloud_fraction,0.6168109774589539,results/models/multi-complete/pca_mlp/metrics_shared_planets.json,results/models/multi-complete/pca_mlp/predictions_shared_planets.npz,results/models/multi-complete/pca_mlp/config.json
multi-complete,shared_planets,pca_mlp,relative_rmse,u,0.927740216255188,results/models/multi-complete/pca_mlp/metrics_shared_planets.json,results/models/multi-complete/pca_mlp/predictions_shared_planets.npz,results/models/multi-complete/pca_mlp/config.json
multi-complete,shared_planets,pca_mlp,relative_rmse,v,0.9062680602073669,results/models/multi-complete/pca_mlp/metrics_shared_planets.json,results/models/multi-complete/pca_mlp/predictions_shared_planets.npz,results/models/multi-complete/pca_mlp/config.json
multi-complete,shared_planets,pca_mlp,relative_rmse,asr,0.6908493638038635,results/models/multi-complete/pca_mlp/metrics_shared_planets.json,results/models/multi-complete/pca_mlp/predictions_shared_planets.npz,results/models/multi-complete/pca_mlp/config.json
multi-complete,shared_planets,pca_mlp,relative_rmse,olr,0.7868077754974365,results/models/multi-complete/pca_mlp/metrics_shared_planets.json,results/models/multi-complete/pca_mlp/predictions_shared_planets.npz,results/models/multi-complete/pca_mlp/config.json
multi-complete,shared_planets,pca_mlp,relative_acc,surface_temperature,1.018587589263916,results/models/multi-complete/pca_mlp/metrics_shared_planets.json,results/models/multi-complete/pca_mlp/predictions_shared_planets.npz,results/models/multi-complete/pca_mlp/config.json
multi-complete,shared_planets,pca_mlp,relative_acc,temperature,1.545180082321167,results/models/multi-complete/pca_mlp/metrics_shared_planets.json,results/models/multi-complete/pca_mlp/predictions_shared_planets.npz,results/models/multi-complete/pca_mlp/config.json
multi-complete,shared_planets,pca_mlp,relative_acc,specific_humidity_dex,1.2182308435440063,results/models/multi-complete/pca_mlp/metrics_shared_planets.json,results/models/multi-complete/pca_mlp/predictions_shared_planets.npz,results/models/multi-complete/pca_mlp/config.json
multi-complete,shared_planets,pca_mlp,relative_acc,cloud_fraction,1.3770281076431274,results/models/multi-complete/pca_mlp/metrics_shared_planets.json,results/models/multi-complete/pca_mlp/predictions_shared_planets.npz,results/models/multi-complete/pca_mlp/config.json
multi-complete,shared_planets,pca_mlp,relative_acc,u,4.175065040588379,results/models/multi-complete/pca_mlp/metrics_shared_planets.json,results/models/multi-complete/pca_mlp/predictions_shared_planets.npz,results/models/multi-complete/pca_mlp/config.json
multi-complete,shared_planets,pca_mlp,relative_acc,v,1.1633838415145874,results/models/multi-complete/pca_mlp/metrics_shared_planets.json,results/models/multi-complete/pca_mlp/predictions_shared_planets.npz,results/models/multi-complete/pca_mlp/config.json
multi-complete,shared_planets,pca_mlp,relative_acc,asr,1.0046824216842651,results/models/multi-complete/pca_mlp/metrics_shared_planets.json,results/models/multi-complete/pca_mlp/predictions_shared_planets.npz,results/models/multi-complete/pca_mlp/config.json
multi-complete,shared_planets,pca_mlp,relative_acc,olr,1.1465542316436768,results/models/multi-complete/pca_mlp/metrics_shared_planets.json,results/models/multi-complete/pca_mlp/predictions_shared_planets.npz,results/models/multi-complete/pca_mlp/config.json
multi-complete,standard,pca_ridge,rmse,surface_temperature,16.213733673095703,results/models/multi-complete/pca_ridge/metrics_standard.json,results/models/multi-complete/pca_ridge/predictions.npz,results/models/multi-complete/pca_ridge/config.json
multi-complete,standard,pca_ridge,rmse,temperature,13.654728359646267,results/models/multi-complete/pca_ridge/metrics_standard.json,results/models/multi-complete/pca_ridge/predictions.npz,results/models/multi-complete/pca_ridge/config.json
multi-complete,standard,pca_ridge,rmse,specific_humidity_dex,0.6523392167356279,results/models/multi-complete/pca_ridge/metrics_standard.json,results/models/multi-complete/pca_ridge/predictions.npz,results/models/multi-complete/pca_ridge/config.json
multi-complete,standard,pca_ridge,rmse,cloud_fraction,0.11479802636636628,results/models/multi-complete/pca_ridge/metrics_standard.json,results/models/multi-complete/pca_ridge/predictions.npz,results/models/multi-complete/pca_ridge/config.json
multi-complete,standard,pca_ridge,rmse,u,11.784483856625027,results/models/multi-complete/pca_ridge/metrics_standard.json,results/models/multi-complete/pca_ridge/predictions.npz,results/models/multi-complete/pca_ridge/config.json
multi-complete,standard,pca_ridge,rmse,v,5.281858656141493,results/models/multi-complete/pca_ridge/metrics_standard.json,results/models/multi-complete/pca_ridge/predictions.npz,results/models/multi-complete/pca_ridge/config.json
multi-complete,standard,pca_ridge,rmse,asr,32.164276123046875,results/models/multi-complete/pca_ridge/metrics_standard.json,results/models/multi-complete/pca_ridge/predictions.npz,results/models/multi-complete/pca_ridge/config.json
multi-complete,standard,pca_ridge,rmse,olr,24.0283203125,results/models/multi-complete/pca_ridge/metrics_standard.json,results/models/multi-complete/pca_ridge/predictions.npz,results/models/multi-complete/pca_ridge/config.json
multi-complete,standard,pca_ridge,acc,surface_temperature,0.9655753374099731,results/models/multi-complete/pca_ridge/metrics_standard.json,results/models/multi-complete/pca_ridge/predictions.npz,results/models/multi-complete/pca_ridge/config.json
multi-complete,standard,pca_ridge,acc,temperature,0.487446849544843,results/models/multi-complete/pca_ridge/metrics_standard.json,results/models/multi-complete/pca_ridge/predictions.npz,results/models/multi-complete/pca_ridge/config.json
multi-complete,standard,pca_ridge,acc,specific_humidity_dex,0.8000617954466078,results/models/multi-complete/pca_ridge/metrics_standard.json,results/models/multi-complete/pca_ridge/predictions.npz,results/models/multi-complete/pca_ridge/config.json
multi-complete,standard,pca_ridge,acc,cloud_fraction,0.6547026038169861,results/models/multi-complete/pca_ridge/metrics_standard.json,results/models/multi-complete/pca_ridge/predictions.npz,results/models/multi-complete/pca_ridge/config.json
multi-complete,standard,pca_ridge,acc,u,0.6095254586802589,results/models/multi-complete/pca_ridge/metrics_standard.json,results/models/multi-complete/pca_ridge/predictions.npz,results/models/multi-complete/pca_ridge/config.json
multi-complete,standard,pca_ridge,acc,v,0.6291938457224104,results/models/multi-complete/pca_ridge/metrics_standard.json,results/models/multi-complete/pca_ridge/predictions.npz,results/models/multi-complete/pca_ridge/config.json
multi-complete,standard,pca_ridge,acc,asr,0.9956196546554565,results/models/multi-complete/pca_ridge/metrics_standard.json,results/models/multi-complete/pca_ridge/predictions.npz,results/models/multi-complete/pca_ridge/config.json
multi-complete,standard,pca_ridge,acc,olr,0.8239115476608276,results/models/multi-complete/pca_ridge/metrics_standard.json,results/models/multi-complete/pca_ridge/predictions.npz,results/models/multi-complete/pca_ridge/config.json
multi-complete,standard,pca_ridge,ramse,surface_temperature,16.513559341430664,results/models/multi-complete/pca_ridge/metrics_standard.json,results/models/multi-complete/pca_ridge/predictions.npz,results/models/multi-complete/pca_ridge/config.json
multi-complete,standard,pca_ridge,ramse,temperature,14.051657888624403,results/models/multi-complete/pca_ridge/metrics_standard.json,results/models/multi-complete/pca_ridge/predictions.npz,results/models/multi-complete/pca_ridge/config.json
multi-complete,standard,pca_ridge,ramse,specific_humidity_dex,0.6783849861886766,results/models/multi-complete/pca_ridge/metrics_standard.json,results/models/multi-complete/pca_ridge/predictions.npz,results/models/multi-complete/pca_ridge/config.json
multi-complete,standard,pca_ridge,ramse,cloud_fraction,0.13349736233552298,results/models/multi-complete/pca_ridge/metrics_standard.json,results/models/multi-complete/pca_ridge/predictions.npz,results/models/multi-complete/pca_ridge/config.json
multi-complete,standard,pca_ridge,ramse,u,14.152244991726345,results/models/multi-complete/pca_ridge/metrics_standard.json,results/models/multi-complete/pca_ridge/predictions.npz,results/models/multi-complete/pca_ridge/config.json
multi-complete,standard,pca_ridge,ramse,v,6.369026528464423,results/models/multi-complete/pca_ridge/metrics_standard.json,results/models/multi-complete/pca_ridge/predictions.npz,results/models/multi-complete/pca_ridge/config.json
multi-complete,standard,pca_ridge,ramse,asr,33.96530532836914,results/models/multi-complete/pca_ridge/metrics_standard.json,results/models/multi-complete/pca_ridge/predictions.npz,results/models/multi-complete/pca_ridge/config.json
multi-complete,standard,pca_ridge,ramse,olr,26.01255226135254,results/models/multi-complete/pca_ridge/metrics_standard.json,results/models/multi-complete/pca_ridge/predictions.npz,results/models/multi-complete/pca_ridge/config.json
multi-complete,shared_planets,pca_ridge,relative_rmse,surface_temperature,1.3151476383209229,results/models/multi-complete/pca_ridge/metrics_shared_planets.json,results/models/multi-complete/pca_ridge/predictions_shared_planets.npz,results/models/multi-complete/pca_ridge/config.json
multi-complete,shared_planets,pca_ridge,relative_rmse,temperature,1.118369460105896,results/models/multi-complete/pca_ridge/metrics_shared_planets.json,results/models/multi-complete/pca_ridge/predictions_shared_planets.npz,results/models/multi-complete/pca_ridge/config.json
multi-complete,shared_planets,pca_ridge,relative_rmse,specific_humidity_dex,1.072640061378479,results/models/multi-complete/pca_ridge/metrics_shared_planets.json,results/models/multi-complete/pca_ridge/predictions_shared_planets.npz,results/models/multi-complete/pca_ridge/config.json
multi-complete,shared_planets,pca_ridge,relative_rmse,cloud_fraction,0.7123755812644958,results/models/multi-complete/pca_ridge/metrics_shared_planets.json,results/models/multi-complete/pca_ridge/predictions_shared_planets.npz,results/models/multi-complete/pca_ridge/config.json
multi-complete,shared_planets,pca_ridge,relative_rmse,u,1.1296186447143555,results/models/multi-complete/pca_ridge/metrics_shared_planets.json,results/models/multi-complete/pca_ridge/predictions_shared_planets.npz,results/models/multi-complete/pca_ridge/config.json
multi-complete,shared_planets,pca_ridge,relative_rmse,v,0.9619936943054199,results/models/multi-complete/pca_ridge/metrics_shared_planets.json,results/models/multi-complete/pca_ridge/predictions_shared_planets.npz,results/models/multi-complete/pca_ridge/config.json
multi-complete,shared_planets,pca_ridge,relative_rmse,asr,0.8124312162399292,results/models/multi-complete/pca_ridge/metrics_shared_planets.json,results/models/multi-complete/pca_ridge/predictions_shared_planets.npz,results/models/multi-complete/pca_ridge/config.json
multi-complete,shared_planets,pca_ridge,relative_rmse,olr,0.9876002073287964,results/models/multi-complete/pca_ridge/metrics_shared_planets.json,results/models/multi-complete/pca_ridge/predictions_shared_planets.npz,results/models/multi-complete/pca_ridge/config.json
multi-complete,shared_planets,pca_ridge,relative_acc,surface_temperature,1.0441426038742065,results/models/multi-complete/pca_ridge/metrics_shared_planets.json,results/models/multi-complete/pca_ridge/predictions_shared_planets.npz,results/models/multi-complete/pca_ridge/config.json
multi-complete,shared_planets,pca_ridge,relative_acc,temperature,1.2042659521102905,results/models/multi-complete/pca_ridge/metrics_shared_planets.json,results/models/multi-complete/pca_ridge/predictions_shared_planets.npz,results/models/multi-complete/pca_ridge/config.json
multi-complete,shared_planets,pca_ridge,relative_acc,specific_humidity_dex,1.2301877737045288,results/models/multi-complete/pca_ridge/metrics_shared_planets.json,results/models/multi-complete/pca_ridge/predictions_shared_planets.npz,results/models/multi-complete/pca_ridge/config.json
multi-complete,shared_planets,pca_ridge,relative_acc,cloud_fraction,1.3152459859848022,results/models/multi-complete/pca_ridge/metrics_shared_planets.json,results/models/multi-complete/pca_ridge/predictions_shared_planets.npz,results/models/multi-complete/pca_ridge/config.json
multi-complete,shared_planets,pca_ridge,relative_acc,u,4.336588382720947,results/models/multi-complete/pca_ridge/metrics_shared_planets.json,results/models/multi-complete/pca_ridge/predictions_shared_planets.npz,results/models/multi-complete/pca_ridge/config.json
multi-complete,shared_planets,pca_ridge,relative_acc,v,1.214065670967102,results/models/multi-complete/pca_ridge/metrics_shared_planets.json,results/models/multi-complete/pca_ridge/predictions_shared_planets.npz,results/models/multi-complete/pca_ridge/config.json
multi-complete,shared_planets,pca_ridge,relative_acc,asr,1.0048893690109253,results/models/multi-complete/pca_ridge/metrics_shared_planets.json,results/models/multi-complete/pca_ridge/predictions_shared_planets.npz,results/models/multi-complete/pca_ridge/config.json
multi-complete,shared_planets,pca_ridge,relative_acc,olr,1.1154990196228027,results/models/multi-complete/pca_ridge/metrics_shared_planets.json,results/models/multi-complete/pca_ridge/predictions_shared_planets.npz,results/models/multi-complete/pca_ridge/config.json
multi-complete,standard,ppca_icm,rmse,surface_temperature,11.19845962524414,results/models/multi-complete/ppca_icm/metrics_standard.json,results/models/multi-complete/ppca_icm/predictions.npz,results/models/multi-complete/ppca_icm/config.json
multi-complete,standard,ppca_icm,rmse,temperature,9.59494505988227,results/models/multi-complete/ppca_icm/metrics_standard.json,results/models/multi-complete/ppca_icm/predictions.npz,results/models/multi-complete/ppca_icm/config.json
multi-complete,standard,ppca_icm,rmse,specific_humidity_dex,0.4594350258509318,results/models/multi-complete/ppca_icm/metrics_standard.json,results/models/multi-complete/ppca_icm/predictions.npz,results/models/multi-complete/ppca_icm/config.json
multi-complete,standard,ppca_icm,rmse,cloud_fraction,0.08782717088858287,results/models/multi-complete/ppca_icm/metrics_standard.json,results/models/multi-complete/ppca_icm/predictions.npz,results/models/multi-complete/ppca_icm/config.json
multi-complete,standard,ppca_icm,rmse,u,8.632474422454834,results/models/multi-complete/ppca_icm/metrics_standard.json,results/models/multi-complete/ppca_icm/predictions.npz,results/models/multi-complete/ppca_icm/config.json
multi-complete,standard,ppca_icm,rmse,v,4.220714039272732,results/models/multi-complete/ppca_icm/metrics_standard.json,results/models/multi-complete/ppca_icm/predictions.npz,results/models/multi-complete/ppca_icm/config.json
multi-complete,standard,ppca_icm,rmse,asr,26.115436553955078,results/models/multi-complete/ppca_icm/metrics_standard.json,results/models/multi-complete/ppca_icm/predictions.npz,results/models/multi-complete/ppca_icm/config.json
multi-complete,standard,ppca_icm,rmse,olr,18.169906616210938,results/models/multi-complete/ppca_icm/metrics_standard.json,results/models/multi-complete/ppca_icm/predictions.npz,results/models/multi-complete/ppca_icm/config.json
multi-complete,standard,ppca_icm,acc,surface_temperature,0.9726523160934448,results/models/multi-complete/ppca_icm/metrics_standard.json,results/models/multi-complete/ppca_icm/predictions.npz,results/models/multi-complete/ppca_icm/config.json
multi-complete,standard,ppca_icm,acc,temperature,0.6633215745290121,results/models/multi-complete/ppca_icm/metrics_standard.json,results/models/multi-complete/ppca_icm/predictions.npz,results/models/multi-complete/ppca_icm/config.json
multi-complete,standard,ppca_icm,acc,specific_humidity_dex,0.8346795505947537,results/models/multi-complete/ppca_icm/metrics_standard.json,results/models/multi-complete/ppca_icm/predictions.npz,results/models/multi-complete/ppca_icm/config.json
multi-complete,standard,ppca_icm,acc,cloud_fraction,0.7355659339163039,results/models/multi-complete/ppca_icm/metrics_standard.json,results/models/multi-complete/ppca_icm/predictions.npz,results/models/multi-complete/ppca_icm/config.json
multi-complete,standard,ppca_icm,acc,u,0.7228677140341865,results/models/multi-complete/ppca_icm/metrics_standard.json,results/models/multi-complete/ppca_icm/predictions.npz,results/models/multi-complete/ppca_icm/config.json
multi-complete,standard,ppca_icm,acc,v,0.683945831325319,results/models/multi-complete/ppca_icm/metrics_standard.json,results/models/multi-complete/ppca_icm/predictions.npz,results/models/multi-complete/ppca_icm/config.json
multi-complete,standard,ppca_icm,acc,asr,0.9962651133537292,results/models/multi-complete/ppca_icm/metrics_standard.json,results/models/multi-complete/ppca_icm/predictions.npz,results/models/multi-complete/ppca_icm/config.json
multi-complete,standard,ppca_icm,acc,olr,0.8651459217071533,results/models/multi-complete/ppca_icm/metrics_standard.json,results/models/multi-complete/ppca_icm/predictions.npz,results/models/multi-complete/ppca_icm/config.json
multi-complete,standard,ppca_icm,ramse,surface_temperature,11.462922096252441,results/models/multi-complete/ppca_icm/metrics_standard.json,results/models/multi-complete/ppca_icm/predictions.npz,results/models/multi-complete/ppca_icm/config.json
multi-complete,standard,ppca_icm,ramse,temperature,9.92789755927192,results/models/multi-complete/ppca_icm/metrics_standard.json,results/models/multi-complete/ppca_icm/predictions.npz,results/models/multi-complete/ppca_icm/config.json
multi-complete,standard,ppca_icm,ramse,specific_humidity_dex,0.4816383123397827,results/models/multi-complete/ppca_icm/metrics_standard.json,results/models/multi-complete/ppca_icm/predictions.npz,results/models/multi-complete/ppca_icm/config.json
multi-complete,standard,ppca_icm,ramse,cloud_fraction,0.101410956432422,results/models/multi-complete/ppca_icm/metrics_standard.json,results/models/multi-complete/ppca_icm/predictions.npz,results/models/multi-complete/ppca_icm/config.json
multi-complete,standard,ppca_icm,ramse,u,10.249012125862969,results/models/multi-complete/ppca_icm/metrics_standard.json,results/models/multi-complete/ppca_icm/predictions.npz,results/models/multi-complete/ppca_icm/config.json
multi-complete,standard,ppca_icm,ramse,v,5.06624452273051,results/models/multi-complete/ppca_icm/metrics_standard.json,results/models/multi-complete/ppca_icm/predictions.npz,results/models/multi-complete/ppca_icm/config.json
multi-complete,standard,ppca_icm,ramse,asr,27.91143226623535,results/models/multi-complete/ppca_icm/metrics_standard.json,results/models/multi-complete/ppca_icm/predictions.npz,results/models/multi-complete/ppca_icm/config.json
multi-complete,standard,ppca_icm,ramse,olr,19.57210350036621,results/models/multi-complete/ppca_icm/metrics_standard.json,results/models/multi-complete/ppca_icm/predictions.npz,results/models/multi-complete/ppca_icm/config.json
multi-complete,standard,ppca_icm,energy_score,surface_temperature,8.73499584197998,results/models/multi-complete/ppca_icm/metrics_standard.json,results/models/multi-complete/ppca_icm/predictions.npz,results/models/multi-complete/ppca_icm/config.json
multi-complete,standard,ppca_icm,energy_score,temperature,7.669638209872776,results/models/multi-complete/ppca_icm/metrics_standard.json,results/models/multi-complete/ppca_icm/predictions.npz,results/models/multi-complete/ppca_icm/config.json
multi-complete,standard,ppca_icm,energy_score,specific_humidity_dex,0.3556734886434343,results/models/multi-complete/ppca_icm/metrics_standard.json,results/models/multi-complete/ppca_icm/predictions.npz,results/models/multi-complete/ppca_icm/config.json
multi-complete,standard,ppca_icm,energy_score,cloud_fraction,0.07060797678099738,results/models/multi-complete/ppca_icm/metrics_standard.json,results/models/multi-complete/ppca_icm/predictions.npz,results/models/multi-complete/ppca_icm/config.json
multi-complete,standard,ppca_icm,energy_score,u,7.269776238335504,results/models/multi-complete/ppca_icm/metrics_standard.json,results/models/multi-complete/ppca_icm/predictions.npz,results/models/multi-complete/ppca_icm/config.json
multi-complete,standard,ppca_icm,energy_score,v,3.4755261739095054,results/models/multi-complete/ppca_icm/metrics_standard.json,results/models/multi-complete/ppca_icm/predictions.npz,results/models/multi-complete/ppca_icm/config.json
multi-complete,standard,ppca_icm,energy_score,asr,20.696880340576172,results/models/multi-complete/ppca_icm/metrics_standard.json,results/models/multi-complete/ppca_icm/predictions.npz,results/models/multi-complete/ppca_icm/config.json
multi-complete,standard,ppca_icm,energy_score,olr,14.104959487915039,results/models/multi-complete/ppca_icm/metrics_standard.json,results/models/multi-complete/ppca_icm/predictions.npz,results/models/multi-complete/ppca_icm/config.json
multi-complete,standard,ppca_icm,spread_skill_ratio,surface_temperature,0.6278761029243469,results/models/multi-complete/ppca_icm/metrics_standard.json,results/models/multi-complete/ppca_icm/predictions.npz,results/models/multi-complete/ppca_icm/config.json
multi-complete,standard,ppca_icm,spread_skill_ratio,temperature,0.5330354207091861,results/models/multi-complete/ppca_icm/metrics_standard.json,results/models/multi-complete/ppca_icm/predictions.npz,results/models/multi-complete/ppca_icm/config.json
multi-complete,standard,ppca_icm,spread_skill_ratio,specific_humidity_dex,0.6962316168679131,results/models/multi-complete/ppca_icm/metrics_standard.json,results/models/multi-complete/ppca_icm/predictions.npz,results/models/multi-complete/ppca_icm/config.json
multi-complete,standard,ppca_icm,spread_skill_ratio,cloud_fraction,0.3789978325366974,results/models/multi-complete/ppca_icm/metrics_standard.json,results/models/multi-complete/ppca_icm/predictions.npz,results/models/multi-complete/ppca_icm/config.json
multi-complete,standard,ppca_icm,spread_skill_ratio,u,0.285539953245057,results/models/multi-complete/ppca_icm/metrics_standard.json,results/models/multi-complete/ppca_icm/predictions.npz,results/models/multi-complete/ppca_icm/config.json
multi-complete,standard,ppca_icm,spread_skill_ratio,v,0.34280197156800163,results/models/multi-complete/ppca_icm/metrics_standard.json,results/models/multi-complete/ppca_icm/predictions.npz,results/models/multi-complete/ppca_icm/config.json
multi-complete,standard,ppca_icm,spread_skill_ratio,asr,0.3997899889945984,results/models/multi-complete/ppca_icm/metrics_standard.json,results/models/multi-complete/ppca_icm/predictions.npz,results/models/multi-complete/ppca_icm/config.json
multi-complete,standard,ppca_icm,spread_skill_ratio,olr,0.4930724799633026,results/models/multi-complete/ppca_icm/metrics_standard.json,results/models/multi-complete/ppca_icm/predictions.npz,results/models/multi-complete/ppca_icm/config.json
multi-complete,shared_planets,ppca_icm,relative_rmse,surface_temperature,1.0384708642959595,results/models/multi-complete/ppca_icm/metrics_shared_planets.json,results/models/multi-complete/ppca_icm/predictions_shared_planets.npz,results/models/multi-complete/ppca_icm/config.json
multi-complete,shared_planets,ppca_icm,relative_rmse,temperature,0.9352042078971863,results/models/multi-complete/ppca_icm/metrics_shared_planets.json,results/models/multi-complete/ppca_icm/predictions_shared_planets.npz,results/models/multi-complete/ppca_icm/config.json
multi-complete,shared_planets,ppca_icm,relative_rmse,specific_humidity_dex,0.8526973724365234,results/models/multi-complete/ppca_icm/metrics_shared_planets.json,results/models/multi-complete/ppca_icm/predictions_shared_planets.npz,results/models/multi-complete/ppca_icm/config.json
multi-complete,shared_planets,ppca_icm,relative_rmse,cloud_fraction,0.6150582432746887,results/models/multi-complete/ppca_icm/metrics_shared_planets.json,results/models/multi-complete/ppca_icm/predictions_shared_planets.npz,results/models/multi-complete/ppca_icm/config.json
multi-complete,shared_planets,ppca_icm,relative_rmse,u,0.8541409373283386,results/models/multi-complete/ppca_icm/metrics_shared_planets.json,results/models/multi-complete/ppca_icm/predictions_shared_planets.npz,results/models/multi-complete/ppca_icm/config.json
multi-complete,shared_planets,ppca_icm,relative_rmse,v,0.8122640252113342,results/models/multi-complete/ppca_icm/metrics_shared_planets.json,results/models/multi-complete/ppca_icm/predictions_shared_planets.npz,results/models/multi-complete/ppca_icm/config.json
multi-complete,shared_planets,ppca_icm,relative_rmse,asr,0.7374749183654785,results/models/multi-complete/ppca_icm/metrics_shared_planets.json,results/models/multi-complete/ppca_icm/predictions_shared_planets.npz,results/models/multi-complete/ppca_icm/config.json
multi-complete,shared_planets,ppca_icm,relative_rmse,olr,0.7962794303894043,results/models/multi-complete/ppca_icm/metrics_shared_planets.json,results/models/multi-complete/ppca_icm/predictions_shared_planets.npz,results/models/multi-complete/ppca_icm/config.json
multi-complete,shared_planets,ppca_icm,relative_acc,surface_temperature,1.05392587184906,results/models/multi-complete/ppca_icm/metrics_shared_planets.json,results/models/multi-complete/ppca_icm/predictions_shared_planets.npz,results/models/multi-complete/ppca_icm/config.json
multi-complete,shared_planets,ppca_icm,relative_acc,temperature,1.624626636505127,results/models/multi-complete/ppca_icm/metrics_shared_planets.json,results/models/multi-complete/ppca_icm/predictions_shared_planets.npz,results/models/multi-complete/ppca_icm/config.json
multi-complete,shared_planets,ppca_icm,relative_acc,specific_humidity_dex,1.2784373760223389,results/models/multi-complete/ppca_icm/metrics_shared_planets.json,results/models/multi-complete/ppca_icm/predictions_shared_planets.npz,results/models/multi-complete/ppca_icm/config.json
multi-complete,shared_planets,ppca_icm,relative_acc,cloud_fraction,1.4027342796325684,results/models/multi-complete/ppca_icm/metrics_shared_planets.json,results/models/multi-complete/ppca_icm/predictions_shared_planets.npz,results/models/multi-complete/ppca_icm/config.json
multi-complete,shared_planets,ppca_icm,relative_acc,u,5.058389663696289,results/models/multi-complete/ppca_icm/metrics_shared_planets.json,results/models/multi-complete/ppca_icm/predictions_shared_planets.npz,results/models/multi-complete/ppca_icm/config.json
multi-complete,shared_planets,ppca_icm,relative_acc,v,1.3230952024459839,results/models/multi-complete/ppca_icm/metrics_shared_planets.json,results/models/multi-complete/ppca_icm/predictions_shared_planets.npz,results/models/multi-complete/ppca_icm/config.json
multi-complete,shared_planets,ppca_icm,relative_acc,asr,1.0048081874847412,results/models/multi-complete/ppca_icm/metrics_shared_planets.json,results/models/multi-complete/ppca_icm/predictions_shared_planets.npz,results/models/multi-complete/ppca_icm/config.json
multi-complete,shared_planets,ppca_icm,relative_acc,olr,1.1407489776611328,results/models/multi-complete/ppca_icm/metrics_shared_planets.json,results/models/multi-complete/ppca_icm/predictions_shared_planets.npz,results/models/multi-complete/ppca_icm/config.json
multi-complete,shared_planets,ppca_icm,relative_energy_score,surface_temperature,0.8107816576957703,results/models/multi-complete/ppca_icm/metrics_shared_planets.json,results/models/multi-complete/ppca_icm/predictions_shared_planets.npz,results/models/multi-complete/ppca_icm/config.json
multi-complete,shared_planets,ppca_icm,relative_energy_score,temperature,0.7292055487632751,results/models/multi-complete/ppca_icm/metrics_shared_planets.json,results/models/multi-complete/ppca_icm/predictions_shared_planets.npz,results/models/multi-complete/ppca_icm/config.json
multi-complete,shared_planets,ppca_icm,relative_energy_score,specific_humidity_dex,0.6454328894615173,results/models/multi-complete/ppca_icm/metrics_shared_planets.json,results/models/multi-complete/ppca_icm/predictions_shared_planets.npz,results/models/multi-complete/ppca_icm/config.json
multi-complete,shared_planets,ppca_icm,relative_energy_score,cloud_fraction,0.4950362741947174,results/models/multi-complete/ppca_icm/metrics_shared_planets.json,results/models/multi-complete/ppca_icm/predictions_shared_planets.npz,results/models/multi-complete/ppca_icm/config.json
multi-complete,shared_planets,ppca_icm,relative_energy_score,u,0.7008876204490662,results/models/multi-complete/ppca_icm/metrics_shared_planets.json,results/models/multi-complete/ppca_icm/predictions_shared_planets.npz,results/models/multi-complete/ppca_icm/config.json
multi-complete,shared_planets,ppca_icm,relative_energy_score,v,0.6546419858932495,results/models/multi-complete/ppca_icm/metrics_shared_planets.json,results/models/multi-complete/ppca_icm/predictions_shared_planets.npz,results/models/multi-complete/ppca_icm/config.json
multi-complete,shared_planets,ppca_icm,relative_energy_score,asr,0.5801184773445129,results/models/multi-complete/ppca_icm/metrics_shared_planets.json,results/models/multi-complete/ppca_icm/predictions_shared_planets.npz,results/models/multi-complete/ppca_icm/config.json
multi-complete,shared_planets,ppca_icm,relative_energy_score,olr,0.6204069256782532,results/models/multi-complete/ppca_icm/metrics_shared_planets.json,results/models/multi-complete/ppca_icm/predictions_shared_planets.npz,results/models/multi-complete/ppca_icm/config.json
multi-complete,standard,sfno,rmse,surface_temperature,12.083244323730469,results/models/multi-complete/sfno/metrics_standard.json,results/models/multi-complete/sfno/predictions.npz,results/models/multi-complete/sfno/config.json
multi-complete,standard,sfno,rmse,temperature,9.894385973612467,results/models/multi-complete/sfno/metrics_standard.json,results/models/multi-complete/sfno/predictions.npz,results/models/multi-complete/sfno/config.json
multi-complete,standard,sfno,rmse,specific_humidity_dex,0.48574598630269367,results/models/multi-complete/sfno/metrics_standard.json,results/models/multi-complete/sfno/predictions.npz,results/models/multi-complete/sfno/config.json
multi-complete,standard,sfno,rmse,cloud_fraction,0.09104173133770625,results/models/multi-complete/sfno/metrics_standard.json,results/models/multi-complete/sfno/predictions.npz,results/models/multi-complete/sfno/config.json
multi-complete,standard,sfno,rmse,u,8.961228900485569,results/models/multi-complete/sfno/metrics_standard.json,results/models/multi-complete/sfno/predictions.npz,results/models/multi-complete/sfno/config.json
multi-complete,standard,sfno,rmse,v,4.267246802647908,results/models/multi-complete/sfno/metrics_standard.json,results/models/multi-complete/sfno/predictions.npz,results/models/multi-complete/sfno/config.json
multi-complete,standard,sfno,rmse,asr,30.626667022705078,results/models/multi-complete/sfno/metrics_standard.json,results/models/multi-complete/sfno/predictions.npz,results/models/multi-complete/sfno/config.json
multi-complete,standard,sfno,rmse,olr,18.949853897094727,results/models/multi-complete/sfno/metrics_standard.json,results/models/multi-complete/sfno/predictions.npz,results/models/multi-complete/sfno/config.json
multi-complete,standard,sfno,acc,surface_temperature,0.9623509645462036,results/models/multi-complete/sfno/metrics_standard.json,results/models/multi-complete/sfno/predictions.npz,results/models/multi-complete/sfno/config.json
multi-complete,standard,sfno,acc,temperature,0.5513725959592395,results/models/multi-complete/sfno/metrics_standard.json,results/models/multi-complete/sfno/predictions.npz,results/models/multi-complete/sfno/config.json
multi-complete,standard,sfno,acc,specific_humidity_dex,0.7684932251771291,results/models/multi-complete/sfno/metrics_standard.json,results/models/multi-complete/sfno/predictions.npz,results/models/multi-complete/sfno/config.json
multi-complete,standard,sfno,acc,cloud_fraction,0.7358409828609891,results/models/multi-complete/sfno/metrics_standard.json,results/models/multi-complete/sfno/predictions.npz,results/models/multi-complete/sfno/config.json
multi-complete,standard,sfno,acc,u,0.7144486241870456,results/models/multi-complete/sfno/metrics_standard.json,results/models/multi-complete/sfno/predictions.npz,results/models/multi-complete/sfno/config.json
multi-complete,standard,sfno,acc,v,0.6905434131622314,results/models/multi-complete/sfno/metrics_standard.json,results/models/multi-complete/sfno/predictions.npz,results/models/multi-complete/sfno/config.json
multi-complete,standard,sfno,acc,asr,0.9951663017272949,results/models/multi-complete/sfno/metrics_standard.json,results/models/multi-complete/sfno/predictions.npz,results/models/multi-complete/sfno/config.json
multi-complete,standard,sfno,acc,olr,0.852986752986908,results/models/multi-complete/sfno/metrics_standard.json,results/models/multi-complete/sfno/predictions.npz,results/models/multi-complete/sfno/config.json
multi-complete,standard,sfno,ramse,surface_temperature,12.488448143005371,results/models/multi-complete/sfno/metrics_standard.json,results/models/multi-complete/sfno/predictions.npz,results/models/multi-complete/sfno/config.json
multi-complete,standard,sfno,ramse,temperature,10.638096703423393,results/models/multi-complete/sfno/metrics_standard.json,results/models/multi-complete/sfno/predictions.npz,results/models/multi-complete/sfno/config.json
multi-complete,standard,sfno,ramse,specific_humidity_dex,0.5206276045905219,results/models/multi-complete/sfno/metrics_standard.json,results/models/multi-complete/sfno/predictions.npz,results/models/multi-complete/sfno/config.json
multi-complete,standard,sfno,ramse,cloud_fraction,0.10468115574783748,results/models/multi-complete/sfno/metrics_standard.json,results/models/multi-complete/sfno/predictions.npz,results/models/multi-complete/sfno/config.json
multi-complete,standard,sfno,ramse,u,10.690903160307142,results/models/multi-complete/sfno/metrics_standard.json,results/models/multi-complete/sfno/predictions.npz,results/models/multi-complete/sfno/config.json
multi-complete,standard,sfno,ramse,v,5.101858536402385,results/models/multi-complete/sfno/metrics_standard.json,results/models/multi-complete/sfno/predictions.npz,results/models/multi-complete/sfno/config.json
multi-complete,standard,sfno,ramse,asr,32.53375244140625,results/models/multi-complete/sfno/metrics_standard.json,results/models/multi-complete/sfno/predictions.npz,results/models/multi-complete/sfno/config.json
multi-complete,standard,sfno,ramse,olr,20.587217330932617,results/models/multi-complete/sfno/metrics_standard.json,results/models/multi-complete/sfno/predictions.npz,results/models/multi-complete/sfno/config.json
multi-complete,shared_planets,sfno,relative_rmse,surface_temperature,0.9460274577140808,results/models/multi-complete/sfno/metrics_shared_planets.json,results/models/multi-complete/sfno/predictions_shared_planets.npz,results/models/multi-complete/sfno/config.json
multi-complete,shared_planets,sfno,relative_rmse,temperature,0.8713667988777161,results/models/multi-complete/sfno/metrics_shared_planets.json,results/models/multi-complete/sfno/predictions_shared_planets.npz,results/models/multi-complete/sfno/config.json
multi-complete,shared_planets,sfno,relative_rmse,specific_humidity_dex,0.7868178486824036,results/models/multi-complete/sfno/metrics_shared_planets.json,results/models/multi-complete/sfno/predictions_shared_planets.npz,results/models/multi-complete/sfno/config.json
multi-complete,shared_planets,sfno,relative_rmse,cloud_fraction,0.6293911933898926,results/models/multi-complete/sfno/metrics_shared_planets.json,results/models/multi-complete/sfno/predictions_shared_planets.npz,results/models/multi-complete/sfno/config.json
multi-complete,shared_planets,sfno,relative_rmse,u,0.8322733044624329,results/models/multi-complete/sfno/metrics_shared_planets.json,results/models/multi-complete/sfno/predictions_shared_planets.npz,results/models/multi-complete/sfno/config.json
multi-complete,shared_planets,sfno,relative_rmse,v,0.7938029170036316,results/models/multi-complete/sfno/metrics_shared_planets.json,results/models/multi-complete/sfno/predictions_shared_planets.npz,results/models/multi-complete/sfno/config.json
multi-complete,shared_planets,sfno,relative_rmse,asr,0.8240048289299011,results/models/multi-complete/sfno/metrics_shared_planets.json,results/models/multi-complete/sfno/predictions_shared_planets.npz,results/models/multi-complete/sfno/config.json
multi-complete,shared_planets,sfno,relative_rmse,olr,0.805059015750885,results/models/multi-complete/sfno/metrics_shared_planets.json,results/models/multi-complete/sfno/predictions_shared_planets.npz,results/models/multi-complete/sfno/config.json
multi-complete,shared_planets,sfno,relative_acc,surface_temperature,1.038143277168274,results/models/multi-complete/sfno/metrics_shared_planets.json,results/models/multi-complete/sfno/predictions_shared_planets.npz,results/models/multi-complete/sfno/config.json
multi-complete,shared_planets,sfno,relative_acc,temperature,1.345571756362915,results/models/multi-complete/sfno/metrics_shared_planets.json,results/models/multi-complete/sfno/predictions_shared_planets.npz,results/models/multi-complete/sfno/config.json
multi-complete,shared_planets,sfno,relative_acc,specific_humidity_dex,1.1559056043624878,results/models/multi-complete/sfno/metrics_shared_planets.json,results/models/multi-complete/sfno/predictions_shared_planets.npz,results/models/multi-complete/sfno/config.json
multi-complete,shared_planets,sfno,relative_acc,cloud_fraction,1.4246279001235962,results/models/multi-complete/sfno/metrics_shared_planets.json,results/models/multi-complete/sfno/predictions_shared_planets.npz,results/models/multi-complete/sfno/config.json
multi-complete,shared_planets,sfno,relative_acc,u,4.198129653930664,results/models/multi-complete/sfno/metrics_shared_planets.json,results/models/multi-complete/sfno/predictions_shared_planets.npz,results/models/multi-complete/sfno/config.json
multi-complete,shared_planets,sfno,relative_acc,v,1.202917218208313,results/models/multi-complete/sfno/metrics_shared_planets.json,results/models/multi-complete/sfno/predictions_shared_planets.npz,results/models/multi-complete/sfno/config.json
multi-complete,shared_planets,sfno,relative_acc,asr,1.0033953189849854,results/models/multi-complete/sfno/metrics_shared_planets.json,results/models/multi-complete/sfno/predictions_shared_planets.npz,results/models/multi-complete/sfno/config.json
multi-complete,shared_planets,sfno,relative_acc,olr,1.119178295135498,results/models/multi-complete/sfno/metrics_shared_planets.json,results/models/multi-complete/sfno/predictions_shared_planets.npz,results/models/multi-complete/sfno/config.json
multi-complete,standard,train_mean,rmse,surface_temperature,23.997161865234375,results/models/multi-complete/train_mean/metrics_standard.json,results/models/multi-complete/train_mean/predictions.npz,results/models/multi-complete/train_mean/config.json
multi-complete,standard,train_mean,rmse,temperature,19.316763136121963,results/models/multi-complete/train_mean/metrics_standard.json,results/models/multi-complete/train_mean/predictions.npz,results/models/multi-complete/train_mean/config.json
multi-complete,standard,train_mean,rmse,specific_humidity_dex,1.0865782697995503,results/models/multi-complete/train_mean/metrics_standard.json,results/models/multi-complete/train_mean/predictions.npz,results/models/multi-complete/train_mean/config.json
multi-complete,standard,train_mean,rmse,cloud_fraction,0.13558389080895317,results/models/multi-complete/train_mean/metrics_standard.json,results/models/multi-complete/train_mean/predictions.npz,results/models/multi-complete/train_mean/config.json
multi-complete,standard,train_mean,rmse,u,15.249434206220839,results/models/multi-complete/train_mean/metrics_standard.json,results/models/multi-complete/train_mean/predictions.npz,results/models/multi-complete/train_mean/config.json
multi-complete,standard,train_mean,rmse,v,6.14610841539171,results/models/multi-complete/train_mean/metrics_standard.json,results/models/multi-complete/train_mean/predictions.npz,results/models/multi-complete/train_mean/config.json
multi-complete,standard,train_mean,rmse,asr,59.66440200805664,results/models/multi-complete/train_mean/metrics_standard.json,results/models/multi-complete/train_mean/predictions.npz,results/models/multi-complete/train_mean/config.json
multi-complete,standard,train_mean,rmse,olr,41.234222412109375,results/models/multi-complete/train_mean/metrics_standard.json,results/models/multi-complete/train_mean/predictions.npz,results/models/multi-complete/train_mean/config.json
multi-complete,standard,train_mean,acc,surface_temperature,0.9409279227256775,results/models/multi-complete/train_mean/metrics_standard.json,results/models/multi-complete/train_mean/predictions.npz,results/models/multi-complete/train_mean/config.json
multi-complete,standard,train_mean,acc,temperature,0.4220661206377877,results/models/multi-complete/train_mean/metrics_standard.json,results/models/multi-complete/train_mean/predictions.npz,results/models/multi-complete/train_mean/config.json
multi-complete,standard,train_mean,acc,specific_humidity_dex,0.7265633675787184,results/models/multi-complete/train_mean/metrics_standard.json,results/models/multi-complete/train_mean/predictions.npz,results/models/multi-complete/train_mean/config.json
multi-complete,standard,train_mean,acc,cloud_fraction,0.5792710251278348,results/models/multi-complete/train_mean/metrics_standard.json,results/models/multi-complete/train_mean/predictions.npz,results/models/multi-complete/train_mean/config.json
multi-complete,standard,train_mean,acc,u,0.5369469755225711,results/models/multi-complete/train_mean/metrics_standard.json,results/models/multi-complete/train_mean/predictions.npz,results/models/multi-complete/train_mean/config.json
multi-complete,standard,train_mean,acc,v,0.5552485618326399,results/models/multi-complete/train_mean/metrics_standard.json,results/models/multi-complete/train_mean/predictions.npz,results/models/multi-complete/train_mean/config.json
multi-complete,standard,train_mean,acc,asr,0.9942466020584106,results/models/multi-complete/train_mean/metrics_standard.json,results/models/multi-complete/train_mean/predictions.npz,results/models/multi-complete/train_mean/config.json
multi-complete,standard,train_mean,acc,olr,0.7143141031265259,results/models/multi-complete/train_mean/metrics_standard.json,results/models/multi-complete/train_mean/predictions.npz,results/models/multi-complete/train_mean/config.json
multi-complete,standard,train_mean,ramse,surface_temperature,24.52923583984375,results/models/multi-complete/train_mean/metrics_standard.json,results/models/multi-complete/train_mean/predictions.npz,results/models/multi-complete/train_mean/config.json
multi-complete,standard,train_mean,ramse,temperature,19.801396052042644,results/models/multi-complete/train_mean/metrics_standard.json,results/models/multi-complete/train_mean/predictions.npz,results/models/multi-complete/train_mean/config.json
multi-complete,standard,train_mean,ramse,specific_humidity_dex,1.121622449821896,results/models/multi-complete/train_mean/metrics_standard.json,results/models/multi-complete/train_mean/predictions.npz,results/models/multi-complete/train_mean/config.json
multi-complete,standard,train_mean,ramse,cloud_fraction,0.15887963192330468,results/models/multi-complete/train_mean/metrics_standard.json,results/models/multi-complete/train_mean/predictions.npz,results/models/multi-complete/train_mean/config.json
multi-complete,standard,train_mean,ramse,u,17.752098719278973,results/models/multi-complete/train_mean/metrics_standard.json,results/models/multi-complete/train_mean/predictions.npz,results/models/multi-complete/train_mean/config.json
multi-complete,standard,train_mean,ramse,v,7.625037590662639,results/models/multi-complete/train_mean/metrics_standard.json,results/models/multi-complete/train_mean/predictions.npz,results/models/multi-complete/train_mean/config.json
multi-complete,standard,train_mean,ramse,asr,61.76863098144531,results/models/multi-complete/train_mean/metrics_standard.json,results/models/multi-complete/train_mean/predictions.npz,results/models/multi-complete/train_mean/config.json
multi-complete,standard,train_mean,ramse,olr,43.98796463012695,results/models/multi-complete/train_mean/metrics_standard.json,results/models/multi-complete/train_mean/predictions.npz,results/models/multi-complete/train_mean/config.json
multi-complete,shared_planets,train_mean,relative_rmse,surface_temperature,1.7087706327438354,results/models/multi-complete/train_mean/metrics_shared_planets.json,results/models/multi-complete/train_mean/predictions_shared_planets.npz,results/models/multi-complete/train_mean/config.json
multi-complete,shared_planets,train_mean,relative_rmse,temperature,1.558112621307373,results/models/multi-complete/train_mean/metrics_shared_planets.json,results/models/multi-complete/train_mean/predictions_shared_planets.npz,results/models/multi-complete/train_mean/config.json
multi-complete,shared_planets,train_mean,relative_rmse,specific_humidity_dex,1.5342594385147095,results/models/multi-complete/train_mean/metrics_shared_planets.json,results/models/multi-complete/train_mean/predictions_shared_planets.npz,results/models/multi-complete/train_mean/config.json
multi-complete,shared_planets,train_mean,relative_rmse,cloud_fraction,0.8613073825836182,results/models/multi-complete/train_mean/metrics_shared_planets.json,results/models/multi-complete/train_mean/predictions_shared_planets.npz,results/models/multi-complete/train_mean/config.json
multi-complete,shared_planets,train_mean,relative_rmse,u,1.3765233755111694,results/models/multi-complete/train_mean/metrics_shared_planets.json,results/models/multi-complete/train_mean/predictions_shared_planets.npz,results/models/multi-complete/train_mean/config.json
multi-complete,shared_planets,train_mean,relative_rmse,v,1.1639832258224487,results/models/multi-complete/train_mean/metrics_shared_planets.json,results/models/multi-complete/train_mean/predictions_shared_planets.npz,results/models/multi-complete/train_mean/config.json
multi-complete,shared_planets,train_mean,relative_rmse,asr,1.3553876876831055,results/models/multi-complete/train_mean/metrics_shared_planets.json,results/models/multi-complete/train_mean/predictions_shared_planets.npz,results/models/multi-complete/train_mean/config.json
multi-complete,shared_planets,train_mean,relative_rmse,olr,1.5786257982254028,results/models/multi-complete/train_mean/metrics_shared_planets.json,results/models/multi-complete/train_mean/predictions_shared_planets.npz,results/models/multi-complete/train_mean/config.json
multi-complete,shared_planets,train_mean,relative_acc,surface_temperature,1.0260637998580933,results/models/multi-complete/train_mean/metrics_shared_planets.json,results/models/multi-complete/train_mean/predictions_shared_planets.npz,results/models/multi-complete/train_mean/config.json
multi-complete,shared_planets,train_mean,relative_acc,temperature,1.102432370185852,results/models/multi-complete/train_mean/metrics_shared_planets.json,results/models/multi-complete/train_mean/predictions_shared_planets.npz,results/models/multi-complete/train_mean/config.json
multi-complete,shared_planets,train_mean,relative_acc,specific_humidity_dex,1.1396478414535522,results/models/multi-complete/train_mean/metrics_shared_planets.json,results/models/multi-complete/train_mean/predictions_shared_planets.npz,results/models/multi-complete/train_mean/config.json
multi-complete,shared_planets,train_mean,relative_acc,cloud_fraction,1.1762183904647827,results/models/multi-complete/train_mean/metrics_shared_planets.json,results/models/multi-complete/train_mean/predictions_shared_planets.npz,results/models/multi-complete/train_mean/config.json
multi-complete,shared_planets,train_mean,relative_acc,u,3.798032522201538,results/models/multi-complete/train_mean/metrics_shared_planets.json,results/models/multi-complete/train_mean/predictions_shared_planets.npz,results/models/multi-complete/train_mean/config.json
multi-complete,shared_planets,train_mean,relative_acc,v,1.0289613008499146,results/models/multi-complete/train_mean/metrics_shared_planets.json,results/models/multi-complete/train_mean/predictions_shared_planets.npz,results/models/multi-complete/train_mean/config.json
multi-complete,shared_planets,train_mean,relative_acc,asr,1.0038453340530396,results/models/multi-complete/train_mean/metrics_shared_planets.json,results/models/multi-complete/train_mean/predictions_shared_planets.npz,results/models/multi-complete/train_mean/config.json
multi-complete,shared_planets,train_mean,relative_acc,olr,0.9924027919769287,results/models/multi-complete/train_mean/metrics_shared_planets.json,results/models/multi-complete/train_mean/predictions_shared_planets.npz,results/models/multi-complete/train_mean/config.json
single-complete,standard,conv_decoder,rmse,surface_temperature,11.039435386657715,results/models/single-complete/conv_decoder/metrics_standard.json,results/models/single-complete/conv_decoder/predictions.npz,results/models/single-complete/conv_decoder/config.json
single-complete,standard,conv_decoder,rmse,temperature,8.84578307469686,results/models/single-complete/conv_decoder/metrics_standard.json,results/models/single-complete/conv_decoder/predictions.npz,results/models/single-complete/conv_decoder/config.json
single-complete,standard,conv_decoder,rmse,specific_humidity_dex,0.49625202682283187,results/models/single-complete/conv_decoder/metrics_standard.json,results/models/single-complete/conv_decoder/predictions.npz,results/models/single-complete/conv_decoder/config.json
single-complete,standard,conv_decoder,rmse,cloud_fraction,0.0765353577832381,results/models/single-complete/conv_decoder/metrics_standard.json,results/models/single-complete/conv_decoder/predictions.npz,results/models/single-complete/conv_decoder/config.json
single-complete,standard,conv_decoder,rmse,u,7.41466302341885,results/models/single-complete/conv_decoder/metrics_standard.json,results/models/single-complete/conv_decoder/predictions.npz,results/models/single-complete/conv_decoder/config.json
single-complete,standard,conv_decoder,rmse,v,3.3473447296354504,results/models/single-complete/conv_decoder/metrics_standard.json,results/models/single-complete/conv_decoder/predictions.npz,results/models/single-complete/conv_decoder/config.json
single-complete,standard,conv_decoder,rmse,asr,35.246307373046875,results/models/single-complete/conv_decoder/metrics_standard.json,results/models/single-complete/conv_decoder/predictions.npz,results/models/single-complete/conv_decoder/config.json
single-complete,standard,conv_decoder,rmse,olr,18.380495071411133,results/models/single-complete/conv_decoder/metrics_standard.json,results/models/single-complete/conv_decoder/predictions.npz,results/models/single-complete/conv_decoder/config.json
single-complete,standard,conv_decoder,acc,surface_temperature,0.9544509649276733,results/models/single-complete/conv_decoder/metrics_standard.json,results/models/single-complete/conv_decoder/predictions.npz,results/models/single-complete/conv_decoder/config.json
single-complete,standard,conv_decoder,acc,temperature,0.5431311196751065,results/models/single-complete/conv_decoder/metrics_standard.json,results/models/single-complete/conv_decoder/predictions.npz,results/models/single-complete/conv_decoder/config.json
single-complete,standard,conv_decoder,acc,specific_humidity_dex,0.7699642048941718,results/models/single-complete/conv_decoder/metrics_standard.json,results/models/single-complete/conv_decoder/predictions.npz,results/models/single-complete/conv_decoder/config.json
single-complete,standard,conv_decoder,acc,cloud_fraction,0.731011473470264,results/models/single-complete/conv_decoder/metrics_standard.json,results/models/single-complete/conv_decoder/predictions.npz,results/models/single-complete/conv_decoder/config.json
single-complete,standard,conv_decoder,acc,u,0.72983075843917,results/models/single-complete/conv_decoder/metrics_standard.json,results/models/single-complete/conv_decoder/predictions.npz,results/models/single-complete/conv_decoder/config.json
single-complete,standard,conv_decoder,acc,v,0.7144702540503608,results/models/single-complete/conv_decoder/metrics_standard.json,results/models/single-complete/conv_decoder/predictions.npz,results/models/single-complete/conv_decoder/config.json
single-complete,standard,conv_decoder,acc,asr,0.9934459328651428,results/models/single-complete/conv_decoder/metrics_standard.json,results/models/single-complete/conv_decoder/predictions.npz,results/models/single-complete/conv_decoder/config.json
single-complete,standard,conv_decoder,acc,olr,0.906110942363739,results/models/single-complete/conv_decoder/metrics_standard.json,results/models/single-complete/conv_decoder/predictions.npz,results/models/single-complete/conv_decoder/config.json
single-complete,standard,conv_decoder,ramse,surface_temperature,11.464158058166504,results/models/single-complete/conv_decoder/metrics_standard.json,results/models/single-complete/conv_decoder/predictions.npz,results/models/single-complete/conv_decoder/config.json
single-complete,standard,conv_decoder,ramse,temperature,9.573626942104763,results/models/single-complete/conv_decoder/metrics_standard.json,results/models/single-complete/conv_decoder/predictions.npz,results/models/single-complete/conv_decoder/config.json
single-complete,standard,conv_decoder,ramse,specific_humidity_dex,0.5225841138097975,results/models/single-complete/conv_decoder/metrics_standard.json,results/models/single-complete/conv_decoder/predictions.npz,results/models/single-complete/conv_decoder/config.json
single-complete,standard,conv_decoder,ramse,cloud_fraction,0.08991297334432602,results/models/single-complete/conv_decoder/metrics_standard.json,results/models/single-complete/conv_decoder/predictions.npz,results/models/single-complete/conv_decoder/config.json
single-complete,standard,conv_decoder,ramse,u,8.839382754431831,results/models/single-complete/conv_decoder/metrics_standard.json,results/models/single-complete/conv_decoder/predictions.npz,results/models/single-complete/conv_decoder/config.json
single-complete,standard,conv_decoder,ramse,v,4.020646890004476,results/models/single-complete/conv_decoder/metrics_standard.json,results/models/single-complete/conv_decoder/predictions.npz,results/models/single-complete/conv_decoder/config.json
single-complete,standard,conv_decoder,ramse,asr,37.795719146728516,results/models/single-complete/conv_decoder/metrics_standard.json,results/models/single-complete/conv_decoder/predictions.npz,results/models/single-complete/conv_decoder/config.json
single-complete,standard,conv_decoder,ramse,olr,19.48297882080078,results/models/single-complete/conv_decoder/metrics_standard.json,results/models/single-complete/conv_decoder/predictions.npz,results/models/single-complete/conv_decoder/config.json
single-complete,standard,coord_deeponet,rmse,surface_temperature,11.322701454162598,results/models/single-complete/coord_deeponet/metrics_standard.json,results/models/single-complete/coord_deeponet/predictions.npz,results/models/single-complete/coord_deeponet/config.json
single-complete,standard,coord_deeponet,rmse,temperature,9.349924034542507,results/models/single-complete/coord_deeponet/metrics_standard.json,results/models/single-complete/coord_deeponet/predictions.npz,results/models/single-complete/coord_deeponet/config.json
single-complete,standard,coord_deeponet,rmse,specific_humidity_dex,0.5168460408846537,results/models/single-complete/coord_deeponet/metrics_standard.json,results/models/single-complete/coord_deeponet/predictions.npz,results/models/single-complete/coord_deeponet/config.json
single-complete,standard,coord_deeponet,rmse,cloud_fraction,0.08896773598260349,results/models/single-complete/coord_deeponet/metrics_standard.json,results/models/single-complete/coord_deeponet/predictions.npz,results/models/single-complete/coord_deeponet/config.json
single-complete,standard,coord_deeponet,rmse,u,9.039988040924072,results/models/single-complete/coord_deeponet/metrics_standard.json,results/models/single-complete/coord_deeponet/predictions.npz,results/models/single-complete/coord_deeponet/config.json
single-complete,standard,coord_deeponet,rmse,v,4.192453040017022,results/models/single-complete/coord_deeponet/metrics_standard.json,results/models/single-complete/coord_deeponet/predictions.npz,results/models/single-complete/coord_deeponet/config.json
single-complete,standard,coord_deeponet,rmse,asr,30.36783790588379,results/models/single-complete/coord_deeponet/metrics_standard.json,results/models/single-complete/coord_deeponet/predictions.npz,results/models/single-complete/coord_deeponet/config.json
single-complete,standard,coord_deeponet,rmse,olr,19.13324546813965,results/models/single-complete/coord_deeponet/metrics_standard.json,results/models/single-complete/coord_deeponet/predictions.npz,results/models/single-complete/coord_deeponet/config.json
single-complete,standard,coord_deeponet,acc,surface_temperature,0.9536821246147156,results/models/single-complete/coord_deeponet/metrics_standard.json,results/models/single-complete/coord_deeponet/predictions.npz,results/models/single-complete/coord_deeponet/config.json
single-complete,standard,coord_deeponet,acc,temperature,0.6055333481894599,results/models/single-complete/coord_deeponet/metrics_standard.json,results/models/single-complete/coord_deeponet/predictions.npz,results/models/single-complete/coord_deeponet/config.json
single-complete,standard,coord_deeponet,acc,specific_humidity_dex,0.7992406189441681,results/models/single-complete/coord_deeponet/metrics_standard.json,results/models/single-complete/coord_deeponet/predictions.npz,results/models/single-complete/coord_deeponet/config.json
single-complete,standard,coord_deeponet,acc,cloud_fraction,0.712783416112264,results/models/single-complete/coord_deeponet/metrics_standard.json,results/models/single-complete/coord_deeponet/predictions.npz,results/models/single-complete/coord_deeponet/config.json
single-complete,standard,coord_deeponet,acc,u,0.6748805542786916,results/models/single-complete/coord_deeponet/metrics_standard.json,results/models/single-complete/coord_deeponet/predictions.npz,results/models/single-complete/coord_deeponet/config.json
single-complete,standard,coord_deeponet,acc,v,0.6561456885602739,results/models/single-complete/coord_deeponet/metrics_standard.json,results/models/single-complete/coord_deeponet/predictions.npz,results/models/single-complete/coord_deeponet/config.json
single-complete,standard,coord_deeponet,acc,asr,0.9949185252189636,results/models/single-complete/coord_deeponet/metrics_standard.json,results/models/single-complete/coord_deeponet/predictions.npz,results/models/single-complete/coord_deeponet/config.json
single-complete,standard,coord_deeponet,acc,olr,0.8731750249862671,results/models/single-complete/coord_deeponet/metrics_standard.json,results/models/single-complete/coord_deeponet/predictions.npz,results/models/single-complete/coord_deeponet/config.json
single-complete,standard,coord_deeponet,ramse,surface_temperature,11.716218948364258,results/models/single-complete/coord_deeponet/metrics_standard.json,results/models/single-complete/coord_deeponet/predictions.npz,results/models/single-complete/coord_deeponet/config.json
single-complete,standard,coord_deeponet,ramse,temperature,9.822867393493652,results/models/single-complete/coord_deeponet/metrics_standard.json,results/models/single-complete/coord_deeponet/predictions.npz,results/models/single-complete/coord_deeponet/config.json
single-complete,standard,coord_deeponet,ramse,specific_humidity_dex,0.5408965746561686,results/models/single-complete/coord_deeponet/metrics_standard.json,results/models/single-complete/coord_deeponet/predictions.npz,results/models/single-complete/coord_deeponet/config.json
single-complete,standard,coord_deeponet,ramse,cloud_fraction,0.10621738723582691,results/models/single-complete/coord_deeponet/metrics_standard.json,results/models/single-complete/coord_deeponet/predictions.npz,results/models/single-complete/coord_deeponet/config.json
single-complete,standard,coord_deeponet,ramse,u,11.02059170934889,results/models/single-complete/coord_deeponet/metrics_standard.json,results/models/single-complete/coord_deeponet/predictions.npz,results/models/single-complete/coord_deeponet/config.json
single-complete,standard,coord_deeponet,ramse,v,5.242552863226996,results/models/single-complete/coord_deeponet/metrics_standard.json,results/models/single-complete/coord_deeponet/predictions.npz,results/models/single-complete/coord_deeponet/config.json
single-complete,standard,coord_deeponet,ramse,asr,32.239654541015625,results/models/single-complete/coord_deeponet/metrics_standard.json,results/models/single-complete/coord_deeponet/predictions.npz,results/models/single-complete/coord_deeponet/config.json
single-complete,standard,coord_deeponet,ramse,olr,20.664691925048828,results/models/single-complete/coord_deeponet/metrics_standard.json,results/models/single-complete/coord_deeponet/predictions.npz,results/models/single-complete/coord_deeponet/config.json
single-complete,standard,coord_mlp,rmse,surface_temperature,16.773136138916016,results/models/single-complete/coord_mlp/metrics_standard.json,results/models/single-complete/coord_mlp/predictions.npz,results/models/single-complete/coord_mlp/config.json
single-complete,standard,coord_mlp,rmse,temperature,11.112584537929958,results/models/single-complete/coord_mlp/metrics_standard.json,results/models/single-complete/coord_mlp/predictions.npz,results/models/single-complete/coord_mlp/config.json
single-complete,standard,coord_mlp,rmse,specific_humidity_dex,0.6643044054508209,results/models/single-complete/coord_mlp/metrics_standard.json,results/models/single-complete/coord_mlp/predictions.npz,results/models/single-complete/coord_mlp/config.json
single-complete,standard,coord_mlp,rmse,cloud_fraction,0.10307192450596227,results/models/single-complete/coord_mlp/metrics_standard.json,results/models/single-complete/coord_mlp/predictions.npz,results/models/single-complete/coord_mlp/config.json
single-complete,standard,coord_mlp,rmse,u,9.281027873357138,results/models/single-complete/coord_mlp/metrics_standard.json,results/models/single-complete/coord_mlp/predictions.npz,results/models/single-complete/coord_mlp/config.json
single-complete,standard,coord_mlp,rmse,v,4.0033497545454235,results/models/single-complete/coord_mlp/metrics_standard.json,results/models/single-complete/coord_mlp/predictions.npz,results/models/single-complete/coord_mlp/config.json
single-complete,standard,coord_mlp,rmse,asr,64.29944610595703,results/models/single-complete/coord_mlp/metrics_standard.json,results/models/single-complete/coord_mlp/predictions.npz,results/models/single-complete/coord_mlp/config.json
single-complete,standard,coord_mlp,rmse,olr,26.893789291381836,results/models/single-complete/coord_mlp/metrics_standard.json,results/models/single-complete/coord_mlp/predictions.npz,results/models/single-complete/coord_mlp/config.json
single-complete,standard,coord_mlp,acc,surface_temperature,0.948224663734436,results/models/single-complete/coord_mlp/metrics_standard.json,results/models/single-complete/coord_mlp/predictions.npz,results/models/single-complete/coord_mlp/config.json
single-complete,standard,coord_mlp,acc,temperature,0.5248496499326494,results/models/single-complete/coord_mlp/metrics_standard.json,results/models/single-complete/coord_mlp/predictions.npz,results/models/single-complete/coord_mlp/config.json
single-complete,standard,coord_mlp,acc,specific_humidity_dex,0.7298610624339845,results/models/single-complete/coord_mlp/metrics_standard.json,results/models/single-complete/coord_mlp/predictions.npz,results/models/single-complete/coord_mlp/config.json
single-complete,standard,coord_mlp,acc,cloud_fraction,0.6538690792189704,results/models/single-complete/coord_mlp/metrics_standard.json,results/models/single-complete/coord_mlp/predictions.npz,results/models/single-complete/coord_mlp/config.json
single-complete,standard,coord_mlp,acc,u,0.6112614042229123,results/models/single-complete/coord_mlp/metrics_standard.json,results/models/single-complete/coord_mlp/predictions.npz,results/models/single-complete/coord_mlp/config.json
single-complete,standard,coord_mlp,acc,v,0.6323293613062965,results/models/single-complete/coord_mlp/metrics_standard.json,results/models/single-complete/coord_mlp/predictions.npz,results/models/single-complete/coord_mlp/config.json
single-complete,standard,coord_mlp,acc,asr,0.9814682006835938,results/models/single-complete/coord_mlp/metrics_standard.json,results/models/single-complete/coord_mlp/predictions.npz,results/models/single-complete/coord_mlp/config.json
single-complete,standard,coord_mlp,acc,olr,0.7821221351623535,results/models/single-complete/coord_mlp/metrics_standard.json,results/models/single-complete/coord_mlp/predictions.npz,results/models/single-complete/coord_mlp/config.json
single-complete,standard,coord_mlp,ramse,surface_temperature,17.554046630859375,results/models/single-complete/coord_mlp/metrics_standard.json,results/models/single-complete/coord_mlp/predictions.npz,results/models/single-complete/coord_mlp/config.json
single-complete,standard,coord_mlp,ramse,temperature,11.59172609117296,results/models/single-complete/coord_mlp/metrics_standard.json,results/models/single-complete/coord_mlp/predictions.npz,results/models/single-complete/coord_mlp/config.json
single-complete,standard,coord_mlp,ramse,specific_humidity_dex,0.6925150487158034,results/models/single-complete/coord_mlp/metrics_standard.json,results/models/single-complete/coord_mlp/predictions.npz,results/models/single-complete/coord_mlp/config.json
single-complete,standard,coord_mlp,ramse,cloud_fraction,0.12677702183524767,results/models/single-complete/coord_mlp/metrics_standard.json,results/models/single-complete/coord_mlp/predictions.npz,results/models/single-complete/coord_mlp/config.json
single-complete,standard,coord_mlp,ramse,u,11.325471189286974,results/models/single-complete/coord_mlp/metrics_standard.json,results/models/single-complete/coord_mlp/predictions.npz,results/models/single-complete/coord_mlp/config.json
single-complete,standard,coord_mlp,ramse,v,4.849932008319431,results/models/single-complete/coord_mlp/metrics_standard.json,results/models/single-complete/coord_mlp/predictions.npz,results/models/single-complete/coord_mlp/config.json
single-complete,standard,coord_mlp,ramse,asr,70.47156524658203,results/models/single-complete/coord_mlp/metrics_standard.json,results/models/single-complete/coord_mlp/predictions.npz,results/models/single-complete/coord_mlp/config.json
single-complete,standard,coord_mlp,ramse,olr,29.64183235168457,results/models/single-complete/coord_mlp/metrics_standard.json,results/models/single-complete/coord_mlp/predictions.npz,results/models/single-complete/coord_mlp/config.json
single-complete,standard,gplfr,rmse,surface_temperature,9.417487144470215,results/models/single-complete/gplfr/metrics_standard.json,results/models/single-complete/gplfr/predictions.npz,results/models/single-complete/gplfr/config.json
single-complete,standard,gplfr,rmse,temperature,8.161766105228,results/models/single-complete/gplfr/metrics_standard.json,results/models/single-complete/gplfr/predictions.npz,results/models/single-complete/gplfr/config.json
single-complete,standard,gplfr,rmse,specific_humidity_dex,0.4493696358468797,results/models/single-complete/gplfr/metrics_standard.json,results/models/single-complete/gplfr/predictions.npz,results/models/single-complete/gplfr/config.json
single-complete,standard,gplfr,rmse,cloud_fraction,0.07627974326411883,results/models/single-complete/gplfr/metrics_standard.json,results/models/single-complete/gplfr/predictions.npz,results/models/single-complete/gplfr/config.json
single-complete,standard,gplfr,rmse,u,7.447661293877496,results/models/single-complete/gplfr/metrics_standard.json,results/models/single-complete/gplfr/predictions.npz,results/models/single-complete/gplfr/config.json
single-complete,standard,gplfr,rmse,v,3.5311720106336804,results/models/single-complete/gplfr/metrics_standard.json,results/models/single-complete/gplfr/predictions.npz,results/models/single-complete/gplfr/config.json
single-complete,standard,gplfr,rmse,asr,25.12626075744629,results/models/single-complete/gplfr/metrics_standard.json,results/models/single-complete/gplfr/predictions.npz,results/models/single-complete/gplfr/config.json
single-complete,standard,gplfr,rmse,olr,16.345109939575195,results/models/single-complete/gplfr/metrics_standard.json,results/models/single-complete/gplfr/predictions.npz,results/models/single-complete/gplfr/config.json
single-complete,standard,gplfr,acc,surface_temperature,0.9785293340682983,results/models/single-complete/gplfr/metrics_standard.json,results/models/single-complete/gplfr/predictions.npz,results/models/single-complete/gplfr/config.json
single-complete,standard,gplfr,acc,temperature,0.6922223601076338,results/models/single-complete/gplfr/metrics_standard.json,results/models/single-complete/gplfr/predictions.npz,results/models/single-complete/gplfr/config.json
single-complete,standard,gplfr,acc,specific_humidity_dex,0.8493181135919359,results/models/single-complete/gplfr/metrics_standard.json,results/models/single-complete/gplfr/predictions.npz,results/models/single-complete/gplfr/config.json
single-complete,standard,gplfr,acc,cloud_fraction,0.751752946111891,results/models/single-complete/gplfr/metrics_standard.json,results/models/single-complete/gplfr/predictions.npz,results/models/single-complete/gplfr/config.json
single-complete,standard,gplfr,acc,u,0.7452389266755846,results/models/single-complete/gplfr/metrics_standard.json,results/models/single-complete/gplfr/predictions.npz,results/models/single-complete/gplfr/config.json
single-complete,standard,gplfr,acc,v,0.7048215932316251,results/models/single-complete/gplfr/metrics_standard.json,results/models/single-complete/gplfr/predictions.npz,results/models/single-complete/gplfr/config.json
single-complete,standard,gplfr,acc,asr,0.9961776733398438,results/models/single-complete/gplfr/metrics_standard.json,results/models/single-complete/gplfr/predictions.npz,results/models/single-complete/gplfr/config.json
single-complete,standard,gplfr,acc,olr,0.9127888083457947,results/models/single-complete/gplfr/metrics_standard.json,results/models/single-complete/gplfr/predictions.npz,results/models/single-complete/gplfr/config.json
single-complete,standard,gplfr,ramse,surface_temperature,9.594372749328613,results/models/single-complete/gplfr/metrics_standard.json,results/models/single-complete/gplfr/predictions.npz,results/models/single-complete/gplfr/config.json
single-complete,standard,gplfr,ramse,temperature,8.437607924143473,results/models/single-complete/gplfr/metrics_standard.json,results/models/single-complete/gplfr/predictions.npz,results/models/single-complete/gplfr/config.json
single-complete,standard,gplfr,ramse,specific_humidity_dex,0.46535514129532707,results/models/single-complete/gplfr/metrics_standard.json,results/models/single-complete/gplfr/predictions.npz,results/models/single-complete/gplfr/config.json
single-complete,standard,gplfr,ramse,cloud_fraction,0.08704078073302905,results/models/single-complete/gplfr/metrics_standard.json,results/models/single-complete/gplfr/predictions.npz,results/models/single-complete/gplfr/config.json
single-complete,standard,gplfr,ramse,u,8.807134972678291,results/models/single-complete/gplfr/metrics_standard.json,results/models/single-complete/gplfr/predictions.npz,results/models/single-complete/gplfr/config.json
single-complete,standard,gplfr,ramse,v,4.177716573079427,results/models/single-complete/gplfr/metrics_standard.json,results/models/single-complete/gplfr/predictions.npz,results/models/single-complete/gplfr/config.json
single-complete,standard,gplfr,ramse,asr,26.40918731689453,results/models/single-complete/gplfr/metrics_standard.json,results/models/single-complete/gplfr/predictions.npz,results/models/single-complete/gplfr/config.json
single-complete,standard,gplfr,ramse,olr,17.304847717285156,results/models/single-complete/gplfr/metrics_standard.json,results/models/single-complete/gplfr/predictions.npz,results/models/single-complete/gplfr/config.json
single-complete,standard,gplfr,energy_score,surface_temperature,7.592059135437012,results/models/single-complete/gplfr/metrics_standard.json,results/models/single-complete/gplfr/predictions.npz,results/models/single-complete/gplfr/config.json
single-complete,standard,gplfr,energy_score,temperature,6.465912077162001,results/models/single-complete/gplfr/metrics_standard.json,results/models/single-complete/gplfr/predictions.npz,results/models/single-complete/gplfr/config.json
single-complete,standard,gplfr,energy_score,specific_humidity_dex,0.35509108669228023,results/models/single-complete/gplfr/metrics_standard.json,results/models/single-complete/gplfr/predictions.npz,results/models/single-complete/gplfr/config.json
single-complete,standard,gplfr,energy_score,cloud_fraction,0.05631093680858612,results/models/single-complete/gplfr/metrics_standard.json,results/models/single-complete/gplfr/predictions.npz,results/models/single-complete/gplfr/config.json
single-complete,standard,gplfr,energy_score,u,5.869046131769816,results/models/single-complete/gplfr/metrics_standard.json,results/models/single-complete/gplfr/predictions.npz,results/models/single-complete/gplfr/config.json
single-complete,standard,gplfr,energy_score,v,2.745077888170878,results/models/single-complete/gplfr/metrics_standard.json,results/models/single-complete/gplfr/predictions.npz,results/models/single-complete/gplfr/config.json
single-complete,standard,gplfr,energy_score,asr,19.655611038208008,results/models/single-complete/gplfr/metrics_standard.json,results/models/single-complete/gplfr/predictions.npz,results/models/single-complete/gplfr/config.json
single-complete,standard,gplfr,energy_score,olr,12.904600143432617,results/models/single-complete/gplfr/metrics_standard.json,results/models/single-complete/gplfr/predictions.npz,results/models/single-complete/gplfr/config.json
single-complete,standard,gplfr,spread_skill_ratio,surface_temperature,0.915000319480896,results/models/single-complete/gplfr/metrics_standard.json,results/models/single-complete/gplfr/predictions.npz,results/models/single-complete/gplfr/config.json
single-complete,standard,gplfr,spread_skill_ratio,temperature,0.9358282619052463,results/models/single-complete/gplfr/metrics_standard.json,results/models/single-complete/gplfr/predictions.npz,results/models/single-complete/gplfr/config.json
single-complete,standard,gplfr,spread_skill_ratio,specific_humidity_dex,0.871542235215505,results/models/single-complete/gplfr/metrics_standard.json,results/models/single-complete/gplfr/predictions.npz,results/models/single-complete/gplfr/config.json
single-complete,standard,gplfr,spread_skill_ratio,cloud_fraction,0.9459002415339152,results/models/single-complete/gplfr/metrics_standard.json,results/models/single-complete/gplfr/predictions.npz,results/models/single-complete/gplfr/config.json
single-complete,standard,gplfr,spread_skill_ratio,u,0.792487363020579,results/models/single-complete/gplfr/metrics_standard.json,results/models/single-complete/gplfr/predictions.npz,results/models/single-complete/gplfr/config.json
single-complete,standard,gplfr,spread_skill_ratio,v,0.740419844786326,results/models/single-complete/gplfr/metrics_standard.json,results/models/single-complete/gplfr/predictions.npz,results/models/single-complete/gplfr/config.json
single-complete,standard,gplfr,spread_skill_ratio,asr,0.6980881094932556,results/models/single-complete/gplfr/metrics_standard.json,results/models/single-complete/gplfr/predictions.npz,results/models/single-complete/gplfr/config.json
single-complete,standard,gplfr,spread_skill_ratio,olr,0.9966283440589905,results/models/single-complete/gplfr/metrics_standard.json,results/models/single-complete/gplfr/predictions.npz,results/models/single-complete/gplfr/config.json
single-complete,standard,knn,rmse,surface_temperature,14.04312515258789,results/models/single-complete/knn/metrics_standard.json,results/models/single-complete/knn/predictions.npz,results/models/single-complete/knn/config.json
single-complete,standard,knn,rmse,temperature,11.710764249165853,results/models/single-complete/knn/metrics_standard.json,results/models/single-complete/knn/predictions.npz,results/models/single-complete/knn/config.json
single-complete,standard,knn,rmse,specific_humidity_dex,0.5827789637777541,results/models/single-complete/knn/metrics_standard.json,results/models/single-complete/knn/predictions.npz,results/models/single-complete/knn/config.json
single-complete,standard,knn,rmse,cloud_fraction,0.09021416554848354,results/models/single-complete/knn/metrics_standard.json,results/models/single-complete/knn/predictions.npz,results/models/single-complete/knn/config.json
single-complete,standard,knn,rmse,u,8.528238217035929,results/models/single-complete/knn/metrics_standard.json,results/models/single-complete/knn/predictions.npz,results/models/single-complete/knn/config.json
single-complete,standard,knn,rmse,v,3.824903276231554,results/models/single-complete/knn/metrics_standard.json,results/models/single-complete/knn/predictions.npz,results/models/single-complete/knn/config.json
single-complete,standard,knn,rmse,asr,28.64497947692871,results/models/single-complete/knn/metrics_standard.json,results/models/single-complete/knn/predictions.npz,results/models/single-complete/knn/config.json
single-complete,standard,knn,rmse,olr,20.43890953063965,results/models/single-complete/knn/metrics_standard.json,results/models/single-complete/knn/predictions.npz,results/models/single-complete/knn/config.json
single-complete,standard,knn,acc,surface_temperature,0.9732130765914917,results/models/single-complete/knn/metrics_standard.json,results/models/single-complete/knn/predictions.npz,results/models/single-complete/knn/config.json
single-complete,standard,knn,acc,temperature,0.6853954229089949,results/models/single-complete/knn/metrics_standard.json,results/models/single-complete/knn/predictions.npz,results/models/single-complete/knn/config.json
single-complete,standard,knn,acc,specific_humidity_dex,0.8322146038214365,results/models/single-complete/knn/metrics_standard.json,results/models/single-complete/knn/predictions.npz,results/models/single-complete/knn/config.json
single-complete,standard,knn,acc,cloud_fraction,0.7063587175475227,results/models/single-complete/knn/metrics_standard.json,results/models/single-complete/knn/predictions.npz,results/models/single-complete/knn/config.json
single-complete,standard,knn,acc,u,0.7170114616552988,results/models/single-complete/knn/metrics_standard.json,results/models/single-complete/knn/predictions.npz,results/models/single-complete/knn/config.json
single-complete,standard,knn,acc,v,0.7057262659072876,results/models/single-complete/knn/metrics_standard.json,results/models/single-complete/knn/predictions.npz,results/models/single-complete/knn/config.json
single-complete,standard,knn,acc,asr,0.9951589703559875,results/models/single-complete/knn/metrics_standard.json,results/models/single-complete/knn/predictions.npz,results/models/single-complete/knn/config.json
single-complete,standard,knn,acc,olr,0.8821882009506226,results/models/single-complete/knn/metrics_standard.json,results/models/single-complete/knn/predictions.npz,results/models/single-complete/knn/config.json
single-complete,standard,knn,ramse,surface_temperature,14.254867553710938,results/models/single-complete/knn/metrics_standard.json,results/models/single-complete/knn/predictions.npz,results/models/single-complete/knn/config.json
single-complete,standard,knn,ramse,temperature,12.054718653361002,results/models/single-complete/knn/metrics_standard.json,results/models/single-complete/knn/predictions.npz,results/models/single-complete/knn/config.json
single-complete,standard,knn,ramse,specific_humidity_dex,0.5972071058220334,results/models/single-complete/knn/metrics_standard.json,results/models/single-complete/knn/predictions.npz,results/models/single-complete/knn/config.json
single-complete,standard,knn,ramse,cloud_fraction,0.10622818312711185,results/models/single-complete/knn/metrics_standard.json,results/models/single-complete/knn/predictions.npz,results/models/single-complete/knn/config.json
single-complete,standard,knn,ramse,u,10.268812974294027,results/models/single-complete/knn/metrics_standard.json,results/models/single-complete/knn/predictions.npz,results/models/single-complete/knn/config.json
single-complete,standard,knn,ramse,v,4.60454257329305,results/models/single-complete/knn/metrics_standard.json,results/models/single-complete/knn/predictions.npz,results/models/single-complete/knn/config.json
single-complete,standard,knn,ramse,asr,30.263978958129883,results/models/single-complete/knn/metrics_standard.json,results/models/single-complete/knn/predictions.npz,results/models/single-complete/knn/config.json
single-complete,standard,knn,ramse,olr,21.830724716186523,results/models/single-complete/knn/metrics_standard.json,results/models/single-complete/knn/predictions.npz,results/models/single-complete/knn/config.json
single-complete,standard,pca_gbt,rmse,surface_temperature,11.4658784866333,results/models/single-complete/pca_gbt/metrics_standard.json,results/models/single-complete/pca_gbt/predictions.npz,results/models/single-complete/pca_gbt/config.json
single-complete,standard,pca_gbt,rmse,temperature,9.977639940049913,results/models/single-complete/pca_gbt/metrics_standard.json,results/models/single-complete/pca_gbt/predictions.npz,results/models/single-complete/pca_gbt/config.json
single-complete,standard,pca_gbt,rmse,specific_humidity_dex,0.5541372067398496,results/models/single-complete/pca_gbt/metrics_standard.json,results/models/single-complete/pca_gbt/predictions.npz,results/models/single-complete/pca_gbt/config.json
single-complete,standard,pca_gbt,rmse,cloud_fraction,0.08617211505770683,results/models/single-complete/pca_gbt/metrics_standard.json,results/models/single-complete/pca_gbt/predictions.npz,results/models/single-complete/pca_gbt/config.json
single-complete,standard,pca_gbt,rmse,u,8.538093169530233,results/models/single-complete/pca_gbt/metrics_standard.json,results/models/single-complete/pca_gbt/predictions.npz,results/models/single-complete/pca_gbt/config.json
single-complete,standard,pca_gbt,rmse,v,3.940374904208713,results/models/single-complete/pca_gbt/metrics_standard.json,results/models/single-complete/pca_gbt/predictions.npz,results/models/single-complete/pca_gbt/config.json
single-complete,standard,pca_gbt,rmse,asr,28.376392364501953,results/models/single-complete/pca_gbt/metrics_standard.json,results/models/single-complete/pca_gbt/predictions.npz,results/models/single-complete/pca_gbt/config.json
single-complete,standard,pca_gbt,rmse,olr,19.93459701538086,results/models/single-complete/pca_gbt/metrics_standard.json,results/models/single-complete/pca_gbt/predictions.npz,results/models/single-complete/pca_gbt/config.json
single-complete,standard,pca_gbt,acc,surface_temperature,0.9729262590408325,results/models/single-complete/pca_gbt/metrics_standard.json,results/models/single-complete/pca_gbt/predictions.npz,results/models/single-complete/pca_gbt/config.json
single-complete,standard,pca_gbt,acc,temperature,0.6132861028114954,results/models/single-complete/pca_gbt/metrics_standard.json,results/models/single-complete/pca_gbt/predictions.npz,results/models/single-complete/pca_gbt/config.json
single-complete,standard,pca_gbt,acc,specific_humidity_dex,0.8229340579774644,results/models/single-complete/pca_gbt/metrics_standard.json,results/models/single-complete/pca_gbt/predictions.npz,results/models/single-complete/pca_gbt/config.json
single-complete,standard,pca_gbt,acc,cloud_fraction,0.7201280560758379,results/models/single-complete/pca_gbt/metrics_standard.json,results/models/single-complete/pca_gbt/predictions.npz,results/models/single-complete/pca_gbt/config.json
single-complete,standard,pca_gbt,acc,u,0.6723361909389496,results/models/single-complete/pca_gbt/metrics_standard.json,results/models/single-complete/pca_gbt/predictions.npz,results/models/single-complete/pca_gbt/config.json
single-complete,standard,pca_gbt,acc,v,0.6649621029694875,results/models/single-complete/pca_gbt/metrics_standard.json,results/models/single-complete/pca_gbt/predictions.npz,results/models/single-complete/pca_gbt/config.json
single-complete,standard,pca_gbt,acc,asr,0.9955487847328186,results/models/single-complete/pca_gbt/metrics_standard.json,results/models/single-complete/pca_gbt/predictions.npz,results/models/single-complete/pca_gbt/config.json
single-complete,standard,pca_gbt,acc,olr,0.8738917708396912,results/models/single-complete/pca_gbt/metrics_standard.json,results/models/single-complete/pca_gbt/predictions.npz,results/models/single-complete/pca_gbt/config.json
single-complete,standard,pca_gbt,ramse,surface_temperature,11.692965507507324,results/models/single-complete/pca_gbt/metrics_standard.json,results/models/single-complete/pca_gbt/predictions.npz,results/models/single-complete/pca_gbt/config.json
single-complete,standard,pca_gbt,ramse,temperature,10.302709579467773,results/models/single-complete/pca_gbt/metrics_standard.json,results/models/single-complete/pca_gbt/predictions.npz,results/models/single-complete/pca_gbt/config.json
single-complete,standard,pca_gbt,ramse,specific_humidity_dex,0.57068841987186,results/models/single-complete/pca_gbt/metrics_standard.json,results/models/single-complete/pca_gbt/predictions.npz,results/models/single-complete/pca_gbt/config.json
single-complete,standard,pca_gbt,ramse,cloud_fraction,0.10107913406358825,results/models/single-complete/pca_gbt/metrics_standard.json,results/models/single-complete/pca_gbt/predictions.npz,results/models/single-complete/pca_gbt/config.json
single-complete,standard,pca_gbt,ramse,u,10.276426421271431,results/models/single-complete/pca_gbt/metrics_standard.json,results/models/single-complete/pca_gbt/predictions.npz,results/models/single-complete/pca_gbt/config.json
single-complete,standard,pca_gbt,ramse,v,4.7451597054799395,results/models/single-complete/pca_gbt/metrics_standard.json,results/models/single-complete/pca_gbt/predictions.npz,results/models/single-complete/pca_gbt/config.json
single-complete,standard,pca_gbt,ramse,asr,29.813472747802734,results/models/single-complete/pca_gbt/metrics_standard.json,results/models/single-complete/pca_gbt/predictions.npz,results/models/single-complete/pca_gbt/config.json
single-complete,standard,pca_gbt,ramse,olr,21.404800415039062,results/models/single-complete/pca_gbt/metrics_standard.json,results/models/single-complete/pca_gbt/predictions.npz,results/models/single-complete/pca_gbt/config.json
single-complete,standard,pca_mlp,rmse,surface_temperature,11.300115585327148,results/models/single-complete/pca_mlp/metrics_standard.json,results/models/single-complete/pca_mlp/predictions.npz,results/models/single-complete/pca_mlp/config.json
single-complete,standard,pca_mlp,rmse,temperature,9.619733598497179,results/models/single-complete/pca_mlp/metrics_standard.json,results/models/single-complete/pca_mlp/predictions.npz,results/models/single-complete/pca_mlp/config.json
single-complete,standard,pca_mlp,rmse,specific_humidity_dex,0.5202442440721724,results/models/single-complete/pca_mlp/metrics_standard.json,results/models/single-complete/pca_mlp/predictions.npz,results/models/single-complete/pca_mlp/config.json
single-complete,standard,pca_mlp,rmse,cloud_fraction,0.09092462476756838,results/models/single-complete/pca_mlp/metrics_standard.json,results/models/single-complete/pca_mlp/predictions.npz,results/models/single-complete/pca_mlp/config.json
single-complete,standard,pca_mlp,rmse,u,9.24175018734402,results/models/single-complete/pca_mlp/metrics_standard.json,results/models/single-complete/pca_mlp/predictions.npz,results/models/single-complete/pca_mlp/config.json
single-complete,standard,pca_mlp,rmse,v,4.19413693745931,results/models/single-complete/pca_mlp/metrics_standard.json,results/models/single-complete/pca_mlp/predictions.npz,results/models/single-complete/pca_mlp/config.json
single-complete,standard,pca_mlp,rmse,asr,25.801958084106445,results/models/single-complete/pca_mlp/metrics_standard.json,results/models/single-complete/pca_mlp/predictions.npz,results/models/single-complete/pca_mlp/config.json
single-complete,standard,pca_mlp,rmse,olr,18.970905303955078,results/models/single-complete/pca_mlp/metrics_standard.json,results/models/single-complete/pca_mlp/predictions.npz,results/models/single-complete/pca_mlp/config.json
single-complete,standard,pca_mlp,acc,surface_temperature,0.9605016112327576,results/models/single-complete/pca_mlp/metrics_standard.json,results/models/single-complete/pca_mlp/predictions.npz,results/models/single-complete/pca_mlp/config.json
single-complete,standard,pca_mlp,acc,temperature,0.6304560701052347,results/models/single-complete/pca_mlp/metrics_standard.json,results/models/single-complete/pca_mlp/predictions.npz,results/models/single-complete/pca_mlp/config.json
single-complete,standard,pca_mlp,acc,specific_humidity_dex,0.803156316280365,results/models/single-complete/pca_mlp/metrics_standard.json,results/models/single-complete/pca_mlp/predictions.npz,results/models/single-complete/pca_mlp/config.json
single-complete,standard,pca_mlp,acc,cloud_fraction,0.6993328366014693,results/models/single-complete/pca_mlp/metrics_standard.json,results/models/single-complete/pca_mlp/predictions.npz,results/models/single-complete/pca_mlp/config.json
single-complete,standard,pca_mlp,acc,u,0.673099418481191,results/models/single-complete/pca_mlp/metrics_standard.json,results/models/single-complete/pca_mlp/predictions.npz,results/models/single-complete/pca_mlp/config.json
single-complete,standard,pca_mlp,acc,v,0.6355905599064298,results/models/single-complete/pca_mlp/metrics_standard.json,results/models/single-complete/pca_mlp/predictions.npz,results/models/single-complete/pca_mlp/config.json
single-complete,standard,pca_mlp,acc,asr,0.9955734014511108,results/models/single-complete/pca_mlp/metrics_standard.json,results/models/single-complete/pca_mlp/predictions.npz,results/models/single-complete/pca_mlp/config.json
single-complete,standard,pca_mlp,acc,olr,0.8486568927764893,results/models/single-complete/pca_mlp/metrics_standard.json,results/models/single-complete/pca_mlp/predictions.npz,results/models/single-complete/pca_mlp/config.json
single-complete,standard,pca_mlp,ramse,surface_temperature,11.588443756103516,results/models/single-complete/pca_mlp/metrics_standard.json,results/models/single-complete/pca_mlp/predictions.npz,results/models/single-complete/pca_mlp/config.json
single-complete,standard,pca_mlp,ramse,temperature,9.979507022433811,results/models/single-complete/pca_mlp/metrics_standard.json,results/models/single-complete/pca_mlp/predictions.npz,results/models/single-complete/pca_mlp/config.json
single-complete,standard,pca_mlp,ramse,specific_humidity_dex,0.5403288503487905,results/models/single-complete/pca_mlp/metrics_standard.json,results/models/single-complete/pca_mlp/predictions.npz,results/models/single-complete/pca_mlp/config.json
single-complete,standard,pca_mlp,ramse,cloud_fraction,0.10776176883114709,results/models/single-complete/pca_mlp/metrics_standard.json,results/models/single-complete/pca_mlp/predictions.npz,results/models/single-complete/pca_mlp/config.json
single-complete,standard,pca_mlp,ramse,u,11.244105948342217,results/models/single-complete/pca_mlp/metrics_standard.json,results/models/single-complete/pca_mlp/predictions.npz,results/models/single-complete/pca_mlp/config.json
single-complete,standard,pca_mlp,ramse,v,5.191182931264241,results/models/single-complete/pca_mlp/metrics_standard.json,results/models/single-complete/pca_mlp/predictions.npz,results/models/single-complete/pca_mlp/config.json
single-complete,standard,pca_mlp,ramse,asr,27.22455406188965,results/models/single-complete/pca_mlp/metrics_standard.json,results/models/single-complete/pca_mlp/predictions.npz,results/models/single-complete/pca_mlp/config.json
single-complete,standard,pca_mlp,ramse,olr,20.531875610351562,results/models/single-complete/pca_mlp/metrics_standard.json,results/models/single-complete/pca_mlp/predictions.npz,results/models/single-complete/pca_mlp/config.json
single-complete,standard,pca_ridge,rmse,surface_temperature,14.279396057128906,results/models/single-complete/pca_ridge/metrics_standard.json,results/models/single-complete/pca_ridge/predictions.npz,results/models/single-complete/pca_ridge/config.json
single-complete,standard,pca_ridge,rmse,temperature,12.77222294277615,results/models/single-complete/pca_ridge/metrics_standard.json,results/models/single-complete/pca_ridge/predictions.npz,results/models/single-complete/pca_ridge/config.json
single-complete,standard,pca_ridge,rmse,specific_humidity_dex,0.6795069906446669,results/models/single-complete/pca_ridge/metrics_standard.json,results/models/single-complete/pca_ridge/predictions.npz,results/models/single-complete/pca_ridge/config.json
single-complete,standard,pca_ridge,rmse,cloud_fraction,0.10155219667487675,results/models/single-complete/pca_ridge/metrics_standard.json,results/models/single-complete/pca_ridge/predictions.npz,results/models/single-complete/pca_ridge/config.json
single-complete,standard,pca_ridge,rmse,u,9.998713546329075,results/models/single-complete/pca_ridge/metrics_standard.json,results/models/single-complete/pca_ridge/predictions.npz,results/models/single-complete/pca_ridge/config.json
single-complete,standard,pca_ridge,rmse,v,4.511194811926948,results/models/single-complete/pca_ridge/metrics_standard.json,results/models/single-complete/pca_ridge/predictions.npz,results/models/single-complete/pca_ridge/config.json
single-complete,standard,pca_ridge,rmse,asr,33.75292205810547,results/models/single-complete/pca_ridge/metrics_standard.json,results/models/single-complete/pca_ridge/predictions.npz,results/models/single-complete/pca_ridge/config.json
single-complete,standard,pca_ridge,rmse,olr,24.504087448120117,results/models/single-complete/pca_ridge/metrics_standard.json,results/models/single-complete/pca_ridge/predictions.npz,results/models/single-complete/pca_ridge/config.json
single-complete,standard,pca_ridge,acc,surface_temperature,0.9685647487640381,results/models/single-complete/pca_ridge/metrics_standard.json,results/models/single-complete/pca_ridge/predictions.npz,results/models/single-complete/pca_ridge/config.json
single-complete,standard,pca_ridge,acc,temperature,0.5042430046531889,results/models/single-complete/pca_ridge/metrics_standard.json,results/models/single-complete/pca_ridge/predictions.npz,results/models/single-complete/pca_ridge/config.json
single-complete,standard,pca_ridge,acc,specific_humidity_dex,0.8065997064113617,results/models/single-complete/pca_ridge/metrics_standard.json,results/models/single-complete/pca_ridge/predictions.npz,results/models/single-complete/pca_ridge/config.json
single-complete,standard,pca_ridge,acc,cloud_fraction,0.687851263417138,results/models/single-complete/pca_ridge/metrics_standard.json,results/models/single-complete/pca_ridge/predictions.npz,results/models/single-complete/pca_ridge/config.json
single-complete,standard,pca_ridge,acc,u,0.6107804841465421,results/models/single-complete/pca_ridge/metrics_standard.json,results/models/single-complete/pca_ridge/predictions.npz,results/models/single-complete/pca_ridge/config.json
single-complete,standard,pca_ridge,acc,v,0.6166111595100827,results/models/single-complete/pca_ridge/metrics_standard.json,results/models/single-complete/pca_ridge/predictions.npz,results/models/single-complete/pca_ridge/config.json
single-complete,standard,pca_ridge,acc,asr,0.9953161478042603,results/models/single-complete/pca_ridge/metrics_standard.json,results/models/single-complete/pca_ridge/predictions.npz,results/models/single-complete/pca_ridge/config.json
single-complete,standard,pca_ridge,acc,olr,0.8572286367416382,results/models/single-complete/pca_ridge/metrics_standard.json,results/models/single-complete/pca_ridge/predictions.npz,results/models/single-complete/pca_ridge/config.json
single-complete,standard,pca_ridge,ramse,surface_temperature,14.561742782592773,results/models/single-complete/pca_ridge/metrics_standard.json,results/models/single-complete/pca_ridge/predictions.npz,results/models/single-complete/pca_ridge/config.json
single-complete,standard,pca_ridge,ramse,temperature,13.096717304653591,results/models/single-complete/pca_ridge/metrics_standard.json,results/models/single-complete/pca_ridge/predictions.npz,results/models/single-complete/pca_ridge/config.json
single-complete,standard,pca_ridge,ramse,specific_humidity_dex,0.7005722357167138,results/models/single-complete/pca_ridge/metrics_standard.json,results/models/single-complete/pca_ridge/predictions.npz,results/models/single-complete/pca_ridge/config.json
single-complete,standard,pca_ridge,ramse,cloud_fraction,0.1173690329823229,results/models/single-complete/pca_ridge/metrics_standard.json,results/models/single-complete/pca_ridge/predictions.npz,results/models/single-complete/pca_ridge/config.json
single-complete,standard,pca_ridge,ramse,u,11.926822185516357,results/models/single-complete/pca_ridge/metrics_standard.json,results/models/single-complete/pca_ridge/predictions.npz,results/models/single-complete/pca_ridge/config.json
single-complete,standard,pca_ridge,ramse,v,5.407617939843072,results/models/single-complete/pca_ridge/metrics_standard.json,results/models/single-complete/pca_ridge/predictions.npz,results/models/single-complete/pca_ridge/config.json
single-complete,standard,pca_ridge,ramse,asr,35.57540512084961,results/models/single-complete/pca_ridge/metrics_standard.json,results/models/single-complete/pca_ridge/predictions.npz,results/models/single-complete/pca_ridge/config.json
single-complete,standard,pca_ridge,ramse,olr,26.59710121154785,results/models/single-complete/pca_ridge/metrics_standard.json,results/models/single-complete/pca_ridge/predictions.npz,results/models/single-complete/pca_ridge/config.json
single-complete,standard,ppca_icm,rmse,surface_temperature,9.651847839355469,results/models/single-complete/ppca_icm/metrics_standard.json,results/models/single-complete/ppca_icm/predictions.npz,results/models/single-complete/ppca_icm/config.json
single-complete,standard,ppca_icm,rmse,temperature,8.324995623694527,results/models/single-complete/ppca_icm/metrics_standard.json,results/models/single-complete/ppca_icm/predictions.npz,results/models/single-complete/ppca_icm/config.json
single-complete,standard,ppca_icm,rmse,specific_humidity_dex,0.4553868505689833,results/models/single-complete/ppca_icm/metrics_standard.json,results/models/single-complete/ppca_icm/predictions.npz,results/models/single-complete/ppca_icm/config.json
single-complete,standard,ppca_icm,rmse,cloud_fraction,0.08158716311057408,results/models/single-complete/ppca_icm/metrics_standard.json,results/models/single-complete/ppca_icm/predictions.npz,results/models/single-complete/ppca_icm/config.json
single-complete,standard,ppca_icm,rmse,u,8.137599971559313,results/models/single-complete/ppca_icm/metrics_standard.json,results/models/single-complete/ppca_icm/predictions.npz,results/models/single-complete/ppca_icm/config.json
single-complete,standard,ppca_icm,rmse,v,3.9510104656219482,results/models/single-complete/ppca_icm/metrics_standard.json,results/models/single-complete/ppca_icm/predictions.npz,results/models/single-complete/ppca_icm/config.json
single-complete,standard,ppca_icm,rmse,asr,24.352121353149414,results/models/single-complete/ppca_icm/metrics_standard.json,results/models/single-complete/ppca_icm/predictions.npz,results/models/single-complete/ppca_icm/config.json
single-complete,standard,ppca_icm,rmse,olr,16.248525619506836,results/models/single-complete/ppca_icm/metrics_standard.json,results/models/single-complete/ppca_icm/predictions.npz,results/models/single-complete/ppca_icm/config.json
single-complete,standard,ppca_icm,acc,surface_temperature,0.9713794589042664,results/models/single-complete/ppca_icm/metrics_standard.json,results/models/single-complete/ppca_icm/predictions.npz,results/models/single-complete/ppca_icm/config.json
single-complete,standard,ppca_icm,acc,temperature,0.6797113418579102,results/models/single-complete/ppca_icm/metrics_standard.json,results/models/single-complete/ppca_icm/predictions.npz,results/models/single-complete/ppca_icm/config.json
single-complete,standard,ppca_icm,acc,specific_humidity_dex,0.8230681916077932,results/models/single-complete/ppca_icm/metrics_standard.json,results/models/single-complete/ppca_icm/predictions.npz,results/models/single-complete/ppca_icm/config.json
single-complete,standard,ppca_icm,acc,cloud_fraction,0.7236491805977292,results/models/single-complete/ppca_icm/metrics_standard.json,results/models/single-complete/ppca_icm/predictions.npz,results/models/single-complete/ppca_icm/config.json
single-complete,standard,ppca_icm,acc,u,0.70768560634719,results/models/single-complete/ppca_icm/metrics_standard.json,results/models/single-complete/ppca_icm/predictions.npz,results/models/single-complete/ppca_icm/config.json
single-complete,standard,ppca_icm,acc,v,0.6584757698906792,results/models/single-complete/ppca_icm/metrics_standard.json,results/models/single-complete/ppca_icm/predictions.npz,results/models/single-complete/ppca_icm/config.json
single-complete,standard,ppca_icm,acc,asr,0.9959836602210999,results/models/single-complete/ppca_icm/metrics_standard.json,results/models/single-complete/ppca_icm/predictions.npz,results/models/single-complete/ppca_icm/config.json
single-complete,standard,ppca_icm,acc,olr,0.8970769643783569,results/models/single-complete/ppca_icm/metrics_standard.json,results/models/single-complete/ppca_icm/predictions.npz,results/models/single-complete/ppca_icm/config.json
single-complete,standard,ppca_icm,ramse,surface_temperature,9.89216136932373,results/models/single-complete/ppca_icm/metrics_standard.json,results/models/single-complete/ppca_icm/predictions.npz,results/models/single-complete/ppca_icm/config.json
single-complete,standard,ppca_icm,ramse,temperature,8.678963979085287,results/models/single-complete/ppca_icm/metrics_standard.json,results/models/single-complete/ppca_icm/predictions.npz,results/models/single-complete/ppca_icm/config.json
single-complete,standard,ppca_icm,ramse,specific_humidity_dex,0.4739853474828932,results/models/single-complete/ppca_icm/metrics_standard.json,results/models/single-complete/ppca_icm/predictions.npz,results/models/single-complete/ppca_icm/config.json
single-complete,standard,ppca_icm,ramse,cloud_fraction,0.09573252374927203,results/models/single-complete/ppca_icm/metrics_standard.json,results/models/single-complete/ppca_icm/predictions.npz,results/models/single-complete/ppca_icm/config.json
single-complete,standard,ppca_icm,ramse,u,9.816415362887913,results/models/single-complete/ppca_icm/metrics_standard.json,results/models/single-complete/ppca_icm/predictions.npz,results/models/single-complete/ppca_icm/config.json
single-complete,standard,ppca_icm,ramse,v,4.780603541268243,results/models/single-complete/ppca_icm/metrics_standard.json,results/models/single-complete/ppca_icm/predictions.npz,results/models/single-complete/ppca_icm/config.json
single-complete,standard,ppca_icm,ramse,asr,25.7325382232666,results/models/single-complete/ppca_icm/metrics_standard.json,results/models/single-complete/ppca_icm/predictions.npz,results/models/single-complete/ppca_icm/config.json
single-complete,standard,ppca_icm,ramse,olr,17.27483558654785,results/models/single-complete/ppca_icm/metrics_standard.json,results/models/single-complete/ppca_icm/predictions.npz,results/models/single-complete/ppca_icm/config.json
single-complete,standard,ppca_icm,energy_score,surface_temperature,8.318334579467773,results/models/single-complete/ppca_icm/metrics_standard.json,results/models/single-complete/ppca_icm/predictions.npz,results/models/single-complete/ppca_icm/config.json
single-complete,standard,ppca_icm,energy_score,temperature,7.19193008210924,results/models/single-complete/ppca_icm/metrics_standard.json,results/models/single-complete/ppca_icm/predictions.npz,results/models/single-complete/ppca_icm/config.json
single-complete,standard,ppca_icm,energy_score,specific_humidity_dex,0.3978393077850342,results/models/single-complete/ppca_icm/metrics_standard.json,results/models/single-complete/ppca_icm/predictions.npz,results/models/single-complete/ppca_icm/config.json
single-complete,standard,ppca_icm,energy_score,cloud_fraction,0.07251745917730862,results/models/single-complete/ppca_icm/metrics_standard.json,results/models/single-complete/ppca_icm/predictions.npz,results/models/single-complete/ppca_icm/config.json
single-complete,standard,ppca_icm,energy_score,u,7.296938790215386,results/models/single-complete/ppca_icm/metrics_standard.json,results/models/single-complete/ppca_icm/predictions.npz,results/models/single-complete/ppca_icm/config.json
single-complete,standard,ppca_icm,energy_score,v,3.591371708446079,results/models/single-complete/ppca_icm/metrics_standard.json,results/models/single-complete/ppca_icm/predictions.npz,results/models/single-complete/ppca_icm/config.json
single-complete,standard,ppca_icm,energy_score,asr,21.9295711517334,results/models/single-complete/ppca_icm/metrics_standard.json,results/models/single-complete/ppca_icm/predictions.npz,results/models/single-complete/ppca_icm/config.json
single-complete,standard,ppca_icm,energy_score,olr,14.25825309753418,results/models/single-complete/ppca_icm/metrics_standard.json,results/models/single-complete/ppca_icm/predictions.npz,results/models/single-complete/ppca_icm/config.json
single-complete,standard,ppca_icm,spread_skill_ratio,surface_temperature,0.26324352622032166,results/models/single-complete/ppca_icm/metrics_standard.json,results/models/single-complete/ppca_icm/predictions.npz,results/models/single-complete/ppca_icm/config.json
single-complete,standard,ppca_icm,spread_skill_ratio,temperature,0.24897818432913887,results/models/single-complete/ppca_icm/metrics_standard.json,results/models/single-complete/ppca_icm/predictions.npz,results/models/single-complete/ppca_icm/config.json
single-complete,standard,ppca_icm,spread_skill_ratio,specific_humidity_dex,0.22453803486294216,results/models/single-complete/ppca_icm/metrics_standard.json,results/models/single-complete/ppca_icm/predictions.npz,results/models/single-complete/ppca_icm/config.json
single-complete,standard,ppca_icm,spread_skill_ratio,cloud_fraction,0.1836104335056411,results/models/single-complete/ppca_icm/metrics_standard.json,results/models/single-complete/ppca_icm/predictions.npz,results/models/single-complete/ppca_icm/config.json
single-complete,standard,ppca_icm,spread_skill_ratio,u,0.17966072426901925,results/models/single-complete/ppca_icm/metrics_standard.json,results/models/single-complete/ppca_icm/predictions.npz,results/models/single-complete/ppca_icm/config.json
single-complete,standard,ppca_icm,spread_skill_ratio,v,0.15917996399932438,results/models/single-complete/ppca_icm/metrics_standard.json,results/models/single-complete/ppca_icm/predictions.npz,results/models/single-complete/ppca_icm/config.json
single-complete,standard,ppca_icm,spread_skill_ratio,asr,0.14345285296440125,results/models/single-complete/ppca_icm/metrics_standard.json,results/models/single-complete/ppca_icm/predictions.npz,results/models/single-complete/ppca_icm/config.json
single-complete,standard,ppca_icm,spread_skill_ratio,olr,0.20557476580142975,results/models/single-complete/ppca_icm/metrics_standard.json,results/models/single-complete/ppca_icm/predictions.npz,results/models/single-complete/ppca_icm/config.json
single-complete,standard,sfno,rmse,surface_temperature,9.681330680847168,results/models/single-complete/sfno/metrics_standard.json,results/models/single-complete/sfno/predictions.npz,results/models/single-complete/sfno/config.json
single-complete,standard,sfno,rmse,temperature,8.591274950239393,results/models/single-complete/sfno/metrics_standard.json,results/models/single-complete/sfno/predictions.npz,results/models/single-complete/sfno/config.json
single-complete,standard,sfno,rmse,specific_humidity_dex,0.45653459429740906,results/models/single-complete/sfno/metrics_standard.json,results/models/single-complete/sfno/predictions.npz,results/models/single-complete/sfno/config.json
single-complete,standard,sfno,rmse,cloud_fraction,0.08115270692441198,results/models/single-complete/sfno/metrics_standard.json,results/models/single-complete/sfno/predictions.npz,results/models/single-complete/sfno/config.json
single-complete,standard,sfno,rmse,u,8.212216748131645,results/models/single-complete/sfno/metrics_standard.json,results/models/single-complete/sfno/predictions.npz,results/models/single-complete/sfno/config.json
single-complete,standard,sfno,rmse,v,3.5862066083484225,results/models/single-complete/sfno/metrics_standard.json,results/models/single-complete/sfno/predictions.npz,results/models/single-complete/sfno/config.json
single-complete,standard,sfno,rmse,asr,29.742937088012695,results/models/single-complete/sfno/metrics_standard.json,results/models/single-complete/sfno/predictions.npz,results/models/single-complete/sfno/config.json
single-complete,standard,sfno,rmse,olr,16.574981689453125,results/models/single-complete/sfno/metrics_standard.json,results/models/single-complete/sfno/predictions.npz,results/models/single-complete/sfno/config.json
single-complete,standard,sfno,acc,surface_temperature,0.9727373123168945,results/models/single-complete/sfno/metrics_standard.json,results/models/single-complete/sfno/predictions.npz,results/models/single-complete/sfno/config.json
single-complete,standard,sfno,acc,temperature,0.6000283161799113,results/models/single-complete/sfno/metrics_standard.json,results/models/single-complete/sfno/predictions.npz,results/models/single-complete/sfno/config.json
single-complete,standard,sfno,acc,specific_humidity_dex,0.7993352015813192,results/models/single-complete/sfno/metrics_standard.json,results/models/single-complete/sfno/predictions.npz,results/models/single-complete/sfno/config.json
single-complete,standard,sfno,acc,cloud_fraction,0.7193402780426873,results/models/single-complete/sfno/metrics_standard.json,results/models/single-complete/sfno/predictions.npz,results/models/single-complete/sfno/config.json
single-complete,standard,sfno,acc,u,0.7124545176823934,results/models/single-complete/sfno/metrics_standard.json,results/models/single-complete/sfno/predictions.npz,results/models/single-complete/sfno/config.json
single-complete,standard,sfno,acc,v,0.6865108576085832,results/models/single-complete/sfno/metrics_standard.json,results/models/single-complete/sfno/predictions.npz,results/models/single-complete/sfno/config.json
single-complete,standard,sfno,acc,asr,0.9952703714370728,results/models/single-complete/sfno/metrics_standard.json,results/models/single-complete/sfno/predictions.npz,results/models/single-complete/sfno/config.json
single-complete,standard,sfno,acc,olr,0.8950147032737732,results/models/single-complete/sfno/metrics_standard.json,results/models/single-complete/sfno/predictions.npz,results/models/single-complete/sfno/config.json
single-complete,standard,sfno,ramse,surface_temperature,9.932828903198242,results/models/single-complete/sfno/metrics_standard.json,results/models/single-complete/sfno/predictions.npz,results/models/single-complete/sfno/config.json
single-complete,standard,sfno,ramse,temperature,9.03101004494561,results/models/single-complete/sfno/metrics_standard.json,results/models/single-complete/sfno/predictions.npz,results/models/single-complete/sfno/config.json
single-complete,standard,sfno,ramse,specific_humidity_dex,0.4741697410742442,results/models/single-complete/sfno/metrics_standard.json,results/models/single-complete/sfno/predictions.npz,results/models/single-complete/sfno/config.json
single-complete,standard,sfno,ramse,cloud_fraction,0.09461295108000438,results/models/single-complete/sfno/metrics_standard.json,results/models/single-complete/sfno/predictions.npz,results/models/single-complete/sfno/config.json
single-complete,standard,sfno,ramse,u,9.845186233520508,results/models/single-complete/sfno/metrics_standard.json,results/models/single-complete/sfno/predictions.npz,results/models/single-complete/sfno/config.json
single-complete,standard,sfno,ramse,v,4.308068911234538,results/models/single-complete/sfno/metrics_standard.json,results/models/single-complete/sfno/predictions.npz,results/models/single-complete/sfno/config.json
single-complete,standard,sfno,ramse,asr,31.33904457092285,results/models/single-complete/sfno/metrics_standard.json,results/models/single-complete/sfno/predictions.npz,results/models/single-complete/sfno/config.json
single-complete,standard,sfno,ramse,olr,17.592632293701172,results/models/single-complete/sfno/metrics_standard.json,results/models/single-complete/sfno/predictions.npz,results/models/single-complete/sfno/config.json
single-complete,standard,train_mean,rmse,surface_temperature,20.850534439086914,results/models/single-complete/train_mean/metrics_standard.json,results/models/single-complete/train_mean/predictions.npz,results/models/single-complete/train_mean/config.json
single-complete,standard,train_mean,rmse,temperature,18.7077448103163,results/models/single-complete/train_mean/metrics_standard.json,results/models/single-complete/train_mean/predictions.npz,results/models/single-complete/train_mean/config.json
single-complete,standard,train_mean,rmse,specific_humidity_dex,1.0668427016999986,results/models/single-complete/train_mean/metrics_standard.json,results/models/single-complete/train_mean/predictions.npz,results/models/single-complete/train_mean/config.json
single-complete,standard,train_mean,rmse,cloud_fraction,0.12874863793452582,results/models/single-complete/train_mean/metrics_standard.json,results/models/single-complete/train_mean/predictions.npz,results/models/single-complete/train_mean/config.json
single-complete,standard,train_mean,rmse,u,12.75072161356608,results/models/single-complete/train_mean/metrics_standard.json,results/models/single-complete/train_mean/predictions.npz,results/models/single-complete/train_mean/config.json
single-complete,standard,train_mean,rmse,v,5.162651697794597,results/models/single-complete/train_mean/metrics_standard.json,results/models/single-complete/train_mean/predictions.npz,results/models/single-complete/train_mean/config.json
single-complete,standard,train_mean,rmse,asr,45.58108139038086,results/models/single-complete/train_mean/metrics_standard.json,results/models/single-complete/train_mean/predictions.npz,results/models/single-complete/train_mean/config.json
single-complete,standard,train_mean,rmse,olr,33.69399642944336,results/models/single-complete/train_mean/metrics_standard.json,results/models/single-complete/train_mean/predictions.npz,results/models/single-complete/train_mean/config.json
single-complete,standard,train_mean,acc,surface_temperature,0.9546101689338684,results/models/single-complete/train_mean/metrics_standard.json,results/models/single-complete/train_mean/predictions.npz,results/models/single-complete/train_mean/config.json
single-complete,standard,train_mean,acc,temperature,0.4477992016408179,results/models/single-complete/train_mean/metrics_standard.json,results/models/single-complete/train_mean/predictions.npz,results/models/single-complete/train_mean/config.json
single-complete,standard,train_mean,acc,specific_humidity_dex,0.7380081415176392,results/models/single-complete/train_mean/metrics_standard.json,results/models/single-complete/train_mean/predictions.npz,results/models/single-complete/train_mean/config.json
single-complete,standard,train_mean,acc,cloud_fraction,0.5985079308350881,results/models/single-complete/train_mean/metrics_standard.json,results/models/single-complete/train_mean/predictions.npz,results/models/single-complete/train_mean/config.json
single-complete,standard,train_mean,acc,u,0.509667843580246,results/models/single-complete/train_mean/metrics_standard.json,results/models/single-complete/train_mean/predictions.npz,results/models/single-complete/train_mean/config.json
single-complete,standard,train_mean,acc,v,0.5658214655187395,results/models/single-complete/train_mean/metrics_standard.json,results/models/single-complete/train_mean/predictions.npz,results/models/single-complete/train_mean/config.json
single-complete,standard,train_mean,acc,asr,0.9934860467910767,results/models/single-complete/train_mean/metrics_standard.json,results/models/single-complete/train_mean/predictions.npz,results/models/single-complete/train_mean/config.json
single-complete,standard,train_mean,acc,olr,0.7969720959663391,results/models/single-complete/train_mean/metrics_standard.json,results/models/single-complete/train_mean/predictions.npz,results/models/single-complete/train_mean/config.json
single-complete,standard,train_mean,ramse,surface_temperature,21.243040084838867,results/models/single-complete/train_mean/metrics_standard.json,results/models/single-complete/train_mean/predictions.npz,results/models/single-complete/train_mean/config.json
single-complete,standard,train_mean,ramse,temperature,19.074367311265732,results/models/single-complete/train_mean/metrics_standard.json,results/models/single-complete/train_mean/predictions.npz,results/models/single-complete/train_mean/config.json
single-complete,standard,train_mean,ramse,specific_humidity_dex,1.0929696692360773,results/models/single-complete/train_mean/metrics_standard.json,results/models/single-complete/train_mean/predictions.npz,results/models/single-complete/train_mean/config.json
single-complete,standard,train_mean,ramse,cloud_fraction,0.15060431179073122,results/models/single-complete/train_mean/metrics_standard.json,results/models/single-complete/train_mean/predictions.npz,results/models/single-complete/train_mean/config.json
single-complete,standard,train_mean,ramse,u,15.161193423800999,results/models/single-complete/train_mean/metrics_standard.json,results/models/single-complete/train_mean/predictions.npz,results/models/single-complete/train_mean/config.json
single-complete,standard,train_mean,ramse,v,6.286973635355632,results/models/single-complete/train_mean/metrics_standard.json,results/models/single-complete/train_mean/predictions.npz,results/models/single-complete/train_mean/config.json
single-complete,standard,train_mean,ramse,asr,47.5575065612793,results/models/single-complete/train_mean/metrics_standard.json,results/models/single-complete/train_mean/predictions.npz,results/models/single-complete/train_mean/config.json
single-complete,standard,train_mean,ramse,olr,36.755428314208984,results/models/single-complete/train_mean/metrics_standard.json,results/models/single-complete/train_mean/predictions.npz,results/models/single-complete/train_mean/config.json
